sequence_id,time_step,current_frequency_mhz,next_frequency_mhz
0,0,2474.7956445899954,2476.6717725795115
0,1,2476.6717725795115,2479.0231843704896
0,2,2479.0231843704896,2474.145596398855
0,3,2474.145596398855,2470.890147631699
0,4,2470.890147631699,2471.2097486396174
0,5,2471.2097486396174,2470.4191421587584
0,6,2470.4191421587584,2470.377139264998
0,7,2470.377139264998,2468.244529446064
0,8,2468.244529446064,2470.443024383221
0,9,2470.443024383221,2472.3875042217937
0,10,2472.3875042217937,2472.552580965697
0,11,2472.552580965697,2475.370683983117
0,12,2475.370683983117,2476.539457338747
0,13,2476.539457338747,2474.391226181539
0,14,2474.391226181539,2475.313103141745
0,15,2475.313103141745,2472.9158966396726
0,16,2472.9158966396726,2475.1120223929406
0,17,2475.1120223929406,2474.987207615475
0,18,2474.987207615475,2474.525051706612
0,19,2474.525051706612,2472.822727845602
0,20,2472.822727845602,2475.8790811922872
0,21,2475.8790811922872,2475.4927574871153
0,22,2475.4927574871153,2474.4219379317074
0,23,2474.4219379317074,2473.541604055487
0,24,2473.541604055487,2474.87237701937
0,25,2474.87237701937,2475.7859871802802
0,26,2475.7859871802802,2476.8178187092703
0,27,2476.8178187092703,2477.89487121679
0,28,2477.89487121679,2483.248990218966
0,29,2483.248990218966,2482.2329526780045
0,30,2482.2329526780045,2480.952345855326
0,31,2480.952345855326,2478.917914034706
0,32,2478.917914034706,2480.457862591145
0,33,2480.457862591145,2483.2802933229473
0,34,2483.2802933229473,2482.99542467881
0,35,2482.99542467881,2480.895033486404
0,36,2480.895033486404,2478.833830447176
0,37,2478.833830447176,2480.4603124167375
0,38,2480.4603124167375,2482.318447844746
0,39,2482.318447844746,2483.676333515509
0,40,2483.676333515509,2482.0125592472873
0,41,2482.0125592472873,2482.5929625549543
0,42,2482.5929625549543,2482.884677077806
0,43,2482.884677077806,2483.4313985696285
0,44,2483.4313985696285,2485.609970514499
0,45,2485.609970514499,2486.1689593864357
0,46,2486.1689593864357,2487.8662432941155
0,47,2487.8662432941155,2488.035190967838
0,48,2488.035190967838,2488.757989464563
0,49,2488.757989464563,2490.3362100291592
0,50,2490.3362100291592,2486.69332047952
0,51,2486.69332047952,2485.8941424386267
0,52,2485.8941424386267,2484.7182108028946
0,53,2484.7182108028946,2483.1210161822864
0,54,2483.1210161822864,2482.4331605542197
0,55,2482.4331605542197,2486.170513832306
0,56,2486.170513832306,2484.005936043073
0,57,2484.005936043073,2486.4266319295516
0,58,2486.4266319295516,2482.219457500512
0,59,2482.219457500512,2481.3822449255476
0,60,2481.3822449255476,2481.7891275883103
0,61,2481.7891275883103,2483.2546834167083
0,62,2483.2546834167083,2485.0327498661904
0,63,2485.0327498661904,2487.01611795419
0,64,2487.01611795419,2486.144305273569
0,65,2486.144305273569,2484.9884257919075
0,66,2484.9884257919075,2487.1333654950504
0,67,2487.1333654950504,2486.6551046828463
0,68,2486.6551046828463,2483.4658888745016
0,69,2483.4658888745016,2480.632670839493
0,70,2480.632670839493,2478.334040124489
0,71,2478.334040124489,2479.5769419846233
0,72,2479.5769419846233,2479.9330063248
0,73,2479.9330063248,2481.6592197099694
0,74,2481.6592197099694,2480.5910880941283
0,75,2480.5910880941283,2480.98743732182
0,76,2480.98743732182,2482.551413306738
0,77,2482.551413306738,2481.7780469574377
0,78,2481.7780469574377,2482.9199850513314
0,79,2482.9199850513314,2481.2651701986647
0,80,2481.2651701986647,2480.357535582252
0,81,2480.357535582252,2479.403190847256
0,82,2479.403190847256,2476.4135917332837
0,83,2476.4135917332837,2477.6310229352475
0,84,2477.6310229352475,2476.4575170847406
0,85,2476.4575170847406,2476.48875238156
0,86,2476.48875238156,2477.690619028825
0,87,2477.690619028825,2478.8069469689
0,88,2478.8069469689,2480.470409741332
0,89,2480.470409741332,2480.2241960300585
0,90,2480.2241960300585,2479.165950249948
0,91,2479.165950249948,2478.966654722682
0,92,2478.966654722682,2474.748318637787
0,93,2474.748318637787,2471.1305374567296
0,94,2471.1305374567296,2467.8237884258438
0,95,2467.8237884258438,2465.33067135684
0,96,2465.33067135684,2466.3301069236486
0,97,2466.3301069236486,2464.0664092852485
0,98,2464.0664092852485,2463.12100290015
1,0,2496.0269778071192,2497.870766728287
1,1,2497.870766728287,2495.536722528262
1,2,2495.536722528262,2495.023128633593
1,3,2495.023128633593,2492.6480734963166
1,4,2492.6480734963166,2491.800490806565
1,5,2491.800490806565,2493.9012611502085
1,6,2493.9012611502085,2489.5829600922275
1,7,2489.5829600922275,2490.669019201092
1,8,2490.669019201092,2491.2633582069225
1,9,2491.2633582069225,2489.7779833176805
1,10,2489.7779833176805,2486.162838681709
1,11,2486.162838681709,2486.343162450994
1,12,2486.343162450994,2485.0194306783346
1,13,2485.0194306783346,2485.6011212067215
1,14,2485.6011212067215,2485.65575157053
1,15,2485.65575157053,2489.660198798832
1,16,2489.660198798832,2489.0618097301494
1,17,2489.0618097301494,2486.5030659985946
1,18,2486.5030659985946,2486.9512550859854
1,19,2486.9512550859854,2487.501246795915
1,20,2487.501246795915,2490.8992157340163
1,21,2490.8992157340163,2492.9869938488027
1,22,2492.9869938488027,2493.8791714966765
1,23,2493.8791714966765,2497.5374287247255
1,24,2497.5374287247255,2494.5655210889186
1,25,2494.5655210889186,2492.9661422570443
1,26,2492.9661422570443,2490.6497024035307
1,27,2490.6497024035307,2489.6751778956414
1,28,2489.6751778956414,2486.2334625267504
1,29,2486.2334625267504,2487.8213398937864
1,30,2487.8213398937864,2487.2657831510396
1,31,2487.2657831510396,2483.588767414783
1,32,2483.588767414783,2481.049819711764
1,33,2481.049819711764,2481.8336043303893
1,34,2481.8336043303893,2483.928920750125
1,35,2483.928920750125,2488.9207479793545
1,36,2488.9207479793545,2496.205404144373
1,37,2496.205404144373,2497.241427727563
1,38,2497.241427727563,2494.7675824274834
1,39,2494.7675824274834,2489.437466725655
1,40,2489.437466725655,2490.106745381515
1,41,2490.106745381515,2488.074392643239
1,42,2488.074392643239,2487.03599949279
1,43,2487.03599949279,2485.50575749514
1,44,2485.50575749514,2485.153780279099
1,45,2485.153780279099,2487.818730856068
1,46,2487.818730856068,2488.2113522746818
1,47,2488.2113522746818,2487.814765182085
1,48,2487.814765182085,2485.2256308000206
1,49,2485.2256308000206,2481.0389234382596
1,50,2481.0389234382596,2479.8231536655762
1,51,2479.8231536655762,2479.6886972885304
1,52,2479.6886972885304,2484.10852207248
1,53,2484.10852207248,2484.434208376162
1,54,2484.434208376162,2486.89105715372
1,55,2486.89105715372,2485.642818157372
1,56,2485.642818157372,2482.6804587413294
1,57,2482.6804587413294,2480.2676668357485
1,58,2480.2676668357485,2478.4546016744093
1,59,2478.4546016744093,2483.7757760054974
1,60,2483.7757760054974,2481.7223093074363
1,61,2481.7223093074363,2483.8185323167772
1,62,2483.8185323167772,2481.56121437156
1,63,2481.56121437156,2483.8901469037455
1,64,2483.8901469037455,2484.85252431901
1,65,2484.85252431901,2484.460929574865
1,66,2484.460929574865,2484.3590232595266
1,67,2484.3590232595266,2482.7220540209532
1,68,2482.7220540209532,2483.8372345246585
1,69,2483.8372345246585,2482.6997758238067
1,70,2482.6997758238067,2479.6357614143885
1,71,2479.6357614143885,2476.4409174785897
1,72,2476.4409174785897,2476.872387272895
1,73,2476.872387272895,2480.820115413921
1,74,2480.820115413921,2481.2200944478545
1,75,2481.2200944478545,2480.92349863258
1,76,2480.92349863258,2481.6380639815866
1,77,2481.6380639815866,2484.9030683358537
1,78,2484.9030683358537,2485.4515245892635
1,79,2485.4515245892635,2484.4242065121794
1,80,2484.4242065121794,2487.189928287329
1,81,2487.189928287329,2488.2618193834833
1,82,2488.2618193834833,2492.101209363473
1,83,2492.101209363473,2492.5592954565277
1,84,2492.5592954565277,2489.4981228772263
1,85,2489.4981228772263,2486.077724879112
1,86,2486.077724879112,2490.20504470969
1,87,2490.20504470969,2494.5142090116483
1,88,2494.5142090116483,2494.065410978442
1,89,2494.065410978442,2493.1074426756018
1,90,2493.1074426756018,2496.7610534062073
1,91,2496.7610534062073,2493.9934392010987
1,92,2493.9934392010987,2491.7566216537093
1,93,2491.7566216537093,2493.364938640432
1,94,2493.364938640432,2492.378425833283
1,95,2492.378425833283,2492.365621166483
1,96,2492.365621166483,2491.9570139201714
1,97,2491.9570139201714,2492.8009502921686
1,98,2492.8009502921686,2496.319654945453
2,0,2414.7920687618443,2409.6666385092667
2,1,2409.6666385092667,2409.5448425044415
2,2,2409.5448425044415,2407.436766828709
2,3,2407.436766828709,2404.38973417765
2,4,2404.38973417765,2402.194353260328
2,5,2402.194353260328,2401.3590446585763
2,6,2401.3590446585763,2403.6488010144662
2,7,2403.6488010144662,2400.3328192201175
2,8,2400.3328192201175,2400.4093979516033
2,9,2400.4093979516033,2400.0
2,10,2400.0,2400.0
2,11,2400.0,2402.5068945632615
2,12,2402.5068945632615,2403.8521831557714
2,13,2403.8521831557714,2407.1956784243785
2,14,2407.1956784243785,2406.809414226254
2,15,2406.809414226254,2405.069557697077
2,16,2405.069557697077,2404.509910654876
2,17,2404.509910654876,2405.116152633054
2,18,2405.116152633054,2405.5575860291883
2,19,2405.5575860291883,2402.846615848605
2,20,2402.846615848605,2403.0728403026746
2,21,2403.0728403026746,2403.643411128022
2,22,2403.643411128022,2409.937096221857
2,23,2409.937096221857,2414.629207750061
2,24,2414.629207750061,2412.496099373664
2,25,2412.496099373664,2411.7776409697913
2,26,2411.7776409697913,2408.1190359651987
2,27,2408.1190359651987,2406.64226843029
2,28,2406.64226843029,2407.431280939266
2,29,2407.431280939266,2410.4459149914865
2,30,2410.4459149914865,2408.6232053971275
2,31,2408.6232053971275,2406.987839296958
2,32,2406.987839296958,2401.6196167226117
2,33,2401.6196167226117,2401.2129519212494
2,34,2401.2129519212494,2400.0
2,35,2400.0,2400.0
2,36,2400.0,2400.0
2,37,2400.0,2400.0
2,38,2400.0,2400.0
2,39,2400.0,2400.0
2,40,2400.0,2405.323117780071
2,41,2405.323117780071,2402.1045613268857
2,42,2402.1045613268857,2400.0
2,43,2400.0,2404.5922838208035
2,44,2404.5922838208035,2411.8549517439046
2,45,2411.8549517439046,2408.9260351718412
2,46,2408.9260351718412,2408.005412779871
2,47,2408.005412779871,2408.8593016572227
2,48,2408.8593016572227,2413.181045768237
2,49,2413.181045768237,2410.7139030721664
2,50,2410.7139030721664,2410.100708457311
2,51,2410.100708457311,2412.0440523974653
2,52,2412.0440523974653,2413.130967583632
2,53,2413.130967583632,2412.1905774055567
2,54,2412.1905774055567,2411.8560199942667
2,55,2411.8560199942667,2408.418780473342
2,56,2408.418780473342,2407.8233461134055
2,57,2407.8233461134055,2407.157377388383
2,58,2407.157377388383,2407.7378021124487
2,59,2407.7378021124487,2406.349484065401
2,60,2406.349484065401,2407.528330371764
2,61,2407.528330371764,2410.0601199163134
2,62,2410.0601199163134,2410.4486932354844
2,63,2410.4486932354844,2411.3280842564823
2,64,2411.3280842564823,2411.460972625427
2,65,2411.460972625427,2411.461183608156
2,66,2411.461183608156,2409.6572885242986
2,67,2409.6572885242986,2410.448524178482
2,68,2410.448524178482,2410.205307682448
2,69,2410.205307682448,2415.4382284547746
2,70,2415.4382284547746,2419.371615710963
2,71,2419.371615710963,2420.3362320923543
2,72,2420.3362320923543,2418.428589068117
2,73,2418.428589068117,2415.6475603881586
2,74,2415.6475603881586,2418.6254177708806
2,75,2418.6254177708806,2419.2822908337484
2,76,2419.2822908337484,2420.4826493422274
2,77,2420.4826493422274,2416.121184374792
2,78,2416.121184374792,2418.4397805786875
2,79,2418.4397805786875,2419.5758314242235
2,80,2419.5758314242235,2416.799754713187
2,81,2416.799754713187,2415.6209426945625
2,82,2415.6209426945625,2416.280235705454
2,83,2416.280235705454,2416.4114027013443
2,84,2416.4114027013443,2415.680974736835
2,85,2415.680974736835,2415.42225406667
2,86,2415.42225406667,2414.792310621153
2,87,2414.792310621153,2415.173716901409
2,88,2415.173716901409,2418.852446833892
2,89,2418.852446833892,2412.4358007315636
2,90,2412.4358007315636,2411.8436750702895
2,91,2411.8436750702895,2412.284956123721
2,92,2412.284956123721,2413.0249410979386
2,93,2413.0249410979386,2412.0951546446354
2,94,2412.0951546446354,2407.703350188439
2,95,2407.703350188439,2408.523338897724
2,96,2408.523338897724,2412.8417144331343
2,97,2412.8417144331343,2409.0070609208437
2,98,2409.0070609208437,2411.166630955089
3,0,2432.5962455766826,2429.9639992999228
3,1,2429.9639992999228,2429.127858869033
3,2,2429.127858869033,2432.3779703557802
3,3,2432.3779703557802,2433.8346084607497
3,4,2433.8346084607497,2438.1653874742747
3,5,2438.1653874742747,2441.1089171967187
3,6,2441.1089171967187,2442.2066338940426
3,7,2442.2066338940426,2446.5664702094623
3,8,2446.5664702094623,2447.663953106308
3,9,2447.663953106308,2449.7339235483005
3,10,2449.7339235483005,2448.992496164464
3,11,2448.992496164464,2449.1588607041117
3,12,2449.1588607041117,2447.415301145861
3,13,2447.415301145861,2449.8892609823483
3,14,2449.8892609823483,2446.943501924561
3,15,2446.943501924561,2448.8993777806054
3,16,2448.8993777806054,2448.4227501368423
3,17,2448.4227501368423,2451.3508678705107
3,18,2451.3508678705107,2453.2280403423388
3,19,2453.2280403423388,2457.779655736456
3,20,2457.779655736456,2459.6065924643026
3,21,2459.6065924643026,2455.6764918251697
3,22,2455.6764918251697,2455.5091088929244
3,23,2455.5091088929244,2452.579090911437
3,24,2452.579090911437,2451.2833913055215
3,25,2451.2833913055215,2455.061462388713
3,26,2455.061462388713,2456.6552969159575
3,27,2456.6552969159575,2454.9079708445106
3,28,2454.9079708445106,2452.37367742841
3,29,2452.37367742841,2452.4556326606003
3,30,2452.4556326606003,2449.4142322871476
3,31,2449.4142322871476,2447.736381593656
3,32,2447.736381593656,2448.516405272534
3,33,2448.516405272534,2451.4046853628006
3,34,2451.4046853628006,2452.9265890433617
3,35,2452.9265890433617,2447.1983652718664
3,36,2447.1983652718664,2447.959282094442
3,37,2447.959282094442,2448.1393660275235
3,38,2448.1393660275235,2449.174091740955
3,39,2449.174091740955,2453.214615945083
3,40,2453.214615945083,2448.056520253071
3,41,2448.056520253071,2446.5787616900934
3,42,2446.5787616900934,2448.0560274970767
3,43,2448.0560274970767,2444.102041498442
3,44,2444.102041498442,2447.7919141185757
3,45,2447.7919141185757,2448.7128056503275
3,46,2448.7128056503275,2450.829265614936
3,47,2450.829265614936,2449.4019064611316
3,48,2449.4019064611316,2451.4363156860472
3,49,2451.4363156860472,2454.1074945760197
3,50,2454.1074945760197,2454.6896896263625
3,51,2454.6896896263625,2455.275691858109
3,52,2455.275691858109,2455.951549956313
3,53,2455.951549956313,2453.793186794465
3,54,2453.793186794465,2453.424365093864
3,55,2453.424365093864,2453.043058762733
3,56,2453.043058762733,2454.0015434236166
3,57,2454.0015434236166,2456.501104040892
3,58,2456.501104040892,2453.854763835946
3,59,2453.854763835946,2453.542241260147
3,60,2453.542241260147,2457.2458801292946
3,61,2457.2458801292946,2455.386909557263
3,62,2455.386909557263,2453.331284514037
3,63,2453.331284514037,2453.837049993615
3,64,2453.837049993615,2455.948012969828
3,65,2455.948012969828,2455.97657810873
3,66,2455.97657810873,2459.2989795848225
3,67,2459.2989795848225,2461.440964541239
3,68,2461.440964541239,2463.545514708464
3,69,2463.545514708464,2464.9308059617742
3,70,2464.9308059617742,2470.7499387126395
3,71,2470.7499387126395,2470.2370344904743
3,72,2470.2370344904743,2465.228228760308
3,73,2465.228228760308,2469.2388646641007
3,74,2469.2388646641007,2468.094616086709
3,75,2468.094616086709,2468.3643171975664
3,76,2468.3643171975664,2471.6381939097178
3,77,2471.6381939097178,2467.6325450570703
3,78,2467.6325450570703,2464.503427021805
3,79,2464.503427021805,2460.5002321790075
3,80,2460.5002321790075,2458.514891453944
3,81,2458.514891453944,2459.6139829689864
3,82,2459.6139829689864,2460.924452576018
3,83,2460.924452576018,2461.6151380243396
3,84,2461.6151380243396,2458.083223314609
3,85,2458.083223314609,2452.3079647230275
3,86,2452.3079647230275,2452.4438486865033
3,87,2452.4438486865033,2451.2644086024075
3,88,2451.2644086024075,2452.412873031699
3,89,2452.412873031699,2454.167757097252
3,90,2454.167757097252,2454.513360677399
3,91,2454.513360677399,2456.4136933908385
3,92,2456.4136933908385,2456.986721826126
3,93,2456.986721826126,2458.3118835901296
3,94,2458.3118835901296,2456.550200432955
3,95,2456.550200432955,2456.1011718983764
3,96,2456.1011718983764,2456.5931121400185
3,97,2456.5931121400185,2458.644433328562
3,98,2458.644433328562,2457.660080398001
4,0,2464.9623069529607,2464.6684515346406
4,1,2464.6684515346406,2466.7422491397006
4,2,2466.7422491397006,2461.759598212065
4,3,2461.759598212065,2458.5184173918783
4,4,2458.5184173918783,2454.812953898271
4,5,2454.812953898271,2448.9789135986503
4,6,2448.9789135986503,2447.2832524982623
4,7,2447.2832524982623,2449.1568372475817
4,8,2449.1568372475817,2448.444627081625
4,9,2448.444627081625,2448.9391022864797
4,10,2448.9391022864797,2451.6621460282568
4,11,2451.6621460282568,2454.981361358926
4,12,2454.981361358926,2454.8085165221105
4,13,2454.8085165221105,2458.192481246034
4,14,2458.192481246034,2458.422797892119
4,15,2458.422797892119,2456.3293023325505
4,16,2456.3293023325505,2454.8433014520538
4,17,2454.8433014520538,2451.141960170641
4,18,2451.141960170641,2448.921625536307
4,19,2448.921625536307,2448.0265838161213
4,20,2448.0265838161213,2450.035546364568
4,21,2450.035546364568,2454.337470942483
4,22,2454.337470942483,2450.88201715404
4,23,2450.88201715404,2451.86408582469
4,24,2451.86408582469,2449.262725976796
4,25,2449.262725976796,2450.449468697954
4,26,2450.449468697954,2450.121752071235
4,27,2450.121752071235,2445.544487506616
4,28,2445.544487506616,2447.865229985537
4,29,2447.865229985537,2446.352728203515
4,30,2446.352728203515,2445.017977607581
4,31,2445.017977607581,2442.343596579357
4,32,2442.343596579357,2440.707888387638
4,33,2440.707888387638,2441.777614489375
4,34,2441.777614489375,2441.304503637034
4,35,2441.304503637034,2442.1261586427404
4,36,2442.1261586427404,2443.0309632775625
4,37,2443.0309632775625,2446.332617416383
4,38,2446.332617416383,2445.475652039222
4,39,2445.475652039222,2441.7835074971076
4,40,2441.7835074971076,2444.4515635385374
4,41,2444.4515635385374,2443.622843108294
4,42,2443.622843108294,2446.4093242197378
4,43,2446.4093242197378,2447.367767002694
4,44,2447.367767002694,2447.0399231771858
4,45,2447.0399231771858,2447.9118629123013
4,46,2447.9118629123013,2452.789394312617
4,47,2452.789394312617,2457.9818456352514
4,48,2457.9818456352514,2458.1552984730833
4,49,2458.1552984730833,2458.555774956376
4,50,2458.555774956376,2461.246375350042
4,51,2461.246375350042,2459.1322227681235
4,52,2459.1322227681235,2459.964898699669
4,53,2459.964898699669,2459.9002415797845
4,54,2459.9002415797845,2460.6850121084285
4,55,2460.6850121084285,2458.601590093555
4,56,2458.601590093555,2454.6276713602824
4,57,2454.6276713602824,2449.4452127703044
4,58,2449.4452127703044,2446.6517524878304
4,59,2446.6517524878304,2445.5050642754823
4,60,2445.5050642754823,2444.7720853088604
4,61,2444.7720853088604,2449.615163214934
4,62,2449.615163214934,2452.380146639702
4,63,2452.380146639702,2449.974918848848
4,64,2449.974918848848,2450.8441899799755
4,65,2450.8441899799755,2449.8264943890995
4,66,2449.8264943890995,2449.1155847939995
4,67,2449.1155847939995,2449.578898917538
4,68,2449.578898917538,2451.1268267099763
4,69,2451.1268267099763,2450.278680500266
4,70,2450.278680500266,2452.938309332102
4,71,2452.938309332102,2450.0834637667463
4,72,2450.0834637667463,2450.099311422652
4,73,2450.099311422652,2456.593495739142
4,74,2456.593495739142,2457.151195095705
4,75,2457.151195095705,2460.7342313622207
4,76,2460.7342313622207,2460.963031807654
4,77,2460.963031807654,2462.414974545978
4,78,2462.414974545978,2462.2730165599964
4,79,2462.2730165599964,2461.846997607086
4,80,2461.846997607086,2459.8982916152722
4,81,2459.8982916152722,2460.974045012666
4,82,2460.974045012666,2458.8452020397017
4,83,2458.8452020397017,2460.509165130485
4,84,2460.509165130485,2463.2223826416
4,85,2463.2223826416,2464.138711159693
4,86,2464.138711159693,2463.4230893258036
4,87,2463.4230893258036,2464.5580032740754
4,88,2464.5580032740754,2463.7863206352094
4,89,2463.7863206352094,2466.1251884488724
4,90,2466.1251884488724,2461.5466732383347
4,91,2461.5466732383347,2460.707654818038
4,92,2460.707654818038,2455.730624830228
4,93,2455.730624830228,2451.99297275466
4,94,2451.99297275466,2455.4026283291946
4,95,2455.4026283291946,2457.640590784124
4,96,2457.640590784124,2455.841890200912
4,97,2455.841890200912,2452.08563156081
4,98,2452.08563156081,2444.6743094662056
5,0,2500.0,2500.0
5,1,2500.0,2498.6010692848763
5,2,2498.6010692848763,2499.763769808627
5,3,2499.763769808627,2495.861373926141
5,4,2495.861373926141,2495.1180655193966
5,5,2495.1180655193966,2495.366759201936
5,6,2495.366759201936,2495.1515075723833
5,7,2495.1515075723833,2497.1285228766083
5,8,2497.1285228766083,2497.9901359421983
5,9,2497.9901359421983,2499.6609509874684
5,10,2499.6609509874684,2497.9400202818915
5,11,2497.9400202818915,2500.0
5,12,2500.0,2500.0
5,13,2500.0,2497.5746262008715
5,14,2497.5746262008715,2495.355387061585
5,15,2495.355387061585,2498.694847902386
5,16,2498.694847902386,2498.2164879356483
5,17,2498.2164879356483,2500.0
5,18,2500.0,2498.8936607202695
5,19,2498.8936607202695,2500.0
5,20,2500.0,2500.0
5,21,2500.0,2500.0
5,22,2500.0,2500.0
5,23,2500.0,2499.0955738063894
5,24,2499.0955738063894,2496.742768566577
5,25,2496.742768566577,2495.621358046506
5,26,2495.621358046506,2496.752192923114
5,27,2496.752192923114,2492.8377952426627
5,28,2492.8377952426627,2494.4314724992905
5,29,2494.4314724992905,2493.084544205246
5,30,2493.084544205246,2495.9540758570797
5,31,2495.9540758570797,2489.9684250948285
5,32,2489.9684250948285,2488.0020106570682
5,33,2488.0020106570682,2483.785840278983
5,34,2483.785840278983,2481.720266613073
5,35,2481.720266613073,2482.3394313658455
5,36,2482.3394313658455,2481.8913648022212
5,37,2481.8913648022212,2481.257920879851
5,38,2481.257920879851,2480.859958701401
5,39,2480.859958701401,2481.368429302951
5,40,2481.368429302951,2478.8470891980933
5,41,2478.8470891980933,2480.614213300341
5,42,2480.614213300341,2482.270878226305
5,43,2482.270878226305,2483.233473070445
5,44,2483.233473070445,2484.6248066773232
5,45,2484.6248066773232,2485.365851679345
5,46,2485.365851679345,2490.4535349361727
5,47,2490.4535349361727,2490.2357995085413
5,48,2490.2357995085413,2489.4680914627047
5,49,2489.4680914627047,2487.5842725118114
5,50,2487.5842725118114,2485.003615835367
5,51,2485.003615835367,2481.892436366364
5,52,2481.892436366364,2479.670443083287
5,53,2479.670443083287,2479.493742129157
5,54,2479.493742129157,2480.3294799504015
5,55,2480.3294799504015,2480.457335096782
5,56,2480.457335096782,2478.543496903208
5,57,2478.543496903208,2480.793958313258
5,58,2480.793958313258,2482.6424899940102
5,59,2482.6424899940102,2482.2433692254554
5,60,2482.2433692254554,2480.6110788637934
5,61,2480.6110788637934,2481.982148665868
5,62,2481.982148665868,2482.4520826345833
5,63,2482.4520826345833,2478.831764486046
5,64,2478.831764486046,2478.661813846085
5,65,2478.661813846085,2479.316903376271
5,66,2479.316903376271,2477.0676664100515
5,67,2477.0676664100515,2477.542274892145
5,68,2477.542274892145,2473.9052186790004
5,69,2473.9052186790004,2477.2456839290307
5,70,2477.2456839290307,2480.3655588916795
5,71,2480.3655588916795,2479.734265555922
5,72,2479.734265555922,2480.6429014005193
5,73,2480.6429014005193,2474.6180964860196
5,74,2474.6180964860196,2471.727227335356
5,75,2471.727227335356,2470.9927800349756
5,76,2470.9927800349756,2468.3124474814085
5,77,2468.3124474814085,2470.098438687985
5,78,2470.098438687985,2475.091680014855
5,79,2475.091680014855,2472.1501432162813
5,80,2472.1501432162813,2470.056484706068
5,81,2470.056484706068,2470.645105626843
5,82,2470.645105626843,2474.672895998092
5,83,2474.672895998092,2471.616960216742
5,84,2471.616960216742,2472.2395505225095
5,85,2472.2395505225095,2476.792797649542
5,86,2476.792797649542,2472.663399779094
5,87,2472.663399779094,2469.4607267619795
5,88,2469.4607267619795,2468.4017102458274
5,89,2468.4017102458274,2467.100239213689
5,90,2467.100239213689,2469.1317424330728
5,91,2469.1317424330728,2469.735891732625
5,92,2469.735891732625,2465.2984865835197
5,93,2465.2984865835197,2466.587012590772
5,94,2466.587012590772,2465.1431653723826
5,95,2465.1431653723826,2468.3292834147355
5,96,2468.3292834147355,2466.7603145736434
5,97,2466.7603145736434,2465.168776365888
5,98,2465.168776365888,2466.5216053928993
6,0,2483.3785574715835,2479.1645641781215
6,1,2479.1645641781215,2480.509650277942
6,2,2480.509650277942,2477.923880148756
6,3,2477.923880148756,2478.5120704277265
6,4,2478.5120704277265,2474.9527343392288
6,5,2474.9527343392288,2476.0685397080865
6,6,2476.0685397080865,2474.052042447318
6,7,2474.052042447318,2470.8454558216667
6,8,2470.8454558216667,2472.6300061628726
6,9,2472.6300061628726,2473.2341174670646
6,10,2473.2341174670646,2471.6991754635824
6,11,2471.6991754635824,2475.327122586135
6,12,2475.327122586135,2474.2254915322105
6,13,2474.2254915322105,2474.3057607171377
6,14,2474.3057607171377,2474.9780443363343
6,15,2474.9780443363343,2473.428879501013
6,16,2473.428879501013,2474.606720234513
6,17,2474.606720234513,2473.273089366601
6,18,2473.273089366601,2472.2439935610605
6,19,2472.2439935610605,2475.650600160569
6,20,2475.650600160569,2473.0491350292878
6,21,2473.0491350292878,2467.017184201964
6,22,2467.017184201964,2471.044526689494
6,23,2471.044526689494,2477.4178465710115
6,24,2477.4178465710115,2476.404673407388
6,25,2476.404673407388,2471.5625783058376
6,26,2471.5625783058376,2470.7863683653477
6,27,2470.7863683653477,2470.070810990746
6,28,2470.070810990746,2469.5960013881904
6,29,2469.5960013881904,2466.812531283386
6,30,2466.812531283386,2468.261434139577
6,31,2468.261434139577,2469.5727025777924
6,32,2469.5727025777924,2465.836688528244
6,33,2465.836688528244,2467.5846803574814
6,34,2467.5846803574814,2472.716392812346
6,35,2472.716392812346,2473.1462936434386
6,36,2473.1462936434386,2472.3029807382673
6,37,2472.3029807382673,2471.9479727022485
6,38,2471.9479727022485,2473.48611461967
6,39,2473.48611461967,2469.1594356059018
6,40,2469.1594356059018,2469.570412363345
6,41,2469.570412363345,2468.5942524896877
6,42,2468.5942524896877,2473.213815022078
6,43,2473.213815022078,2472.778383187566
6,44,2472.778383187566,2476.9481022153645
6,45,2476.9481022153645,2474.1887504709093
6,46,2474.1887504709093,2475.6568983879165
6,47,2475.6568983879165,2476.4553990473946
6,48,2476.4553990473946,2474.282780927733
6,49,2474.282780927733,2474.726271214325
6,50,2474.726271214325,2477.757568306404
6,51,2477.757568306404,2476.9480890456875
6,52,2476.9480890456875,2472.718182422763
6,53,2472.718182422763,2472.6742753565695
6,54,2472.6742753565695,2470.418217619588
6,55,2470.418217619588,2469.5623652729287
6,56,2469.5623652729287,2469.3583958487156
6,57,2469.3583958487156,2465.0942653086768
6,58,2465.0942653086768,2461.055119460375
6,59,2461.055119460375,2462.2602865491885
6,60,2462.2602865491885,2460.9534898087645
6,61,2460.9534898087645,2454.541628954213
6,62,2454.541628954213,2456.5037390457333
6,63,2456.5037390457333,2457.184663433919
6,64,2457.184663433919,2455.399976373828
6,65,2455.399976373828,2452.1079008461825
6,66,2452.1079008461825,2454.1974205869683
6,67,2454.1974205869683,2455.0707971433694
6,68,2455.0707971433694,2461.0273028500796
6,69,2461.0273028500796,2462.077774346892
6,70,2462.077774346892,2463.047032200047
6,71,2463.047032200047,2462.6297123747754
6,72,2462.6297123747754,2464.671652042777
6,73,2464.671652042777,2466.2343650458974
6,74,2466.2343650458974,2469.3636775673103
6,75,2469.3636775673103,2468.060370270717
6,76,2468.060370270717,2466.9718515883574
6,77,2466.9718515883574,2465.7740936610776
6,78,2465.7740936610776,2467.751097964025
6,79,2467.751097964025,2471.497034064767
6,80,2471.497034064767,2470.3499328318935
6,81,2470.3499328318935,2469.287998512411
6,82,2469.287998512411,2470.0731915720853
6,83,2470.0731915720853,2469.458787822053
6,84,2469.458787822053,2471.838921954903
6,85,2471.838921954903,2466.2094787283554
6,86,2466.2094787283554,2464.1427161110632
6,87,2464.1427161110632,2462.18667527616
6,88,2462.18667527616,2456.3857852451943
6,89,2456.3857852451943,2453.9766891342724
6,90,2453.9766891342724,2451.6887988446574
6,91,2451.6887988446574,2451.18603720836
6,92,2451.18603720836,2453.968451937511
6,93,2453.968451937511,2453.355800309534
6,94,2453.355800309534,2450.778766008856
6,95,2450.778766008856,2450.636379655822
6,96,2450.636379655822,2453.2593137094254
6,97,2453.2593137094254,2450.8194166691383
6,98,2450.8194166691383,2448.5429794593347
7,0,2429.653316589037,2431.2720283158105
7,1,2431.2720283158105,2431.237911336322
7,2,2431.237911336322,2432.992070456546
7,3,2432.992070456546,2430.4043751714444
7,4,2430.4043751714444,2430.3741635444735
7,5,2430.3741635444735,2429.8474385085656
7,6,2429.8474385085656,2426.8077111983052
7,7,2426.8077111983052,2422.8990163286335
7,8,2422.8990163286335,2424.61338891682
7,9,2424.61338891682,2423.736007961275
7,10,2423.736007961275,2421.1803072571565
7,11,2421.1803072571565,2420.939859914848
7,12,2420.939859914848,2423.7599070582214
7,13,2423.7599070582214,2418.0580624447916
7,14,2418.0580624447916,2414.316465720033
7,15,2414.316465720033,2412.009249615295
7,16,2412.009249615295,2415.662196782096
7,17,2415.662196782096,2416.3686642393945
7,18,2416.3686642393945,2418.286957340548
7,19,2418.286957340548,2415.4365550427324
7,20,2415.4365550427324,2412.637715354556
7,21,2412.637715354556,2413.7572496463627
7,22,2413.7572496463627,2413.9029354737013
7,23,2413.9029354737013,2415.2747825208617
7,24,2415.2747825208617,2414.8056050435407
7,25,2414.8056050435407,2415.5009643596773
7,26,2415.5009643596773,2415.89626207194
7,27,2415.89626207194,2417.840680544652
7,28,2417.840680544652,2419.858201249513
7,29,2419.858201249513,2415.8085212635337
7,30,2415.8085212635337,2410.1903498751817
7,31,2410.1903498751817,2412.6947133693106
7,32,2412.6947133693106,2415.6640261024654
7,33,2415.6640261024654,2413.112468553682
7,34,2413.112468553682,2408.462880037318
7,35,2408.462880037318,2408.710467089836
7,36,2408.710467089836,2411.0375626557125
7,37,2411.0375626557125,2415.5315489617983
7,38,2415.5315489617983,2416.822292892052
7,39,2416.822292892052,2415.8930011505877
7,40,2415.8930011505877,2413.6601745966254
7,41,2413.6601745966254,2413.688802825802
7,42,2413.688802825802,2412.940641066089
7,43,2412.940641066089,2410.402971301767
7,44,2410.402971301767,2415.5248604289254
7,45,2415.5248604289254,2419.9877814341057
7,46,2419.9877814341057,2422.8279031429943
7,47,2422.8279031429943,2420.5257771484717
7,48,2420.5257771484717,2422.663325459215
7,49,2422.663325459215,2424.2623914829596
7,50,2424.2623914829596,2425.36875554347
7,51,2425.36875554347,2428.4929187110793
7,52,2428.4929187110793,2430.0813465682327
7,53,2430.0813465682327,2431.9313821589935
7,54,2431.9313821589935,2433.523647867424
7,55,2433.523647867424,2434.3756263874293
7,56,2434.3756263874293,2429.916598563144
7,57,2429.916598563144,2430.12565125667
7,58,2430.12565125667,2428.735171359547
7,59,2428.735171359547,2425.535568965447
7,60,2425.535568965447,2429.740110513699
7,61,2429.740110513699,2434.0625988659135
7,62,2434.0625988659135,2437.4606503666528
7,63,2437.4606503666528,2438.0986839087923
7,64,2438.0986839087923,2441.475246711174
7,65,2441.475246711174,2441.5053796626785
7,66,2441.5053796626785,2442.012372854923
7,67,2442.012372854923,2439.2786944287677
7,68,2439.2786944287677,2440.2711726900147
7,69,2440.2711726900147,2440.4221375110756
7,70,2440.4221375110756,2437.165507218989
7,71,2437.165507218989,2437.037514439448
7,72,2437.037514439448,2436.838190529806
7,73,2436.838190529806,2441.3320934464177
7,74,2441.3320934464177,2443.5676267677013
7,75,2443.5676267677013,2443.59624036543
7,76,2443.59624036543,2444.2182086399325
7,77,2444.2182086399325,2444.328739585193
7,78,2444.328739585193,2443.8214546232043
7,79,2443.8214546232043,2441.1153866297336
7,80,2441.1153866297336,2440.7377569357163
7,81,2440.7377569357163,2438.872511294085
7,82,2438.872511294085,2435.7467224467773
7,83,2435.7467224467773,2437.0247769831462
7,84,2437.0247769831462,2438.0029386329793
7,85,2438.0029386329793,2433.536169854559
7,86,2433.536169854559,2433.229458260821
7,87,2433.229458260821,2435.7187117255708
7,88,2435.7187117255708,2438.3667710728114
7,89,2438.3667710728114,2440.9313631800246
7,90,2440.9313631800246,2441.0286461972782
7,91,2441.0286461972782,2438.9160328773555
7,92,2438.9160328773555,2436.2067858089604
7,93,2436.2067858089604,2437.068298070836
7,94,2437.068298070836,2438.016498156749
7,95,2438.016498156749,2441.234825935762
7,96,2441.234825935762,2443.984775061617
7,97,2443.984775061617,2443.654203420289
7,98,2443.654203420289,2440.5436887231367
8,0,2442.4703167771067,2441.965108663633
8,1,2441.965108663633,2440.520373393439
8,2,2440.520373393439,2441.152585430864
8,3,2441.152585430864,2439.8926910773375
8,4,2439.8926910773375,2438.322525868024
8,5,2438.322525868024,2439.1011579537826
8,6,2439.1011579537826,2438.0961765034594
8,7,2438.0961765034594,2438.706437475905
8,8,2438.706437475905,2439.3894475330353
8,9,2439.3894475330353,2436.5408750303063
8,10,2436.5408750303063,2435.337772220643
8,11,2435.337772220643,2438.932214570434
8,12,2438.932214570434,2436.0270157885984
8,13,2436.0270157885984,2430.735379666172
8,14,2430.735379666172,2426.0807667830654
8,15,2426.0807667830654,2426.153541649507
8,16,2426.153541649507,2426.230834844589
8,17,2426.230834844589,2425.9368077060262
8,18,2425.9368077060262,2428.9722822783474
8,19,2428.9722822783474,2422.29019619559
8,20,2422.29019619559,2423.280030881667
8,21,2423.280030881667,2427.1836263861755
8,22,2427.1836263861755,2424.364174473946
8,23,2424.364174473946,2423.4146581944715
8,24,2423.4146581944715,2421.5324284014
8,25,2421.5324284014,2419.296563286206
8,26,2419.296563286206,2418.4809082736483
8,27,2418.4809082736483,2422.0496214828595
8,28,2422.0496214828595,2426.6430881715783
8,29,2426.6430881715783,2425.8032401089777
8,30,2425.8032401089777,2430.565890644139
8,31,2430.565890644139,2430.654831836601
8,32,2430.654831836601,2435.0390594033533
8,33,2435.0390594033533,2434.8058127792197
8,34,2434.8058127792197,2435.133457344335
8,35,2435.133457344335,2436.047143525942
8,36,2436.047143525942,2443.994277724361
8,37,2443.994277724361,2446.122491661473
8,38,2446.122491661473,2444.354330336594
8,39,2444.354330336594,2446.7768250122836
8,40,2446.7768250122836,2445.8722436695725
8,41,2445.8722436695725,2444.6478682123193
8,42,2444.6478682123193,2446.9193716120494
8,43,2446.9193716120494,2446.997085581477
8,44,2446.997085581477,2447.6935253677566
8,45,2447.6935253677566,2447.72848842242
8,46,2447.72848842242,2448.5699462389334
8,47,2448.5699462389334,2449.632360982524
8,48,2449.632360982524,2444.7899436507605
8,49,2444.7899436507605,2446.456375322284
8,50,2446.456375322284,2444.0013267727086
8,51,2444.0013267727086,2440.39557893381
8,52,2440.39557893381,2440.2495508241636
8,53,2440.2495508241636,2440.45950333245
8,54,2440.45950333245,2438.725737921019
8,55,2438.725737921019,2440.803317565189
8,56,2440.803317565189,2437.4478796492617
8,57,2437.4478796492617,2436.4305202773303
8,58,2436.4305202773303,2434.968334939998
8,59,2434.968334939998,2434.8518667641497
8,60,2434.8518667641497,2435.5490274757676
8,61,2435.5490274757676,2433.0292951017086
8,62,2433.0292951017086,2434.840001795349
8,63,2434.840001795349,2434.9975077161857
8,64,2434.9975077161857,2430.267642082906
8,65,2430.267642082906,2425.3711634819138
8,66,2425.3711634819138,2425.3403652495904
8,67,2425.3403652495904,2424.7879469551244
8,68,2424.7879469551244,2424.529396671188
8,69,2424.529396671188,2424.459440529862
8,70,2424.459440529862,2425.0233401286378
8,71,2425.0233401286378,2427.3924641532585
8,72,2427.3924641532585,2424.6147019009645
8,73,2424.6147019009645,2421.6847729187125
8,74,2421.6847729187125,2418.9514632739942
8,75,2418.9514632739942,2419.673754941916
8,76,2419.673754941916,2422.786123388532
8,77,2422.786123388532,2421.707774792933
8,78,2421.707774792933,2415.4535251825337
8,79,2415.4535251825337,2411.193543026008
8,80,2411.193543026008,2409.110951219018
8,81,2409.110951219018,2407.7166290002797
8,82,2407.7166290002797,2406.695657432143
8,83,2406.695657432143,2406.7921102395953
8,84,2406.7921102395953,2406.012744412539
8,85,2406.012744412539,2408.6360934388977
8,86,2408.6360934388977,2406.9460501746944
8,87,2406.9460501746944,2404.7902552760056
8,88,2404.7902552760056,2405.987444122307
8,89,2405.987444122307,2402.1483389474915
8,90,2402.1483389474915,2403.1225682107915
8,91,2403.1225682107915,2403.378951170107
8,92,2403.378951170107,2403.0103449453118
8,93,2403.0103449453118,2406.981035213185
8,94,2406.981035213185,2405.425516599948
8,95,2405.425516599948,2410.576262026258
8,96,2410.576262026258,2410.012683403188
8,97,2410.012683403188,2406.8201422907623
8,98,2406.8201422907623,2406.9949412432493
9,0,2482.768463987262,2483.7610472373008
9,1,2483.7610472373008,2485.150002458926
9,2,2485.150002458926,2483.5945832082903
9,3,2483.5945832082903,2486.0630960709063
9,4,2486.0630960709063,2488.9568654659593
9,5,2488.9568654659593,2492.5476198573674
9,6,2492.5476198573674,2493.8711533751816
9,7,2493.8711533751816,2497.2797251553957
9,8,2497.2797251553957,2492.5777290854608
9,9,2492.5777290854608,2491.7829627138894
9,10,2491.7829627138894,2489.6154495730807
9,11,2489.6154495730807,2489.9135142258992
9,12,2489.9135142258992,2488.4848911779072
9,13,2488.4848911779072,2488.069496573033
9,14,2488.069496573033,2492.774933773543
9,15,2492.774933773543,2492.350634282492
9,16,2492.350634282492,2493.3851150754676
9,17,2493.3851150754676,2492.804441750657
9,18,2492.804441750657,2492.993724970549
9,19,2492.993724970549,2493.008766671639
9,20,2493.008766671639,2494.129576836572
9,21,2494.129576836572,2497.0428456754403
9,22,2497.0428456754403,2500.0
9,23,2500.0,2500.0
9,24,2500.0,2500.0
9,25,2500.0,2497.122838727036
9,26,2497.122838727036,2496.9031468709973
9,27,2496.9031468709973,2499.2538705332063
9,28,2499.2538705332063,2500.0
9,29,2500.0,2500.0
9,30,2500.0,2500.0
9,31,2500.0,2500.0
9,32,2500.0,2500.0
9,33,2500.0,2500.0
9,34,2500.0,2499.1107542110726
9,35,2499.1107542110726,2499.9503573534053
9,36,2499.9503573534053,2492.6238714137735
9,37,2492.6238714137735,2493.5810857547363
9,38,2493.5810857547363,2484.460053691699
9,39,2484.460053691699,2480.1513951731854
9,40,2480.1513951731854,2481.280816675538
9,41,2481.280816675538,2482.474640018705
9,42,2482.474640018705,2479.568568068355
9,43,2479.568568068355,2477.7883129636575
9,44,2477.7883129636575,2481.2146654351927
9,45,2481.2146654351927,2480.004590106261
9,46,2480.004590106261,2485.611890887268
9,47,2485.611890887268,2485.6070912543273
9,48,2485.6070912543273,2486.6271816965304
9,49,2486.6271816965304,2490.669367692777
9,50,2490.669367692777,2490.9969354832606
9,51,2490.9969354832606,2488.4910755315336
9,52,2488.4910755315336,2488.2167569022977
9,53,2488.2167569022977,2488.1277300618226
9,54,2488.1277300618226,2484.715875931319
9,55,2484.715875931319,2484.076295752967
9,56,2484.076295752967,2482.2208155179733
9,57,2482.2208155179733,2484.531709910942
9,58,2484.531709910942,2484.618239596405
9,59,2484.618239596405,2483.911250223536
9,60,2483.911250223536,2483.64579539698
9,61,2483.64579539698,2484.203600442995
9,62,2484.203600442995,2485.7456359422195
9,63,2485.7456359422195,2483.246355370546
9,64,2483.246355370546,2480.642386288993
9,65,2480.642386288993,2483.4040843274993
9,66,2483.4040843274993,2482.3732421469876
9,67,2482.3732421469876,2478.8311369154953
9,68,2478.8311369154953,2479.940668688953
9,69,2479.940668688953,2481.0990932040345
9,70,2481.0990932040345,2477.272305060893
9,71,2477.272305060893,2477.846009349552
9,72,2477.846009349552,2479.6849670806228
9,73,2479.6849670806228,2480.6209332098883
9,74,2480.6209332098883,2482.200886919292
9,75,2482.200886919292,2478.690214174065
9,76,2478.690214174065,2479.5178145615555
9,77,2479.5178145615555,2478.761265162879
9,78,2478.761265162879,2477.5542897660675
9,79,2477.5542897660675,2479.730678789617
9,80,2479.730678789617,2483.4288650663025
9,81,2483.4288650663025,2487.9147902028035
9,82,2487.9147902028035,2491.2018098815684
9,83,2491.2018098815684,2490.927474427493
9,84,2490.927474427493,2491.809274835059
9,85,2491.809274835059,2493.72633201452
9,86,2493.72633201452,2494.0292768877684
9,87,2494.0292768877684,2494.3561873575472
9,88,2494.3561873575472,2496.415570187238
9,89,2496.415570187238,2496.267363572173
9,90,2496.267363572173,2494.444146231239
9,91,2494.444146231239,2493.4079635666494
9,92,2493.4079635666494,2494.992739510984
9,93,2494.992739510984,2495.0002227389837
9,94,2495.0002227389837,2495.8507476811546
9,95,2495.8507476811546,2497.52594578666
9,96,2497.52594578666,2496.588842129416
9,97,2496.588842129416,2498.4794625384907
9,98,2498.4794625384907,2499.4265690471366
10,0,2436.2604462451436,2435.0085843857514
10,1,2435.0085843857514,2430.8708460277885
10,2,2430.8708460277885,2428.2582367538225
10,3,2428.2582367538225,2425.705623852127
10,4,2425.705623852127,2425.8360571487706
10,5,2425.8360571487706,2425.151430884905
10,6,2425.151430884905,2424.3093509658033
10,7,2424.3093509658033,2425.8586058795095
10,8,2425.8586058795095,2426.7082942824914
10,9,2426.7082942824914,2427.498413959102
10,10,2427.498413959102,2428.5229851024237
10,11,2428.5229851024237,2430.0633217724294
10,12,2430.0633217724294,2424.7934384179857
10,13,2424.7934384179857,2423.8823427873244
10,14,2423.8823427873244,2418.431817626101
10,15,2418.431817626101,2418.5219674430955
10,16,2418.5219674430955,2418.5103850125347
10,17,2418.5103850125347,2421.124215699509
10,18,2421.124215699509,2424.093301681312
10,19,2424.093301681312,2424.600239301943
10,20,2424.600239301943,2423.349336608451
10,21,2423.349336608451,2424.562239389815
10,22,2424.562239389815,2423.2424452965042
10,23,2423.2424452965042,2423.238963667896
10,24,2423.238963667896,2425.704304460298
10,25,2425.704304460298,2424.3098760953244
10,26,2424.3098760953244,2426.3240726934305
10,27,2426.3240726934305,2428.0175761151613
10,28,2428.0175761151613,2425.630596572334
10,29,2425.630596572334,2428.0653318928776
10,30,2428.0653318928776,2429.8117477563064
10,31,2429.8117477563064,2430.066562474738
10,32,2430.066562474738,2428.160753829669
10,33,2428.160753829669,2426.01273878323
10,34,2426.01273878323,2424.6685823409725
10,35,2424.6685823409725,2426.0250684992025
10,36,2426.0250684992025,2423.636005580699
10,37,2423.636005580699,2424.7297862022488
10,38,2424.7297862022488,2421.6253973800526
10,39,2421.6253973800526,2421.1152259189553
10,40,2421.1152259189553,2421.38934530539
10,41,2421.38934530539,2427.5021706680373
10,42,2427.5021706680373,2424.0588815292363
10,43,2424.0588815292363,2427.7389179454617
10,44,2427.7389179454617,2428.11352398043
10,45,2428.11352398043,2429.14145377547
10,46,2429.14145377547,2429.4373235589405
10,47,2429.4373235589405,2430.5491406044284
10,48,2430.5491406044284,2430.1649278435234
10,49,2430.1649278435234,2433.800053297167
10,50,2433.800053297167,2432.6588754366053
10,51,2432.6588754366053,2435.4894618670533
10,52,2435.4894618670533,2433.8785440665206
10,53,2433.8785440665206,2433.7279144505173
10,54,2433.7279144505173,2431.0480080697916
10,55,2431.0480080697916,2432.1855673706605
10,56,2432.1855673706605,2435.7983822629767
10,57,2435.7983822629767,2435.6049918134245
10,58,2435.6049918134245,2435.1127775666646
10,59,2435.1127775666646,2432.3262351589947
10,60,2432.3262351589947,2431.753003525114
10,61,2431.753003525114,2427.7710178758102
10,62,2427.7710178758102,2425.4888229090134
10,63,2425.4888229090134,2426.0557880242864
10,64,2426.0557880242864,2429.3533210186397
10,65,2429.3533210186397,2436.3763481717133
10,66,2436.3763481717133,2434.909885459036
10,67,2434.909885459036,2438.4981358506498
10,68,2438.4981358506498,2439.1075170516538
10,69,2439.1075170516538,2438.729397934788
10,70,2438.729397934788,2439.810884064103
10,71,2439.810884064103,2439.965675273303
10,72,2439.965675273303,2440.2416645873336
10,73,2440.2416645873336,2439.220831680267
10,74,2439.220831680267,2435.72555753077
10,75,2435.72555753077,2431.8664945244645
10,76,2431.8664945244645,2433.4996067326674
10,77,2433.4996067326674,2432.807856507453
10,78,2432.807856507453,2431.3176342583124
10,79,2431.3176342583124,2431.33889832512
10,80,2431.33889832512,2433.3262289574095
10,81,2433.3262289574095,2433.7771388149754
10,82,2433.7771388149754,2432.137001473373
10,83,2432.137001473373,2435.2027338624953
10,84,2435.2027338624953,2439.1506976199494
10,85,2439.1506976199494,2440.3870892582563
10,86,2440.3870892582563,2442.8212480366165
10,87,2442.8212480366165,2445.926148028651
10,88,2445.926148028651,2448.751396319662
10,89,2448.751396319662,2450.2866442624436
10,90,2450.2866442624436,2451.7825118801306
10,91,2451.7825118801306,2453.081663313497
10,92,2453.081663313497,2450.338319127129
10,93,2450.338319127129,2452.090127019278
10,94,2452.090127019278,2448.7005920914617
10,95,2448.7005920914617,2446.714093453649
10,96,2446.714093453649,2449.9730061231694
10,97,2449.9730061231694,2452.073556529905
10,98,2452.073556529905,2455.79205225412
11,0,2477.2583212810805,2476.6572282884044
11,1,2476.6572282884044,2476.9123065315057
11,2,2476.9123065315057,2477.109778322356
11,3,2477.109778322356,2479.9439795192475
11,4,2479.9439795192475,2479.040803456739
11,5,2479.040803456739,2479.920889636246
11,6,2479.920889636246,2477.4493217626596
11,7,2477.4493217626596,2478.575114957769
11,8,2478.575114957769,2478.582886333233
11,9,2478.582886333233,2476.7083529875217
11,10,2476.7083529875217,2476.1187795820847
11,11,2476.1187795820847,2475.6583402157967
11,12,2475.6583402157967,2474.982952392454
11,13,2474.982952392454,2479.4113054981235
11,14,2479.4113054981235,2479.1651904923538
11,15,2479.1651904923538,2478.5554502169102
11,16,2478.5554502169102,2473.311822822885
11,17,2473.311822822885,2471.0763044429364
11,18,2471.0763044429364,2470.4186208817955
11,19,2470.4186208817955,2468.7039891913537
11,20,2468.7039891913537,2472.158258174798
11,21,2472.158258174798,2471.7459137363076
11,22,2471.7459137363076,2474.9670243596033
11,23,2474.9670243596033,2475.121285944729
11,24,2475.121285944729,2475.214355535783
11,25,2475.214355535783,2474.992364416502
11,26,2474.992364416502,2475.0018550455557
11,27,2475.0018550455557,2479.2988425531803
11,28,2479.2988425531803,2473.499815736302
11,29,2473.499815736302,2468.4959513752055
11,30,2468.4959513752055,2467.138024297565
11,31,2467.138024297565,2467.1743440024093
11,32,2467.1743440024093,2468.899605064319
11,33,2468.899605064319,2470.082323059388
11,34,2470.082323059388,2469.1217082771864
11,35,2469.1217082771864,2471.669317510291
11,36,2471.669317510291,2474.2448060181728
11,37,2474.2448060181728,2474.704950596352
11,38,2474.704950596352,2477.1115945275687
11,39,2477.1115945275687,2477.793207686149
11,40,2477.793207686149,2476.389500119192
11,41,2476.389500119192,2478.134042216692
11,42,2478.134042216692,2478.4105750231383
11,43,2478.4105750231383,2478.4139246400246
11,44,2478.4139246400246,2482.0963085704984
11,45,2482.0963085704984,2475.969128249148
11,46,2475.969128249148,2472.424917823749
11,47,2472.424917823749,2469.4572417578133
11,48,2469.4572417578133,2468.549090138891
11,49,2468.549090138891,2467.912569714476
11,50,2467.912569714476,2464.1442555950434
11,51,2464.1442555950434,2461.6813605142665
11,52,2461.6813605142665,2459.529256317958
11,53,2459.529256317958,2465.6728165481477
11,54,2465.6728165481477,2470.1771714175156
11,55,2470.1771714175156,2469.147797873304
11,56,2469.147797873304,2468.238839647537
11,57,2468.238839647537,2465.3658296545664
11,58,2465.3658296545664,2460.595503621503
11,59,2460.595503621503,2460.303303155482
11,60,2460.303303155482,2457.8086731973717
11,61,2457.8086731973717,2457.5965468682166
11,62,2457.5965468682166,2453.596032245608
11,63,2453.596032245608,2451.6910960998325
11,64,2451.6910960998325,2452.0626638380895
11,65,2452.0626638380895,2452.9781878325493
11,66,2452.9781878325493,2454.021867729404
11,67,2454.021867729404,2450.7206452690116
11,68,2450.7206452690116,2452.8573595943503
11,69,2452.8573595943503,2450.856830352846
11,70,2450.856830352846,2452.438975139364
11,71,2452.438975139364,2452.412378447819
11,72,2452.412378447819,2448.971409700124
11,73,2448.971409700124,2448.180915438671
11,74,2448.180915438671,2449.0943247938303
11,75,2449.0943247938303,2450.626738245017
11,76,2450.626738245017,2450.274268501406
11,77,2450.274268501406,2454.1037157279084
11,78,2454.1037157279084,2456.6224926553746
11,79,2456.6224926553746,2455.980857364375
11,80,2455.980857364375,2457.8561618947174
11,81,2457.8561618947174,2462.6906456076877
11,82,2462.6906456076877,2467.5918571096454
11,83,2467.5918571096454,2464.5218574075893
11,84,2464.5218574075893,2462.2055246296964
11,85,2462.2055246296964,2465.9178215965308
11,86,2465.9178215965308,2463.2721189694366
11,87,2463.2721189694366,2459.9657661362075
11,88,2459.9657661362075,2458.75028080946
11,89,2458.75028080946,2459.8008475831466
11,90,2459.8008475831466,2459.544855816619
11,91,2459.544855816619,2457.918446765605
11,92,2457.918446765605,2456.2329156112937
11,93,2456.2329156112937,2454.452072950262
11,94,2454.452072950262,2452.2532988786147
11,95,2452.2532988786147,2457.957381071805
11,96,2457.957381071805,2458.7011587497686
11,97,2458.7011587497686,2460.9180563857803
11,98,2460.9180563857803,2459.695362715483
12,0,2487.0526603528583,2480.4233895155603
12,1,2480.4233895155603,2476.9783663234407
12,2,2476.9783663234407,2472.45181962349
12,3,2472.45181962349,2466.827360178611
12,4,2466.827360178611,2463.8389627428655
12,5,2463.8389627428655,2467.1513519413197
12,6,2467.1513519413197,2467.0402615220587
12,7,2467.0402615220587,2470.2666709278615
12,8,2470.2666709278615,2471.2941273701135
12,9,2471.2941273701135,2473.2505244344015
12,10,2473.2505244344015,2470.99828194614
12,11,2470.99828194614,2472.308159331622
12,12,2472.308159331622,2474.1299449168077
12,13,2474.1299449168077,2472.6883266862237
12,14,2472.6883266862237,2474.087177612764
12,15,2474.087177612764,2475.502647009201
12,16,2475.502647009201,2474.1287654563757
12,17,2474.1287654563757,2471.321844375698
12,18,2471.321844375698,2468.3615235459524
12,19,2468.3615235459524,2468.5777874007563
12,20,2468.5777874007563,2469.3953120727297
12,21,2469.3953120727297,2467.4139974965847
12,22,2467.4139974965847,2467.4804608499
12,23,2467.4804608499,2468.906803440246
12,24,2468.906803440246,2470.4522802269094
12,25,2470.4522802269094,2474.3319805272154
12,26,2474.3319805272154,2477.5244326077104
12,27,2477.5244326077104,2475.021204025819
12,28,2475.021204025819,2479.230169549664
12,29,2479.230169549664,2477.902728288275
12,30,2477.902728288275,2480.514910319411
12,31,2480.514910319411,2480.6848768845384
12,32,2480.6848768845384,2479.654503438396
12,33,2479.654503438396,2475.1352612889586
12,34,2475.1352612889586,2474.7063500134177
12,35,2474.7063500134177,2470.807891925154
12,36,2470.807891925154,2473.226140014761
12,37,2473.226140014761,2477.018121657609
12,38,2477.018121657609,2475.025844184367
12,39,2475.025844184367,2475.780771040665
12,40,2475.780771040665,2473.9672922356453
12,41,2473.9672922356453,2472.3960804103035
12,42,2472.3960804103035,2474.332317169967
12,43,2474.332317169967,2474.2359715153584
12,44,2474.2359715153584,2478.5850916201857
12,45,2478.5850916201857,2477.379510423428
12,46,2477.379510423428,2479.8778512546146
12,47,2479.8778512546146,2480.121384787009
12,48,2480.121384787009,2482.1108298113695
12,49,2482.1108298113695,2480.9929356680445
12,50,2480.9929356680445,2480.8690385741656
12,51,2480.8690385741656,2480.5802913759185
12,52,2480.5802913759185,2478.490148588804
12,53,2478.490148588804,2480.1453524252584
12,54,2480.1453524252584,2481.7709749392043
12,55,2481.7709749392043,2483.2548616764684
12,56,2483.2548616764684,2487.0972758112625
12,57,2487.0972758112625,2490.7206378143533
12,58,2490.7206378143533,2489.7832760897304
12,59,2489.7832760897304,2490.715906885816
12,60,2490.715906885816,2489.1569051626702
12,61,2489.1569051626702,2489.2152934529568
12,62,2489.2152934529568,2487.7159198301597
12,63,2487.7159198301597,2491.766095603
12,64,2491.766095603,2492.6753409788575
12,65,2492.6753409788575,2492.1302681585967
12,66,2492.1302681585967,2495.1143145882374
12,67,2495.1143145882374,2489.687776063749
12,68,2489.687776063749,2484.6525195765857
12,69,2484.6525195765857,2486.6421162146353
12,70,2486.6421162146353,2486.7932873349287
12,71,2486.7932873349287,2487.4194030855806
12,72,2487.4194030855806,2484.103412827284
12,73,2484.103412827284,2484.045328550158
12,74,2484.045328550158,2489.0541020761616
12,75,2489.0541020761616,2491.1146011256515
12,76,2491.1146011256515,2491.5388674885085
12,77,2491.5388674885085,2490.4412327132463
12,78,2490.4412327132463,2489.4548005835727
12,79,2489.4548005835727,2484.1318058605725
12,80,2484.1318058605725,2484.7759069128756
12,81,2484.7759069128756,2486.8896146840802
12,82,2486.8896146840802,2482.950566366154
12,83,2482.950566366154,2481.297024135387
12,84,2481.297024135387,2478.403362554803
12,85,2478.403362554803,2475.9899845677814
12,86,2475.9899845677814,2476.123688634836
12,87,2476.123688634836,2470.912683247365
12,88,2470.912683247365,2472.4483593432574
12,89,2472.4483593432574,2474.3329970180916
12,90,2474.3329970180916,2473.7052405479994
12,91,2473.7052405479994,2467.5034692730383
12,92,2467.5034692730383,2465.0124227080323
12,93,2465.0124227080323,2468.094677543289
12,94,2468.094677543289,2461.1496918414678
12,95,2461.1496918414678,2460.280883310984
12,96,2460.280883310984,2457.330881364816
12,97,2457.330881364816,2459.342307118778
12,98,2459.342307118778,2457.6545222384193
13,0,2429.853364505264,2434.443929104589
13,1,2434.443929104589,2433.9365742454006
13,2,2433.9365742454006,2434.8766851694572
13,3,2434.8766851694572,2431.164046471639
13,4,2431.164046471639,2434.1400803798733
13,5,2434.1400803798733,2432.238808259695
13,6,2432.238808259695,2430.8369228494757
13,7,2430.8369228494757,2430.781303362353
13,8,2430.781303362353,2426.8740924990034
13,9,2426.8740924990034,2427.4460175713257
13,10,2427.4460175713257,2429.8646832536383
13,11,2429.8646832536383,2430.5970178123816
13,12,2430.5970178123816,2426.624773901935
13,13,2426.624773901935,2426.315250666111
13,14,2426.315250666111,2428.1703229235595
13,15,2428.1703229235595,2423.475351008645
13,16,2423.475351008645,2420.7884359741006
13,17,2420.7884359741006,2422.9797949843046
13,18,2422.9797949843046,2423.655033569798
13,19,2423.655033569798,2424.6849625251148
13,20,2424.6849625251148,2429.333699544173
13,21,2429.333699544173,2430.505081490439
13,22,2430.505081490439,2432.1498015165216
13,23,2432.1498015165216,2438.9266653345676
13,24,2438.9266653345676,2438.3921539393414
13,25,2438.3921539393414,2436.397447030295
13,26,2436.397447030295,2437.466938025913
13,27,2437.466938025913,2438.564415599385
13,28,2438.564415599385,2437.2476271195196
13,29,2437.2476271195196,2434.6666345706326
13,30,2434.6666345706326,2440.441245625858
13,31,2440.441245625858,2441.2583543018277
13,32,2441.2583543018277,2439.4276408483224
13,33,2439.4276408483224,2441.7174666040214
13,34,2441.7174666040214,2441.444603725118
13,35,2441.444603725118,2440.812400109324
13,36,2440.812400109324,2442.21808228911
13,37,2442.21808228911,2438.9883766185308
13,38,2438.9883766185308,2439.8699446283235
13,39,2439.8699446283235,2444.6523316476528
13,40,2444.6523316476528,2445.817775803146
13,41,2445.817775803146,2444.8772455436874
13,42,2444.8772455436874,2443.609482342617
13,43,2443.609482342617,2442.5836324092543
13,44,2442.5836324092543,2441.948725714135
13,45,2441.948725714135,2441.0042093822394
13,46,2441.0042093822394,2443.2949879849257
13,47,2443.2949879849257,2438.9619652269034
13,48,2438.9619652269034,2441.1169653529337
13,49,2441.1169653529337,2440.167749040077
13,50,2440.167749040077,2441.1101185043153
13,51,2441.1101185043153,2438.292648728813
13,52,2438.292648728813,2441.614226395937
13,53,2441.614226395937,2444.7283137963664
13,54,2444.7283137963664,2447.1272901107413
13,55,2447.1272901107413,2443.3404031712575
13,56,2443.3404031712575,2445.4132058489226
13,57,2445.4132058489226,2446.425343568012
13,58,2446.425343568012,2442.4121654501805
13,59,2442.4121654501805,2442.3514219907534
13,60,2442.3514219907534,2443.2627582133364
13,61,2443.2627582133364,2444.652946397894
13,62,2444.652946397894,2445.0960998152664
13,63,2445.0960998152664,2445.824178357385
13,64,2445.824178357385,2449.5082068380175
13,65,2449.5082068380175,2452.573291612794
13,66,2452.573291612794,2445.405654228337
13,67,2445.405654228337,2444.612057841243
13,68,2444.612057841243,2444.200430272383
13,69,2444.200430272383,2439.8201838405657
13,70,2439.8201838405657,2440.0556414861467
13,71,2440.0556414861467,2443.177535917173
13,72,2443.177535917173,2440.4611162681963
13,73,2440.4611162681963,2441.302118614921
13,74,2441.302118614921,2439.01255992168
13,75,2439.01255992168,2437.3327798624805
13,76,2437.3327798624805,2441.0262639479056
13,77,2441.0262639479056,2439.669869397626
13,78,2439.669869397626,2440.8254006201523
13,79,2440.8254006201523,2436.1473553299998
13,80,2436.1473553299998,2440.803149233487
13,81,2440.803149233487,2442.3097803492533
13,82,2442.3097803492533,2441.8535307426278
13,83,2441.8535307426278,2443.2923970176275
13,84,2443.2923970176275,2439.767848445258
13,85,2439.767848445258,2442.7241752996397
13,86,2442.7241752996397,2441.9142133608984
13,87,2441.9142133608984,2441.4040395732773
13,88,2441.4040395732773,2440.1749005358633
13,89,2440.1749005358633,2438.7232720289994
13,90,2438.7232720289994,2440.4599485580707
13,91,2440.4599485580707,2441.0997156833314
13,92,2441.0997156833314,2442.729086036839
13,93,2442.729086036839,2442.707099313125
13,94,2442.707099313125,2443.990098840818
13,95,2443.990098840818,2442.9429769810054
13,96,2442.9429769810054,2448.5173065845293
13,97,2448.5173065845293,2444.597480543453
13,98,2444.597480543453,2447.7498238523604
14,0,2432.6596805607455,2438.2328645871353
14,1,2438.2328645871353,2440.7215902944986
14,2,2440.7215902944986,2443.149437811556
14,3,2443.149437811556,2443.2194932791203
14,4,2443.2194932791203,2442.6764278835735
14,5,2442.6764278835735,2442.1529058159745
14,6,2442.1529058159745,2443.1292323067732
14,7,2443.1292323067732,2446.632197994358
14,8,2446.632197994358,2447.085483539012
14,9,2447.085483539012,2444.8068744811685
14,10,2444.8068744811685,2446.8679421371307
14,11,2446.8679421371307,2449.1708190031177
14,12,2449.1708190031177,2450.807467824237
14,13,2450.807467824237,2452.6712150905496
14,14,2452.6712150905496,2451.993894765155
14,15,2451.993894765155,2449.6714218473285
14,16,2449.6714218473285,2447.5009382707267
14,17,2447.5009382707267,2443.412280149582
14,18,2443.412280149582,2444.004651678447
14,19,2444.004651678447,2443.7960297203804
14,20,2443.7960297203804,2442.6960604590563
14,21,2442.6960604590563,2435.3070133981937
14,22,2435.3070133981937,2432.1887197239585
14,23,2432.1887197239585,2434.9908213524664
14,24,2434.9908213524664,2433.3292563523087
14,25,2433.3292563523087,2434.230735546451
14,26,2434.230735546451,2430.754021971513
14,27,2430.754021971513,2434.350785677411
14,28,2434.350785677411,2433.9907165272743
14,29,2433.9907165272743,2434.715817518483
14,30,2434.715817518483,2440.5302669981875
14,31,2440.5302669981875,2444.321367249661
14,32,2444.321367249661,2443.5549531964434
14,33,2443.5549531964434,2442.0719027342675
14,34,2442.0719027342675,2441.2580402054687
14,35,2441.2580402054687,2442.53278582666
14,36,2442.53278582666,2442.269725491033
14,37,2442.269725491033,2441.281615128524
14,38,2441.281615128524,2444.949568255297
14,39,2444.949568255297,2444.6640435258523
14,40,2444.6640435258523,2450.4130162584456
14,41,2450.4130162584456,2450.6398726678262
14,42,2450.6398726678262,2455.103168653388
14,43,2455.103168653388,2455.9964672101646
14,44,2455.9964672101646,2458.403868643288
14,45,2458.403868643288,2456.5923410144937
14,46,2456.5923410144937,2454.4579429580253
14,47,2454.4579429580253,2455.6072078455627
14,48,2455.6072078455627,2458.078590951726
14,49,2458.078590951726,2458.1792322067267
14,50,2458.1792322067267,2454.9632488690177
14,51,2454.9632488690177,2451.562602953294
14,52,2451.562602953294,2447.9947619478285
14,53,2447.9947619478285,2443.57570666548
14,54,2443.57570666548,2443.849420064098
14,55,2443.849420064098,2446.662029868368
14,56,2446.662029868368,2446.628490401056
14,57,2446.628490401056,2440.9774535077113
14,58,2440.9774535077113,2440.500552356875
14,59,2440.500552356875,2440.0935548652933
14,60,2440.0935548652933,2445.333551740857
14,61,2445.333551740857,2441.6907069585577
14,62,2441.6907069585577,2440.71401295206
14,63,2440.71401295206,2444.9786446534213
14,64,2444.9786446534213,2446.1035905067874
14,65,2446.1035905067874,2447.5118731905786
14,66,2447.5118731905786,2447.7983342831385
14,67,2447.7983342831385,2448.6231931297816
14,68,2448.6231931297816,2450.5672169554778
14,69,2450.5672169554778,2448.543501158246
14,70,2448.543501158246,2450.7386476055162
14,71,2450.7386476055162,2447.3061400633023
14,72,2447.3061400633023,2448.1270599953814
14,73,2448.1270599953814,2448.573912403597
14,74,2448.573912403597,2447.033179683117
14,75,2447.033179683117,2446.976466494803
14,76,2446.976466494803,2445.420116113139
14,77,2445.420116113139,2442.740862795985
14,78,2442.740862795985,2441.856825941951
14,79,2441.856825941951,2439.0968543535214
14,80,2439.0968543535214,2439.9038480137547
14,81,2439.9038480137547,2437.028634278374
14,82,2437.028634278374,2438.8085768358515
14,83,2438.8085768358515,2435.8548791660296
14,84,2435.8548791660296,2434.439141877077
14,85,2434.439141877077,2432.877633356539
14,86,2432.877633356539,2436.190500178726
14,87,2436.190500178726,2437.0162250427675
14,88,2437.0162250427675,2436.4868905364065
14,89,2436.4868905364065,2437.733689139081
14,90,2437.733689139081,2432.4657082707567
14,91,2432.4657082707567,2432.3578742966547
14,92,2432.3578742966547,2437.3516597411667
14,93,2437.3516597411667,2437.6825260071732
14,94,2437.6825260071732,2437.8523089300966
14,95,2437.8523089300966,2439.222629879202
14,96,2439.222629879202,2441.4616429874877
14,97,2441.4616429874877,2436.4679762552632
14,98,2436.4679762552632,2432.2621600507855
15,0,2474.5283575772464,2477.808420732796
15,1,2477.808420732796,2477.020484758083
15,2,2477.020484758083,2472.1841579188003
15,3,2472.1841579188003,2469.0141231266903
15,4,2469.0141231266903,2462.139933077614
15,5,2462.139933077614,2461.554619234407
15,6,2461.554619234407,2461.083658916246
15,7,2461.083658916246,2460.022502141791
15,8,2460.022502141791,2462.7196997393653
15,9,2462.7196997393653,2465.715999330657
15,10,2465.715999330657,2465.2900282722667
15,11,2465.2900282722667,2459.9532941035745
15,12,2459.9532941035745,2461.496498054805
15,13,2461.496498054805,2462.884898626077
15,14,2462.884898626077,2463.658377551469
15,15,2463.658377551469,2466.1120769247395
15,16,2466.1120769247395,2463.200006683587
15,17,2463.200006683587,2468.22189514905
15,18,2468.22189514905,2465.8233257661955
15,19,2465.8233257661955,2467.696383084198
15,20,2467.696383084198,2463.478013848164
15,21,2463.478013848164,2461.152352129989
15,22,2461.152352129989,2464.9432737468023
15,23,2464.9432737468023,2464.2910241893
15,24,2464.2910241893,2466.390830702132
15,25,2466.390830702132,2466.98321917393
15,26,2466.98321917393,2466.7208237839295
15,27,2466.7208237839295,2470.1304495962613
15,28,2470.1304495962613,2469.5388025346315
15,29,2469.5388025346315,2465.086957265723
15,30,2465.086957265723,2463.0788570358436
15,31,2463.0788570358436,2464.4568363575977
15,32,2464.4568363575977,2465.445609123504
15,33,2465.445609123504,2461.527963497915
15,34,2461.527963497915,2459.717107199395
15,35,2459.717107199395,2458.2628038263892
15,36,2458.2628038263892,2457.3491298411036
15,37,2457.3491298411036,2453.9093458695997
15,38,2453.9093458695997,2452.338418099301
15,39,2452.338418099301,2450.5168918861523
15,40,2450.5168918861523,2452.445725035557
15,41,2452.445725035557,2454.468528313033
15,42,2454.468528313033,2454.104002167811
15,43,2454.104002167811,2453.123902678134
15,44,2453.123902678134,2453.473713458232
15,45,2453.473713458232,2451.432275689593
15,46,2451.432275689593,2448.5651954841746
15,47,2448.5651954841746,2446.2146424618604
15,48,2446.2146424618604,2444.627609551932
15,49,2444.627609551932,2441.718925052451
15,50,2441.718925052451,2442.124073950108
15,51,2442.124073950108,2443.9483631345674
15,52,2443.9483631345674,2439.980617382572
15,53,2439.980617382572,2440.043439160612
15,54,2440.043439160612,2439.493599672446
15,55,2439.493599672446,2440.347371386288
15,56,2440.347371386288,2440.315024466029
15,57,2440.315024466029,2436.6810262662
15,58,2436.6810262662,2433.5250530190574
15,59,2433.5250530190574,2433.59861195802
15,60,2433.59861195802,2436.1705642573834
15,61,2436.1705642573834,2430.6350958297758
15,62,2430.6350958297758,2431.4994122792796
15,63,2431.4994122792796,2434.4734672924988
15,64,2434.4734672924988,2434.090902601983
15,65,2434.090902601983,2435.466408842049
15,66,2435.466408842049,2433.7087361398044
15,67,2433.7087361398044,2433.410320641612
15,68,2433.410320641612,2429.3580368458415
15,69,2429.3580368458415,2423.4971785747944
15,70,2423.4971785747944,2425.8540930778577
15,71,2425.8540930778577,2423.3916057585466
15,72,2423.3916057585466,2422.252786146038
15,73,2422.252786146038,2418.7866805128624
15,74,2418.7866805128624,2415.2617562551527
15,75,2415.2617562551527,2414.8271620049163
15,76,2414.8271620049163,2413.003219019577
15,77,2413.003219019577,2413.9481465145636
15,78,2413.9481465145636,2415.0794925620125
15,79,2415.0794925620125,2415.8816166778242
15,80,2415.8816166778242,2416.4781186551454
15,81,2416.4781186551454,2420.422539167475
15,82,2420.422539167475,2417.753554744863
15,83,2417.753554744863,2417.6162175793556
15,84,2417.6162175793556,2420.4479421306546
15,85,2420.4479421306546,2423.6092916539997
15,86,2423.6092916539997,2420.054882530638
15,87,2420.054882530638,2419.2739939264984
15,88,2419.2739939264984,2422.6692966661667
15,89,2422.6692966661667,2423.9394944291644
15,90,2423.9394944291644,2424.427652007864
15,91,2424.427652007864,2423.8834402742773
15,92,2423.8834402742773,2422.923937960008
15,93,2422.923937960008,2423.644485617734
15,94,2423.644485617734,2423.013550305273
15,95,2423.013550305273,2422.907103752662
15,96,2422.907103752662,2423.1036005179494
15,97,2423.1036005179494,2421.408421696716
15,98,2421.408421696716,2422.7387451314194
16,0,2418.0264808562724,2418.8365121667475
16,1,2418.8365121667475,2416.9360369452
16,2,2416.9360369452,2418.379543388998
16,3,2418.379543388998,2418.4959370723177
16,4,2418.4959370723177,2420.400574007424
16,5,2420.400574007424,2423.339340448696
16,6,2423.339340448696,2423.8203932431165
16,7,2423.8203932431165,2426.650523964152
16,8,2426.650523964152,2420.7897792296803
16,9,2420.7897792296803,2424.7659099744706
16,10,2424.7659099744706,2425.7035653542016
16,11,2425.7035653542016,2428.3981737435647
16,12,2428.3981737435647,2425.348484381461
16,13,2425.348484381461,2423.2715596774474
16,14,2423.2715596774474,2423.6364054128094
16,15,2423.6364054128094,2423.5938106894655
16,16,2423.5938106894655,2424.3014821594907
16,17,2424.3014821594907,2427.0127700618154
16,18,2427.0127700618154,2422.5997192735585
16,19,2422.5997192735585,2425.034266952852
16,20,2425.034266952852,2425.0549717277468
16,21,2425.0549717277468,2424.5455170749356
16,22,2424.5455170749356,2420.8677289889733
16,23,2420.8677289889733,2422.1253506599155
16,24,2422.1253506599155,2416.090081032338
16,25,2416.090081032338,2417.7110660604344
16,26,2417.7110660604344,2413.980801471752
16,27,2413.980801471752,2414.1144462532957
16,28,2414.1144462532957,2413.816524159976
16,29,2413.816524159976,2416.7403695282105
16,30,2416.7403695282105,2416.293731605676
16,31,2416.293731605676,2414.5583852028117
16,32,2414.5583852028117,2413.2918784628837
16,33,2413.2918784628837,2416.47408538477
16,34,2416.47408538477,2417.8148278077224
16,35,2417.8148278077224,2416.8507528539144
16,36,2416.8507528539144,2416.259636804003
16,37,2416.259636804003,2412.3416940775396
16,38,2412.3416940775396,2413.3128795796683
16,39,2413.3128795796683,2408.9133403104297
16,40,2408.9133403104297,2410.7928314750184
16,41,2410.7928314750184,2411.1143854562465
16,42,2411.1143854562465,2417.0817649551814
16,43,2417.0817649551814,2414.3314260708707
16,44,2414.3314260708707,2414.074770843269
16,45,2414.074770843269,2418.5704900955766
16,46,2418.5704900955766,2421.548964196305
16,47,2421.548964196305,2419.8084340673554
16,48,2419.8084340673554,2420.368352638289
16,49,2420.368352638289,2420.3733510293264
16,50,2420.3733510293264,2421.078240697812
16,51,2421.078240697812,2419.3315396078497
16,52,2419.3315396078497,2419.108238601098
16,53,2419.108238601098,2415.1131076629063
16,54,2415.1131076629063,2415.4509162925765
16,55,2415.4509162925765,2416.575967976131
16,56,2416.575967976131,2416.007419444521
16,57,2416.007419444521,2411.969792218059
16,58,2411.969792218059,2414.4411218751875
16,59,2414.4411218751875,2415.3524344701696
16,60,2415.3524344701696,2413.537396725917
16,61,2413.537396725917,2412.835895608822
16,62,2412.835895608822,2409.0842221018675
16,63,2409.0842221018675,2406.520696782423
16,64,2406.520696782423,2405.17616841653
16,65,2405.17616841653,2408.24722044723
16,66,2408.24722044723,2406.6484619700113
16,67,2406.6484619700113,2408.2489961183333
16,68,2408.2489961183333,2406.903205611179
16,69,2406.903205611179,2407.523074513309
16,70,2407.523074513309,2407.1695857579493
16,71,2407.1695857579493,2409.3522272581813
16,72,2409.3522272581813,2408.015198912635
16,73,2408.015198912635,2404.0838782876285
16,74,2404.0838782876285,2400.6290057092197
16,75,2400.6290057092197,2400.0
16,76,2400.0,2400.0
16,77,2400.0,2401.0255300391987
16,78,2401.0255300391987,2400.0
16,79,2400.0,2405.9365163750663
16,80,2405.9365163750663,2401.5922298872233
16,81,2401.5922298872233,2402.101312833998
16,82,2402.101312833998,2400.0
16,83,2400.0,2400.0
16,84,2400.0,2400.353548683351
16,85,2400.353548683351,2400.0
16,86,2400.0,2400.59206529197
16,87,2400.59206529197,2405.3493339476554
16,88,2405.3493339476554,2404.215738201734
16,89,2404.215738201734,2404.8652578437477
16,90,2404.8652578437477,2407.427562076561
16,91,2407.427562076561,2407.0176783264938
16,92,2407.0176783264938,2405.565277855165
16,93,2405.565277855165,2400.0
16,94,2400.0,2401.6024767984873
16,95,2401.6024767984873,2401.319555774165
16,96,2401.319555774165,2400.0
16,97,2400.0,2400.3164917756944
16,98,2400.3164917756944,2400.0
17,0,2434.732032660617,2431.3860766323073
17,1,2431.3860766323073,2434.0043648474916
17,2,2434.0043648474916,2430.5101494396954
17,3,2430.5101494396954,2428.853395918807
17,4,2428.853395918807,2433.6607614039735
17,5,2433.6607614039735,2436.4791483080794
17,6,2436.4791483080794,2436.723158289318
17,7,2436.723158289318,2434.371832750565
17,8,2434.371832750565,2433.048651983815
17,9,2433.048651983815,2433.2318402702795
17,10,2433.2318402702795,2433.3256483511286
17,11,2433.3256483511286,2433.0984710270636
17,12,2433.0984710270636,2433.021389741853
17,13,2433.021389741853,2432.48545196759
17,14,2432.48545196759,2428.88050512849
17,15,2428.88050512849,2427.589228273088
17,16,2427.589228273088,2429.875788408055
17,17,2429.875788408055,2426.454952664177
17,18,2426.454952664177,2425.981063885329
17,19,2425.981063885329,2423.931679063402
17,20,2423.931679063402,2424.210055136897
17,21,2424.210055136897,2423.23847218423
17,22,2423.23847218423,2426.9319563466665
17,23,2426.9319563466665,2428.198414232142
17,24,2428.198414232142,2424.918906317699
17,25,2424.918906317699,2426.5969763467333
17,26,2426.5969763467333,2424.660346706078
17,27,2424.660346706078,2423.217855777634
17,28,2423.217855777634,2424.002403327902
17,29,2424.002403327902,2422.7730347785764
17,30,2422.7730347785764,2425.005174319384
17,31,2425.005174319384,2423.0688991656007
17,32,2423.0688991656007,2421.5215327841224
17,33,2421.5215327841224,2419.8806055502523
17,34,2419.8806055502523,2418.466508679365
17,35,2418.466508679365,2421.2144875682343
17,36,2421.2144875682343,2422.78647830226
17,37,2422.78647830226,2427.0613381872904
17,38,2427.0613381872904,2432.7304486970384
17,39,2432.7304486970384,2430.1536561172074
17,40,2430.1536561172074,2430.3297039355257
17,41,2430.3297039355257,2427.3892031439173
17,42,2427.3892031439173,2425.4451883245465
17,43,2425.4451883245465,2423.8699820489073
17,44,2423.8699820489073,2421.2270948635614
17,45,2421.2270948635614,2418.5973766813154
17,46,2418.5973766813154,2418.236665735015
17,47,2418.236665735015,2415.194869689049
17,48,2415.194869689049,2417.300187086893
17,49,2417.300187086893,2415.005803243349
17,50,2415.005803243349,2422.02972566859
17,51,2422.02972566859,2420.901264541179
17,52,2420.901264541179,2421.0813086459716
17,53,2421.0813086459716,2417.8429556848064
17,54,2417.8429556848064,2422.1081850801256
17,55,2422.1081850801256,2424.906936782133
17,56,2424.906936782133,2425.6492264589733
17,57,2425.6492264589733,2422.2822200870246
17,58,2422.2822200870246,2422.808887281336
17,59,2422.808887281336,2420.0053096662928
17,60,2420.0053096662928,2423.661197824976
17,61,2423.661197824976,2425.684184654609
17,62,2425.684184654609,2425.9227822508283
17,63,2425.9227822508283,2419.83184309271
17,64,2419.83184309271,2417.3733031460624
17,65,2417.3733031460624,2419.092705975062
17,66,2419.092705975062,2422.1249152043697
17,67,2422.1249152043697,2424.8978397331
17,68,2424.8978397331,2420.9178072274967
17,69,2420.9178072274967,2421.671687994529
17,70,2421.671687994529,2424.210476035736
17,71,2424.210476035736,2420.0646371217804
17,72,2420.0646371217804,2420.0448758333473
17,73,2420.0448758333473,2420.7294818291184
17,74,2420.7294818291184,2419.9775703670016
17,75,2419.9775703670016,2415.3471657284986
17,76,2415.3471657284986,2414.532920453314
17,77,2414.532920453314,2413.7146568776766
17,78,2413.7146568776766,2413.344475866307
17,79,2413.344475866307,2411.9357973027445
17,80,2411.9357973027445,2410.828266919641
17,81,2410.828266919641,2410.7290012137737
17,82,2410.7290012137737,2411.835137726198
17,83,2411.835137726198,2411.074070819056
17,84,2411.074070819056,2410.049948498136
17,85,2410.049948498136,2410.280833593772
17,86,2410.280833593772,2405.478543779034
17,87,2405.478543779034,2406.6711315971
17,88,2406.6711315971,2406.669723854293
17,89,2406.669723854293,2406.7689576707867
17,90,2406.7689576707867,2409.1707934397728
17,91,2409.1707934397728,2404.288754614652
17,92,2404.288754614652,2400.0
17,93,2400.0,2400.684509613309
17,94,2400.684509613309,2400.6667174754875
17,95,2400.6667174754875,2401.0921598334676
17,96,2401.0921598334676,2400.0
17,97,2400.0,2401.6608841856
17,98,2401.6608841856,2403.9924812930776
18,0,2452.025251990219,2446.756028521183
18,1,2446.756028521183,2448.679119041276
18,2,2448.679119041276,2451.73344070682
18,3,2451.73344070682,2453.34483673678
18,4,2453.34483673678,2451.1457306683615
18,5,2451.1457306683615,2452.830216652531
18,6,2452.830216652531,2454.9815409224343
18,7,2454.9815409224343,2458.878581541932
18,8,2458.878581541932,2456.688306731362
18,9,2456.688306731362,2456.122170270002
18,10,2456.122170270002,2457.9903503978603
18,11,2457.9903503978603,2458.133875576456
18,12,2458.133875576456,2455.340556571328
18,13,2455.340556571328,2456.3770972838947
18,14,2456.3770972838947,2457.8237513684326
18,15,2457.8237513684326,2458.04365860926
18,16,2458.04365860926,2458.5926209272097
18,17,2458.5926209272097,2457.9458561729953
18,18,2457.9458561729953,2461.6415535122856
18,19,2461.6415535122856,2459.389823053004
18,20,2459.389823053004,2457.9215211460946
18,21,2457.9215211460946,2457.9489849299134
18,22,2457.9489849299134,2460.1463699991655
18,23,2460.1463699991655,2456.402937073929
18,24,2456.402937073929,2453.1271951995154
18,25,2453.1271951995154,2448.0328739301785
18,26,2448.0328739301785,2448.114611993312
18,27,2448.114611993312,2445.3188474502954
18,28,2445.3188474502954,2444.3574721752507
18,29,2444.3574721752507,2446.01091764998
18,30,2446.01091764998,2444.407060848023
18,31,2444.407060848023,2444.985265904881
18,32,2444.985265904881,2444.2369211355017
18,33,2444.2369211355017,2445.9172069232427
18,34,2445.9172069232427,2447.1050270916126
18,35,2447.1050270916126,2445.375192851176
18,36,2445.375192851176,2444.953563467675
18,37,2444.953563467675,2447.5629219619764
18,38,2447.5629219619764,2448.546364137612
18,39,2448.546364137612,2445.053958993234
18,40,2445.053958993234,2446.6930041461624
18,41,2446.6930041461624,2443.981477590072
18,42,2443.981477590072,2447.5127602649745
18,43,2447.5127602649745,2450.0730073645773
18,44,2450.0730073645773,2450.797721054373
18,45,2450.797721054373,2451.1908031629637
18,46,2451.1908031629637,2450.668222522895
18,47,2450.668222522895,2452.364532401395
18,48,2452.364532401395,2451.43758697774
18,49,2451.43758697774,2452.0265116543396
18,50,2452.0265116543396,2454.206347570638
18,51,2454.206347570638,2452.8018312118243
18,52,2452.8018312118243,2451.2613493618474
18,53,2451.2613493618474,2448.2754356600362
18,54,2448.2754356600362,2445.6142537947208
18,55,2445.6142537947208,2441.043265516117
18,56,2441.043265516117,2442.867837488656
18,57,2442.867837488656,2447.390123843863
18,58,2447.390123843863,2450.9534462025385
18,59,2450.9534462025385,2446.8882349809724
18,60,2446.8882349809724,2448.700371659863
18,61,2448.700371659863,2452.2556375346717
18,62,2452.2556375346717,2451.113612582825
18,63,2451.113612582825,2451.3672311594505
18,64,2451.3672311594505,2446.3474985324387
18,65,2446.3474985324387,2447.0143389523805
18,66,2447.0143389523805,2444.3554396287936
18,67,2444.3554396287936,2444.8545271735725
18,68,2444.8545271735725,2440.9515198681
18,69,2440.9515198681,2442.3086654292943
18,70,2442.3086654292943,2444.869947117861
18,71,2444.869947117861,2442.9119974635732
18,72,2442.9119974635732,2440.0696910100473
18,73,2440.0696910100473,2434.6796334036726
18,74,2434.6796334036726,2434.0135995684846
18,75,2434.0135995684846,2432.5596147327806
18,76,2432.5596147327806,2428.6820662019104
18,77,2428.6820662019104,2429.8146130926907
18,78,2429.8146130926907,2428.689687138029
18,79,2428.689687138029,2426.000347241416
18,80,2426.000347241416,2424.613916227315
18,81,2424.613916227315,2427.292177574639
18,82,2427.292177574639,2428.799519934027
18,83,2428.799519934027,2428.4744547802807
18,84,2428.4744547802807,2430.022217326443
18,85,2430.022217326443,2427.119937435476
18,86,2427.119937435476,2427.2008626872935
18,87,2427.2008626872935,2427.56916851351
18,88,2427.56916851351,2426.394577242263
18,89,2426.394577242263,2427.4832230821567
18,90,2427.4832230821567,2425.5321394455455
18,91,2425.5321394455455,2426.8066912149857
18,92,2426.8066912149857,2428.186338143814
18,93,2428.186338143814,2420.8934384420713
18,94,2420.8934384420713,2423.8692027008465
18,95,2423.8692027008465,2416.2501212874645
18,96,2416.2501212874645,2414.7099987235742
18,97,2414.7099987235742,2417.2733688092185
18,98,2417.2733688092185,2416.4801519960874
19,0,2471.2426600023236,2473.8099243681254
19,1,2473.8099243681254,2469.006163041754
19,2,2469.006163041754,2471.828640794159
19,3,2471.828640794159,2471.6908855465535
19,4,2471.6908855465535,2468.7098972204476
19,5,2468.7098972204476,2467.252109539691
19,6,2467.252109539691,2464.709048686937
19,7,2464.709048686937,2466.8746116890834
19,8,2466.8746116890834,2468.7056812134906
19,9,2468.7056812134906,2464.4077783788007
19,10,2464.4077783788007,2463.3987980825023
19,11,2463.3987980825023,2461.2408339266417
19,12,2461.2408339266417,2464.47460884779
19,13,2464.47460884779,2461.099361052474
19,14,2461.099361052474,2465.109933814186
19,15,2465.109933814186,2465.026696965394
19,16,2465.026696965394,2462.1218609494435
19,17,2462.1218609494435,2460.42867548942
19,18,2460.42867548942,2458.424628387499
19,19,2458.424628387499,2455.23808238246
19,20,2455.23808238246,2455.475149531786
19,21,2455.475149531786,2452.4053606550565
19,22,2452.4053606550565,2446.954445133211
19,23,2446.954445133211,2446.00525395609
19,24,2446.00525395609,2441.4981134650457
19,25,2441.4981134650457,2439.6177112948767
19,26,2439.6177112948767,2437.344954073368
19,27,2437.344954073368,2435.1669138933034
19,28,2435.1669138933034,2440.169321647279
19,29,2440.169321647279,2440.310350565203
19,30,2440.310350565203,2440.923778087691
19,31,2440.923778087691,2436.4827823468354
19,32,2436.4827823468354,2434.847874512743
19,33,2434.847874512743,2435.386131087597
19,34,2435.386131087597,2432.824808805314
19,35,2432.824808805314,2435.0949659141093
19,36,2435.0949659141093,2432.088224449357
19,37,2432.088224449357,2431.372309109694
19,38,2431.372309109694,2429.907180009755
19,39,2429.907180009755,2430.3179816582096
19,40,2430.3179816582096,2428.716756478571
19,41,2428.716756478571,2428.0395224108934
19,42,2428.0395224108934,2427.449197181448
19,43,2427.449197181448,2425.61322778797
19,44,2425.61322778797,2426.825962459213
19,45,2426.825962459213,2427.4219333963065
19,46,2427.4219333963065,2427.2003985331735
19,47,2427.2003985331735,2426.1242526995184
19,48,2426.1242526995184,2428.115612775818
19,49,2428.115612775818,2427.526027166283
19,50,2427.526027166283,2426.759283946718
19,51,2426.759283946718,2427.021009021438
19,52,2427.021009021438,2431.2624757288654
19,53,2431.2624757288654,2427.9115852088125
19,54,2427.9115852088125,2429.836227441451
19,55,2429.836227441451,2425.1032995383557
19,56,2425.1032995383557,2425.6464824339273
19,57,2425.6464824339273,2429.5841895029494
19,58,2429.5841895029494,2430.8058608141178
19,59,2430.8058608141178,2431.232423510467
19,60,2431.232423510467,2429.8312998384595
19,61,2429.8312998384595,2429.9089178396807
19,62,2429.9089178396807,2429.278760801172
19,63,2429.278760801172,2427.313819281344
19,64,2427.313819281344,2426.5891302426567
19,65,2426.5891302426567,2427.0850831442226
19,66,2427.0850831442226,2425.167040472896
19,67,2425.167040472896,2423.1513359211845
19,68,2423.1513359211845,2419.750727327204
19,69,2419.750727327204,2420.727539892426
19,70,2420.727539892426,2422.090848047344
19,71,2422.090848047344,2422.6699991579353
19,72,2422.6699991579353,2425.082925389757
19,73,2425.082925389757,2425.3025944824585
19,74,2425.3025944824585,2426.282621825873
19,75,2426.282621825873,2427.0422153899667
19,76,2427.0422153899667,2426.813365341421
19,77,2426.813365341421,2425.486310771097
19,78,2425.486310771097,2431.021692310577
19,79,2431.021692310577,2429.891814860943
19,80,2429.891814860943,2428.227120583142
19,81,2428.227120583142,2429.3121451417674
19,82,2429.3121451417674,2429.941781180005
19,83,2429.941781180005,2426.429802310979
19,84,2426.429802310979,2429.236497947388
19,85,2429.236497947388,2429.0010115090113
19,86,2429.0010115090113,2426.223683770972
19,87,2426.223683770972,2429.1956440568565
19,88,2429.1956440568565,2430.759832985847
19,89,2430.759832985847,2427.598478005977
19,90,2427.598478005977,2432.0414351066215
19,91,2432.0414351066215,2433.688428527537
19,92,2433.688428527537,2433.6629382384745
19,93,2433.6629382384745,2437.638485252529
19,94,2437.638485252529,2438.036729712103
19,95,2438.036729712103,2437.966522024343
19,96,2437.966522024343,2436.315771734288
19,97,2436.315771734288,2437.770397832556
19,98,2437.770397832556,2438.9619052508656
20,0,2448.2663334784247,2448.59115811384
20,1,2448.59115811384,2448.4166611494343
20,2,2448.4166611494343,2445.0829753525986
20,3,2445.0829753525986,2441.4034444742883
20,4,2441.4034444742883,2442.8163279213127
20,5,2442.8163279213127,2436.3116071336835
20,6,2436.3116071336835,2436.825133451087
20,7,2436.825133451087,2435.6299258067024
20,8,2435.6299258067024,2438.9005423239023
20,9,2438.9005423239023,2437.666871801018
20,10,2437.666871801018,2439.3155823366474
20,11,2439.3155823366474,2438.323297733553
20,12,2438.323297733553,2438.607668117268
20,13,2438.607668117268,2440.4497594445684
20,14,2440.4497594445684,2439.2933701537568
20,15,2439.2933701537568,2441.784757365003
20,16,2441.784757365003,2439.3005126722364
20,17,2439.3005126722364,2440.0369947786326
20,18,2440.0369947786326,2442.343594085602
20,19,2442.343594085602,2443.993687815078
20,20,2443.993687815078,2448.7848000069166
20,21,2448.7848000069166,2446.87620171364
20,22,2446.87620171364,2443.4283285852684
20,23,2443.4283285852684,2440.942490814031
20,24,2440.942490814031,2442.593597230402
20,25,2442.593597230402,2443.8384045660755
20,26,2443.8384045660755,2444.094046215194
20,27,2444.094046215194,2441.286653592426
20,28,2441.286653592426,2443.2038218257485
20,29,2443.2038218257485,2440.142059881622
20,30,2440.142059881622,2443.0394338375645
20,31,2443.0394338375645,2450.183029895414
20,32,2450.183029895414,2451.099157761843
20,33,2451.099157761843,2452.556928100987
20,34,2452.556928100987,2451.3247786787483
20,35,2451.3247786787483,2446.799245376031
20,36,2446.799245376031,2445.292446968456
20,37,2445.292446968456,2442.560208865709
20,38,2442.560208865709,2438.942697424671
20,39,2438.942697424671,2443.2485972796603
20,40,2443.2485972796603,2443.930753574725
20,41,2443.930753574725,2444.8799725262597
20,42,2444.8799725262597,2444.107416613269
20,43,2444.107416613269,2443.6752389071603
20,44,2443.6752389071603,2446.0866156127586
20,45,2446.0866156127586,2446.0057728160205
20,46,2446.0057728160205,2447.332507661082
20,47,2447.332507661082,2446.84249691647
20,48,2446.84249691647,2445.98711468964
20,49,2445.98711468964,2442.469829275635
20,50,2442.469829275635,2437.5254566197173
20,51,2437.5254566197173,2436.871551867051
20,52,2436.871551867051,2437.012793597034
20,53,2437.012793597034,2433.7974685052623
20,54,2433.7974685052623,2433.7112813426756
20,55,2433.7112813426756,2433.845662750152
20,56,2433.845662750152,2428.4556427350035
20,57,2428.4556427350035,2426.167831086305
20,58,2426.167831086305,2427.1859908206434
20,59,2427.1859908206434,2428.1536376441327
20,60,2428.1536376441327,2425.2694503531334
20,61,2425.2694503531334,2425.6655704793825
20,62,2425.6655704793825,2428.2215885427836
20,63,2428.2215885427836,2430.164270940261
20,64,2430.164270940261,2429.926056472726
20,65,2429.926056472726,2428.7561156894153
20,66,2428.7561156894153,2427.182754478579
20,67,2427.182754478579,2428.3523039358533
20,68,2428.3523039358533,2428.840063868711
20,69,2428.840063868711,2430.4135738839664
20,70,2430.4135738839664,2430.743258416769
20,71,2430.743258416769,2432.7901682926376
20,72,2432.7901682926376,2433.026649625032
20,73,2433.026649625032,2434.988371415361
20,74,2434.988371415361,2437.1654283412777
20,75,2437.1654283412777,2435.1541117657157
20,76,2435.1541117657157,2430.6337516485387
20,77,2430.6337516485387,2434.492483788575
20,78,2434.492483788575,2435.134130615356
20,79,2435.134130615356,2430.8479158766154
20,80,2430.8479158766154,2429.0633671335686
20,81,2429.0633671335686,2430.993052864493
20,82,2430.993052864493,2430.293860786661
20,83,2430.293860786661,2429.013707238363
20,84,2429.013707238363,2432.5159118891456
20,85,2432.5159118891456,2429.897694023186
20,86,2429.897694023186,2427.902310628799
20,87,2427.902310628799,2428.43077681642
20,88,2428.43077681642,2429.4069141465548
20,89,2429.4069141465548,2430.6477717324065
20,90,2430.6477717324065,2432.9258668438288
20,91,2432.9258668438288,2433.4223133955325
20,92,2433.4223133955325,2434.6457732428785
20,93,2434.6457732428785,2433.9977500945906
20,94,2433.9977500945906,2434.1544958526824
20,95,2434.1544958526824,2434.4233313028167
20,96,2434.4233313028167,2434.9610766423643
20,97,2434.9610766423643,2436.892426161321
20,98,2436.892426161321,2438.280290366183
21,0,2448.228389971162,2448.397568116319
21,1,2448.397568116319,2448.3275236540794
21,2,2448.3275236540794,2448.8104776036125
21,3,2448.8104776036125,2454.3267908714633
21,4,2454.3267908714633,2453.0173589251103
21,5,2453.0173589251103,2454.0730814729236
21,6,2454.0730814729236,2456.744236641034
21,7,2456.744236641034,2456.9892414262827
21,8,2456.9892414262827,2462.833854224213
21,9,2462.833854224213,2461.8887559948844
21,10,2461.8887559948844,2462.6989790506846
21,11,2462.6989790506846,2460.701964688452
21,12,2460.701964688452,2459.8231528505935
21,13,2459.8231528505935,2460.445487626585
21,14,2460.445487626585,2462.5612477823543
21,15,2462.5612477823543,2463.3589848674133
21,16,2463.3589848674133,2466.50677199075
21,17,2466.50677199075,2466.2693587142685
21,18,2466.2693587142685,2465.438937389671
21,19,2465.438937389671,2472.1989001578695
21,20,2472.1989001578695,2473.1844942814746
21,21,2473.1844942814746,2471.3857904165284
21,22,2471.3857904165284,2469.6501310109084
21,23,2469.6501310109084,2467.29343122458
21,24,2467.29343122458,2469.634854614222
21,25,2469.634854614222,2468.723911381989
21,26,2468.723911381989,2469.0423175711303
21,27,2469.0423175711303,2468.8835458850344
21,28,2468.8835458850344,2470.712276904887
21,29,2470.712276904887,2468.595416672677
21,30,2468.595416672677,2465.9064859573195
21,31,2465.9064859573195,2466.4672292252735
21,32,2466.4672292252735,2467.969627437023
21,33,2467.969627437023,2468.8009582197674
21,34,2468.8009582197674,2466.777323897024
21,35,2466.777323897024,2468.4710360022523
21,36,2468.4710360022523,2466.6113836845134
21,37,2466.6113836845134,2465.3075370725473
21,38,2465.3075370725473,2462.9476532607423
21,39,2462.9476532607423,2466.2005491323725
21,40,2466.2005491323725,2467.784102984941
21,41,2467.784102984941,2469.2965864241382
21,42,2469.2965864241382,2472.4146149769945
21,43,2472.4146149769945,2479.4462380975915
21,44,2479.4462380975915,2475.1731728378163
21,45,2475.1731728378163,2473.3272313856237
21,46,2473.3272313856237,2471.7867936751873
21,47,2471.7867936751873,2469.6597446192304
21,48,2469.6597446192304,2466.965786500221
21,49,2466.965786500221,2466.2166538400825
21,50,2466.2166538400825,2463.175144551859
21,51,2463.175144551859,2464.0127504707025
21,52,2464.0127504707025,2464.141996274274
21,53,2464.141996274274,2465.344567936183
21,54,2465.344567936183,2466.6138890652787
21,55,2466.6138890652787,2468.1214061988453
21,56,2468.1214061988453,2467.1878838567854
21,57,2467.1878838567854,2472.4907423633695
21,58,2472.4907423633695,2473.0768201545748
21,59,2473.0768201545748,2468.420608273013
21,60,2468.420608273013,2465.9146689085974
21,61,2465.9146689085974,2461.5634114360278
21,62,2461.5634114360278,2461.606748008906
21,63,2461.606748008906,2461.3022349487724
21,64,2461.3022349487724,2460.1311707040236
21,65,2460.1311707040236,2465.158485985025
21,66,2465.158485985025,2466.530943170217
21,67,2466.530943170217,2468.346189073833
21,68,2468.346189073833,2466.018505353978
21,69,2466.018505353978,2463.5206431256506
21,70,2463.5206431256506,2463.612656873393
21,71,2463.612656873393,2464.0451747225234
21,72,2464.0451747225234,2459.4043958047373
21,73,2459.4043958047373,2458.9536282476133
21,74,2458.9536282476133,2458.988808454797
21,75,2458.988808454797,2458.4509355403693
21,76,2458.4509355403693,2456.417459509503
21,77,2456.417459509503,2455.0686215547
21,78,2455.0686215547,2454.6264735707678
21,79,2454.6264735707678,2454.853473629793
21,80,2454.853473629793,2456.3654525861693
21,81,2456.3654525861693,2459.0675930985467
21,82,2459.0675930985467,2458.3317237897286
21,83,2458.3317237897286,2457.19133329944
21,84,2457.19133329944,2458.285472483276
21,85,2458.285472483276,2459.812584774303
21,86,2459.812584774303,2458.7270836911557
21,87,2458.7270836911557,2460.703067383571
21,88,2460.703067383571,2463.1520307364613
21,89,2463.1520307364613,2466.381246900608
21,90,2466.381246900608,2470.8270491674075
21,91,2470.8270491674075,2468.661008820759
21,92,2468.661008820759,2468.6957543440903
21,93,2468.6957543440903,2468.723948585637
21,94,2468.723948585637,2468.478764664306
21,95,2468.478764664306,2466.8556073652803
21,96,2466.8556073652803,2463.1417023572026
21,97,2463.1417023572026,2463.3734009722752
21,98,2463.3734009722752,2461.4525118234055
22,0,2473.4719206897157,2470.722774825105
22,1,2470.722774825105,2471.308520726047
22,2,2471.308520726047,2471.685824543063
22,3,2471.685824543063,2473.1340294713655
22,4,2473.1340294713655,2478.5986888874095
22,5,2478.5986888874095,2479.2919127154364
22,6,2479.2919127154364,2480.504617133097
22,7,2480.504617133097,2477.8107138109285
22,8,2477.8107138109285,2474.5934452095876
22,9,2474.5934452095876,2478.550518826521
22,10,2478.550518826521,2476.241819376688
22,11,2476.241819376688,2473.6319591980164
22,12,2473.6319591980164,2473.534211894975
22,13,2473.534211894975,2473.308730861532
22,14,2473.308730861532,2471.0524645954238
22,15,2471.0524645954238,2470.290031548641
22,16,2470.290031548641,2473.363470842766
22,17,2473.363470842766,2471.3484868206865
22,18,2471.3484868206865,2467.8643056097712
22,19,2467.8643056097712,2470.2207896620207
22,20,2470.2207896620207,2471.4515319418656
22,21,2471.4515319418656,2469.900235390244
22,22,2469.900235390244,2465.9448178499265
22,23,2465.9448178499265,2464.08325945883
22,24,2464.08325945883,2463.9464983667067
22,25,2463.9464983667067,2466.860678591416
22,26,2466.860678591416,2464.269223654242
22,27,2464.269223654242,2464.057923950463
22,28,2464.057923950463,2465.7457856002006
22,29,2465.7457856002006,2459.792617249896
22,30,2459.792617249896,2462.3770826697432
22,31,2462.3770826697432,2459.420956239227
22,32,2459.420956239227,2460.2509449728695
22,33,2460.2509449728695,2460.8676528468964
22,34,2460.8676528468964,2463.579118825556
22,35,2463.579118825556,2464.95642977779
22,36,2464.95642977779,2459.0132035484653
22,37,2459.0132035484653,2457.051255430575
22,38,2457.051255430575,2457.3967682539583
22,39,2457.3967682539583,2456.9093185386587
22,40,2456.9093185386587,2458.1033453630507
22,41,2458.1033453630507,2460.076761752225
22,42,2460.076761752225,2461.5978910932995
22,43,2461.5978910932995,2461.0622037369135
22,44,2461.0622037369135,2456.446361209112
22,45,2456.446361209112,2455.307658086975
22,46,2455.307658086975,2456.3485784573227
22,47,2456.3485784573227,2453.6224603259466
22,48,2453.6224603259466,2455.2006471512505
22,49,2455.2006471512505,2457.4716303944188
22,50,2457.4716303944188,2457.788797835158
22,51,2457.788797835158,2450.1293481693774
22,52,2450.1293481693774,2446.934127262598
22,53,2446.934127262598,2451.649600158988
22,54,2451.649600158988,2450.283255676417
22,55,2450.283255676417,2445.3228976185947
22,56,2445.3228976185947,2448.41101608937
22,57,2448.41101608937,2448.444405068229
22,58,2448.444405068229,2451.2067562906236
22,59,2451.2067562906236,2451.899152978672
22,60,2451.899152978672,2453.0455508192026
22,61,2453.0455508192026,2453.953073938489
22,62,2453.953073938489,2455.6967947182916
22,63,2455.6967947182916,2461.390370839682
22,64,2461.390370839682,2463.8178866795797
22,65,2463.8178866795797,2459.867038384966
22,66,2459.867038384966,2460.983692173163
22,67,2460.983692173163,2463.837394093421
22,68,2463.837394093421,2466.8441461097614
22,69,2466.8441461097614,2465.7776336521138
22,70,2465.7776336521138,2468.689994765084
22,71,2468.689994765084,2471.009350763962
22,72,2471.009350763962,2477.4406443563867
22,73,2477.4406443563867,2475.5656400157654
22,74,2475.5656400157654,2474.297138574764
22,75,2474.297138574764,2473.5318409536144
22,76,2473.5318409536144,2472.3062855785174
22,77,2472.3062855785174,2470.0812337041084
22,78,2470.0812337041084,2463.174544939924
22,79,2463.174544939924,2462.0877962556165
22,80,2462.0877962556165,2463.011191404866
22,81,2463.011191404866,2461.7781367911016
22,82,2461.7781367911016,2466.6165897499245
22,83,2466.6165897499245,2466.650029281714
22,84,2466.650029281714,2469.8776019196744
22,85,2469.8776019196744,2470.5311529514993
22,86,2470.5311529514993,2472.5971712262326
22,87,2472.5971712262326,2473.2952751110665
22,88,2473.2952751110665,2476.7172366908253
22,89,2476.7172366908253,2476.8570850661563
22,90,2476.8570850661563,2478.097386836378
22,91,2478.097386836378,2479.0132191705034
22,92,2479.0132191705034,2478.292505525185
22,93,2478.292505525185,2479.3049613224966
22,94,2479.3049613224966,2484.890926937991
22,95,2484.890926937991,2484.2149345827524
22,96,2484.2149345827524,2485.2635968148857
22,97,2485.2635968148857,2488.408044192059
22,98,2488.408044192059,2491.25867739442
23,0,2419.1268174081188,2420.41857445474
23,1,2420.41857445474,2414.869888808182
23,2,2414.869888808182,2418.5447318855354
23,3,2418.5447318855354,2418.9684165635185
23,4,2418.9684165635185,2421.4676016131984
23,5,2421.4676016131984,2419.2123237677456
23,6,2419.2123237677456,2415.3310550844953
23,7,2415.3310550844953,2415.9829410448483
23,8,2415.9829410448483,2415.898932444958
23,9,2415.898932444958,2414.670080379565
23,10,2414.670080379565,2414.881733581397
23,11,2414.881733581397,2421.8003233114778
23,12,2421.8003233114778,2423.8866371799004
23,13,2423.8866371799004,2426.5103836945586
23,14,2426.5103836945586,2428.620225923442
23,15,2428.620225923442,2432.318881283072
23,16,2432.318881283072,2431.8437021008203
23,17,2431.8437021008203,2426.706798831632
23,18,2426.706798831632,2426.235333499117
23,19,2426.235333499117,2428.2646727741085
23,20,2428.2646727741085,2425.8401717863208
23,21,2425.8401717863208,2425.3992569100974
23,22,2425.3992569100974,2423.6698325525917
23,23,2423.6698325525917,2427.4249056821996
23,24,2427.4249056821996,2429.298548220716
23,25,2429.298548220716,2430.9273997723258
23,26,2430.9273997723258,2432.4814030551283
23,27,2432.4814030551283,2432.388279923748
23,28,2432.388279923748,2432.882170630067
23,29,2432.882170630067,2429.919209178736
23,30,2429.919209178736,2424.4531042318595
23,31,2424.4531042318595,2424.828307057722
23,32,2424.828307057722,2425.6382826984027
23,33,2425.6382826984027,2428.661444119466
23,34,2428.661444119466,2432.589783659672
23,35,2432.589783659672,2436.514779872169
23,36,2436.514779872169,2434.0197208889344
23,37,2434.0197208889344,2433.13905830156
23,38,2433.13905830156,2434.3398940412635
23,39,2434.3398940412635,2440.669655735619
23,40,2440.669655735619,2444.3699037449037
23,41,2444.3699037449037,2447.1683966498995
23,42,2447.1683966498995,2446.198926761026
23,43,2446.198926761026,2443.990927683138
23,44,2443.990927683138,2445.963197391596
23,45,2445.963197391596,2443.21154423101
23,46,2443.21154423101,2442.615453353559
23,47,2442.615453353559,2442.3285084810545
23,48,2442.3285084810545,2446.3107887038614
23,49,2446.3107887038614,2445.424045446462
23,50,2445.424045446462,2439.3259213500305
23,51,2439.3259213500305,2440.5870329691866
23,52,2440.5870329691866,2438.839478336427
23,53,2438.839478336427,2438.9460558975215
23,54,2438.9460558975215,2438.729294145416
23,55,2438.729294145416,2438.0450341558717
23,56,2438.0450341558717,2440.0208856103336
23,57,2440.0208856103336,2436.188723414452
23,58,2436.188723414452,2434.896187852066
23,59,2434.896187852066,2436.6062826348593
23,60,2436.6062826348593,2435.0710706964983
23,61,2435.0710706964983,2431.0490539233233
23,62,2431.0490539233233,2432.7204422814652
23,63,2432.7204422814652,2435.528178857569
23,64,2435.528178857569,2435.4156908384616
23,65,2435.4156908384616,2430.513576842288
23,66,2430.513576842288,2432.278501209035
23,67,2432.278501209035,2428.1287815054857
23,68,2428.1287815054857,2428.900779697606
23,69,2428.900779697606,2426.6821201357507
23,70,2426.6821201357507,2423.7825219213332
23,71,2423.7825219213332,2422.677746878634
23,72,2422.677746878634,2422.219502987566
23,73,2422.219502987566,2420.6089823616
23,74,2420.6089823616,2422.0807405571377
23,75,2422.0807405571377,2420.9655671109904
23,76,2420.9655671109904,2423.41604429017
23,77,2423.41604429017,2424.1189772042785
23,78,2424.1189772042785,2422.3750841877877
23,79,2422.3750841877877,2420.210234478207
23,80,2420.210234478207,2416.0914937305884
23,81,2416.0914937305884,2416.8183266752553
23,82,2416.8183266752553,2415.931857807127
23,83,2415.931857807127,2410.0013689869684
23,84,2410.0013689869684,2408.662081805045
23,85,2408.662081805045,2406.409496731908
23,86,2406.409496731908,2410.3486907123347
23,87,2410.3486907123347,2406.0917441826014
23,88,2406.0917441826014,2402.4883671832663
23,89,2402.4883671832663,2405.2632912910303
23,90,2405.2632912910303,2408.6551991846904
23,91,2408.6551991846904,2406.7927418378763
23,92,2406.7927418378763,2405.212527280854
23,93,2405.212527280854,2406.7531157722374
23,94,2406.7531157722374,2400.935366279874
23,95,2400.935366279874,2400.0
23,96,2400.0,2400.0
23,97,2400.0,2403.874726415323
23,98,2403.874726415323,2402.785401194906
24,0,2417.1352133140485,2422.402425147244
24,1,2422.402425147244,2420.960303964373
24,2,2420.960303964373,2420.9182121550393
24,3,2420.9182121550393,2425.4733502083964
24,4,2425.4733502083964,2421.6678520204177
24,5,2421.6678520204177,2424.236804696802
24,6,2424.236804696802,2421.691015865899
24,7,2421.691015865899,2421.9471967836566
24,8,2421.9471967836566,2421.340649165156
24,9,2421.340649165156,2418.945620163403
24,10,2418.945620163403,2416.4878653442574
24,11,2416.4878653442574,2417.178901254892
24,12,2417.178901254892,2419.667749575299
24,13,2419.667749575299,2419.3434090673277
24,14,2419.3434090673277,2419.5186919641606
24,15,2419.5186919641606,2420.9466271298884
24,16,2420.9466271298884,2418.517580197356
24,17,2418.517580197356,2420.3668114683883
24,18,2420.3668114683883,2422.4151692110377
24,19,2422.4151692110377,2428.9242349579135
24,20,2428.9242349579135,2427.9839744815145
24,21,2427.9839744815145,2426.8387699773443
24,22,2426.8387699773443,2428.7611846562786
24,23,2428.7611846562786,2430.8089450785587
24,24,2430.8089450785587,2429.471227195117
24,25,2429.471227195117,2428.463320502792
24,26,2428.463320502792,2429.8161475983375
24,27,2429.8161475983375,2427.7471869965007
24,28,2427.7471869965007,2426.720852026463
24,29,2426.720852026463,2426.944833944884
24,30,2426.944833944884,2429.4346806569397
24,31,2429.4346806569397,2427.923184116491
24,32,2427.923184116491,2423.3172229614142
24,33,2423.3172229614142,2418.5257292926185
24,34,2418.5257292926185,2415.3771966258532
24,35,2415.3771966258532,2412.094277330353
24,36,2412.094277330353,2411.7077504338035
24,37,2411.7077504338035,2408.7355500498097
24,38,2408.7355500498097,2406.978662650257
24,39,2406.978662650257,2405.043447937802
24,40,2405.043447937802,2403.9421782856816
24,41,2403.9421782856816,2407.2484391144894
24,42,2407.2484391144894,2408.903308088066
24,43,2408.903308088066,2408.943631626256
24,44,2408.943631626256,2407.7910659248037
24,45,2407.7910659248037,2406.7079842832463
24,46,2406.7079842832463,2407.5273504581264
24,47,2407.5273504581264,2408.987773141507
24,48,2408.987773141507,2406.718729376256
24,49,2406.718729376256,2406.8099312652917
24,50,2406.8099312652917,2401.730882343634
24,51,2401.730882343634,2402.2601668040606
24,52,2402.2601668040606,2404.1655399089573
24,53,2404.1655399089573,2403.465368341755
24,54,2403.465368341755,2408.006685832105
24,55,2408.006685832105,2405.803589713515
24,56,2405.803589713515,2406.3471907517733
24,57,2406.3471907517733,2406.2576288851083
24,58,2406.2576288851083,2406.0068847165
24,59,2406.0068847165,2405.721079296488
24,60,2405.721079296488,2405.988841871512
24,61,2405.988841871512,2408.108738730171
24,62,2408.108738730171,2411.5530793208577
24,63,2411.5530793208577,2411.5474537095974
24,64,2411.5474537095974,2413.5857438900266
24,65,2413.5857438900266,2411.8313265243596
24,66,2411.8313265243596,2413.7462151561754
24,67,2413.7462151561754,2411.8412363466077
24,68,2411.8412363466077,2414.567886186828
24,69,2414.567886186828,2420.0944883803113
24,70,2420.0944883803113,2419.789278660383
24,71,2419.789278660383,2414.3079199333642
24,72,2414.3079199333642,2412.937737600252
24,73,2412.937737600252,2416.0174254359754
24,74,2416.0174254359754,2417.4001174035384
24,75,2417.4001174035384,2418.022401400226
24,76,2418.022401400226,2420.544072290113
24,77,2420.544072290113,2421.7552058882343
24,78,2421.7552058882343,2424.799518856862
24,79,2424.799518856862,2427.0980780484797
24,80,2427.0980780484797,2430.902329180322
24,81,2430.902329180322,2431.7993193900875
24,82,2431.7993193900875,2434.0624678938225
24,83,2434.0624678938225,2433.294650211108
24,84,2433.294650211108,2431.7909981822104
24,85,2431.7909981822104,2436.0579172832577
24,86,2436.0579172832577,2436.5984289740645
24,87,2436.5984289740645,2438.6106303887204
24,88,2438.6106303887204,2438.9199804247487
24,89,2438.9199804247487,2437.4536912974486
24,90,2437.4536912974486,2437.4811485289047
24,91,2437.4811485289047,2441.071133573324
24,92,2441.071133573324,2442.4592337590225
24,93,2442.4592337590225,2438.1805508596963
24,94,2438.1805508596963,2437.642439718256
24,95,2437.642439718256,2442.0981742000176
24,96,2442.0981742000176,2441.563682045393
24,97,2441.563682045393,2437.0624853160575
24,98,2437.0624853160575,2441.7951075296137
25,0,2419.28778901346,2418.359244673255
25,1,2418.359244673255,2421.0651244977344
25,2,2421.0651244977344,2419.710165997169
25,3,2419.710165997169,2422.580807058459
25,4,2422.580807058459,2423.9362952727697
25,5,2423.9362952727697,2424.548000086488
25,6,2424.548000086488,2424.911787099827
25,7,2424.911787099827,2424.4743670080416
25,8,2424.4743670080416,2427.0884673085648
25,9,2427.0884673085648,2424.92511022831
25,10,2424.92511022831,2420.870297411235
25,11,2420.870297411235,2422.406397718466
25,12,2422.406397718466,2423.984493538634
25,13,2423.984493538634,2425.1850964199134
25,14,2425.1850964199134,2426.2044173439585
25,15,2426.2044173439585,2425.403066398115
25,16,2425.403066398115,2427.3717731590787
25,17,2427.3717731590787,2427.257877842192
25,18,2427.257877842192,2426.0400939401543
25,19,2426.0400939401543,2425.2603656595156
25,20,2425.2603656595156,2430.311964906455
25,21,2430.311964906455,2425.9745247013416
25,22,2425.9745247013416,2427.223994962081
25,23,2427.223994962081,2423.026218893022
25,24,2423.026218893022,2422.7556355472143
25,25,2422.7556355472143,2421.671566834329
25,26,2421.671566834329,2416.458996092629
25,27,2416.458996092629,2417.4315900687134
25,28,2417.4315900687134,2416.481494913233
25,29,2416.481494913233,2411.2334790568298
25,30,2411.2334790568298,2413.3323992837654
25,31,2413.3323992837654,2416.9199147287377
25,32,2416.9199147287377,2420.6452255844792
25,33,2420.6452255844792,2421.542616686108
25,34,2421.542616686108,2421.6577620325506
25,35,2421.6577620325506,2424.97815358479
25,36,2424.97815358479,2429.1841125481405
25,37,2429.1841125481405,2432.01803430533
25,38,2432.01803430533,2429.6641902997553
25,39,2429.6641902997553,2430.1675524327925
25,40,2430.1675524327925,2431.2663427935213
25,41,2431.2663427935213,2426.7423003712283
25,42,2426.7423003712283,2427.91570202028
25,43,2427.91570202028,2433.5981815852288
25,44,2433.5981815852288,2435.198021999731
25,45,2435.198021999731,2438.881554703335
25,46,2438.881554703335,2439.3388415286568
25,47,2439.3388415286568,2439.1557957186974
25,48,2439.1557957186974,2440.1089741939
25,49,2440.1089741939,2438.069407573939
25,50,2438.069407573939,2435.659969605853
25,51,2435.659969605853,2438.825730998776
25,52,2438.825730998776,2442.2565868559423
25,53,2442.2565868559423,2439.7788210669737
25,54,2439.7788210669737,2442.1988180783583
25,55,2442.1988180783583,2441.981418139343
25,56,2441.981418139343,2442.830939575569
25,57,2442.830939575569,2443.981486174157
25,58,2443.981486174157,2446.467362344468
25,59,2446.467362344468,2446.6741578491255
25,60,2446.6741578491255,2450.19956283738
25,61,2450.19956283738,2450.97309493678
25,62,2450.97309493678,2452.533555617954
25,63,2452.533555617954,2450.4503991391107
25,64,2450.4503991391107,2455.8470466658728
25,65,2455.8470466658728,2457.021608973885
25,66,2457.021608973885,2458.8041025372477
25,67,2458.8041025372477,2454.783638009219
25,68,2454.783638009219,2452.726882951521
25,69,2452.726882951521,2455.8215921713177
25,70,2455.8215921713177,2456.538819967049
25,71,2456.538819967049,2451.754370629977
25,72,2451.754370629977,2454.3500954524366
25,73,2454.3500954524366,2452.990638441555
25,74,2452.990638441555,2456.5189309062466
25,75,2456.5189309062466,2456.2993417097373
25,76,2456.2993417097373,2456.8111084247885
25,77,2456.8111084247885,2459.7584948712674
25,78,2459.7584948712674,2457.5147624441306
25,79,2457.5147624441306,2455.0326454245455
25,80,2455.0326454245455,2454.54139937355
25,81,2454.54139937355,2456.6093313726033
25,82,2456.6093313726033,2453.2821382410693
25,83,2453.2821382410693,2449.1120517413465
25,84,2449.1120517413465,2451.171354058956
25,85,2451.171354058956,2449.663908277538
25,86,2449.663908277538,2448.6833432452377
25,87,2448.6833432452377,2444.0413172403873
25,88,2444.0413172403873,2442.3438689545073
25,89,2442.3438689545073,2442.3249507129294
25,90,2442.3249507129294,2444.6508953569864
25,91,2444.6508953569864,2442.7228199414
25,92,2442.7228199414,2446.8662602419813
25,93,2446.8662602419813,2445.154870181532
25,94,2445.154870181532,2443.4471406775688
25,95,2443.4471406775688,2447.290534557313
25,96,2447.290534557313,2447.819184938223
25,97,2447.819184938223,2446.4391231156937
25,98,2446.4391231156937,2446.051290287742
26,0,2477.5827392417364,2475.5407562935607
26,1,2475.5407562935607,2475.434671768363
26,2,2475.434671768363,2475.6600638375317
26,3,2475.6600638375317,2473.1944635612404
26,4,2473.1944635612404,2473.0552509296153
26,5,2473.0552509296153,2473.0685580807444
26,6,2473.0685580807444,2475.9190817780864
26,7,2475.9190817780864,2478.9376443488645
26,8,2478.9376443488645,2478.114620852967
26,9,2478.114620852967,2477.579737993315
26,10,2477.579737993315,2479.240468748454
26,11,2479.240468748454,2477.7774976261367
26,12,2477.7774976261367,2479.2490980054804
26,13,2479.2490980054804,2479.0293317870573
26,14,2479.0293317870573,2476.6058353427106
26,15,2476.6058353427106,2474.2137435605114
26,16,2474.2137435605114,2477.831390300589
26,17,2477.831390300589,2477.440336602731
26,18,2477.440336602731,2481.5412218374768
26,19,2481.5412218374768,2480.2571311856896
26,20,2480.2571311856896,2480.9851441885185
26,21,2480.9851441885185,2486.966835996064
26,22,2486.966835996064,2484.323369134406
26,23,2484.323369134406,2479.578832884657
26,24,2479.578832884657,2482.795308212875
26,25,2482.795308212875,2480.7282854493924
26,26,2480.7282854493924,2480.6765195391267
26,27,2480.6765195391267,2479.211724012998
26,28,2479.211724012998,2479.8821309653863
26,29,2479.8821309653863,2477.505790447422
26,30,2477.505790447422,2477.0559402277136
26,31,2477.0559402277136,2478.180478544105
26,32,2478.180478544105,2475.6597063284194
26,33,2475.6597063284194,2473.9094962543045
26,34,2473.9094962543045,2473.041039170308
26,35,2473.041039170308,2469.4690005847424
26,36,2469.4690005847424,2468.4125981277457
26,37,2468.4125981277457,2468.709589477503
26,38,2468.709589477503,2467.710717123532
26,39,2467.710717123532,2467.0322758912025
26,40,2467.0322758912025,2466.982521713936
26,41,2466.982521713936,2465.3431630578552
26,42,2465.3431630578552,2467.0708194725225
26,43,2467.0708194725225,2470.660764784527
26,44,2470.660764784527,2469.4998138040387
26,45,2469.4998138040387,2470.7128093827328
26,46,2470.7128093827328,2470.113766494146
26,47,2470.113766494146,2471.0274848567424
26,48,2471.0274848567424,2474.9419336847504
26,49,2474.9419336847504,2476.2135825422956
26,50,2476.2135825422956,2471.7800461952716
26,51,2471.7800461952716,2472.915035273889
26,52,2472.915035273889,2475.9971946321616
26,53,2475.9971946321616,2475.443204207166
26,54,2475.443204207166,2477.9322912224607
26,55,2477.9322912224607,2476.207002369581
26,56,2476.207002369581,2472.493154470775
26,57,2472.493154470775,2472.8460770178567
26,58,2472.8460770178567,2468.454885215991
26,59,2468.454885215991,2467.855457683757
26,60,2467.855457683757,2471.072563340371
26,61,2471.072563340371,2466.298156076005
26,62,2466.298156076005,2463.0994140862203
26,63,2463.0994140862203,2460.5193334733162
26,64,2460.5193334733162,2460.3610338240387
26,65,2460.3610338240387,2459.4467418599233
26,66,2459.4467418599233,2462.9445828141634
26,67,2462.9445828141634,2465.330453636893
26,68,2465.330453636893,2466.568636002064
26,69,2466.568636002064,2466.932711787924
26,70,2466.932711787924,2467.915786230386
26,71,2467.915786230386,2465.7608303421025
26,72,2465.7608303421025,2467.903856225994
26,73,2467.903856225994,2465.123745590096
26,74,2465.123745590096,2467.2121880748514
26,75,2467.2121880748514,2470.1775443301485
26,76,2470.1775443301485,2470.7047058353687
26,77,2470.7047058353687,2470.264173187964
26,78,2470.264173187964,2471.264947958738
26,79,2471.264947958738,2464.111152033486
26,80,2464.111152033486,2464.8667975797
26,81,2464.8667975797,2464.5834125851
26,82,2464.5834125851,2464.4568423024575
26,83,2464.4568423024575,2466.223173584702
26,84,2466.223173584702,2466.0362512807906
26,85,2466.0362512807906,2463.185734139163
26,86,2463.185734139163,2462.8322274620996
26,87,2462.8322274620996,2463.001116172302
26,88,2463.001116172302,2463.2884509512546
26,89,2463.2884509512546,2463.693249369467
26,90,2463.693249369467,2466.2916719817636
26,91,2466.2916719817636,2463.576585599178
26,92,2463.576585599178,2464.01583673959
26,93,2464.01583673959,2467.240660986136
26,94,2467.240660986136,2462.904132243793
26,95,2462.904132243793,2463.353248945743
26,96,2463.353248945743,2461.8898026908105
26,97,2461.8898026908105,2460.963026729628
26,98,2460.963026729628,2458.701007971592
27,0,2443.1445621802095,2439.9834862772664
27,1,2439.9834862772664,2437.0594612710693
27,2,2437.0594612710693,2433.8046248456603
27,3,2433.8046248456603,2438.1231705622304
27,4,2438.1231705622304,2436.967321298427
27,5,2436.967321298427,2436.9032236475578
27,6,2436.9032236475578,2435.896266294792
27,7,2435.896266294792,2433.5352090987844
27,8,2433.5352090987844,2432.9473324822484
27,9,2432.9473324822484,2439.09294149659
27,10,2439.09294149659,2442.5731187990255
27,11,2442.5731187990255,2440.440774254545
27,12,2440.440774254545,2442.0597095121993
27,13,2442.0597095121993,2439.9809025805334
27,14,2439.9809025805334,2435.539983483418
27,15,2435.539983483418,2438.0887607775794
27,16,2438.0887607775794,2440.9889928941884
27,17,2440.9889928941884,2443.604123521808
27,18,2443.604123521808,2442.429460398759
27,19,2442.429460398759,2442.0125210637543
27,20,2442.0125210637543,2443.8869349478996
27,21,2443.8869349478996,2444.8656750412697
27,22,2444.8656750412697,2443.881581363027
27,23,2443.881581363027,2439.8339018127317
27,24,2439.8339018127317,2440.1185897980868
27,25,2440.1185897980868,2442.816113896177
27,26,2442.816113896177,2439.8221431735915
27,27,2439.8221431735915,2441.4190416277816
27,28,2441.4190416277816,2442.2478958656156
27,29,2442.2478958656156,2444.1232665236967
27,30,2444.1232665236967,2446.303205272994
27,31,2446.303205272994,2444.5670421681807
27,32,2444.5670421681807,2440.5246436677685
27,33,2440.5246436677685,2439.1908448535614
27,34,2439.1908448535614,2441.413663147379
27,35,2441.413663147379,2440.058653388564
27,36,2440.058653388564,2438.32354507892
27,37,2438.32354507892,2433.770169224108
27,38,2433.770169224108,2438.1517881104855
27,39,2438.1517881104855,2440.216072214049
27,40,2440.216072214049,2442.1408121672357
27,41,2442.1408121672357,2444.5601256341843
27,42,2444.5601256341843,2446.0018965380427
27,43,2446.0018965380427,2445.391074400094
27,44,2445.391074400094,2444.981664139789
27,45,2444.981664139789,2443.9127532283087
27,46,2443.9127532283087,2450.499605114346
27,47,2450.499605114346,2451.889385192595
27,48,2451.889385192595,2450.7298840892163
27,49,2450.7298840892163,2451.893626024632
27,50,2451.893626024632,2449.366453729991
27,51,2449.366453729991,2453.127720526464
27,52,2453.127720526464,2451.475047786946
27,53,2451.475047786946,2452.7277613685023
27,54,2452.7277613685023,2455.39270544286
27,55,2455.39270544286,2456.3546268033724
27,56,2456.3546268033724,2456.5908017829215
27,57,2456.5908017829215,2456.6178069950615
27,58,2456.6178069950615,2456.476704252844
27,59,2456.476704252844,2455.034958030525
27,60,2455.034958030525,2453.911249456101
27,61,2453.911249456101,2457.610225390228
27,62,2457.610225390228,2457.338883808515
27,63,2457.338883808515,2455.374393135058
27,64,2455.374393135058,2454.0836491429045
27,65,2454.0836491429045,2456.8345758446476
27,66,2456.8345758446476,2458.523592427559
27,67,2458.523592427559,2459.9244153731397
27,68,2459.9244153731397,2459.280612375865
27,69,2459.280612375865,2460.7140185512976
27,70,2460.7140185512976,2459.105115738921
27,71,2459.105115738921,2458.456080660557
27,72,2458.456080660557,2460.8805918790363
27,73,2460.8805918790363,2463.066286076334
27,74,2463.066286076334,2460.611511461457
27,75,2460.611511461457,2458.4726953291856
27,76,2458.4726953291856,2458.744450711219
27,77,2458.744450711219,2463.059781647893
27,78,2463.059781647893,2458.2708687367203
27,79,2458.2708687367203,2458.9667010856465
27,80,2458.9667010856465,2455.5265927567134
27,81,2455.5265927567134,2453.9407652728996
27,82,2453.9407652728996,2453.029694227739
27,83,2453.029694227739,2451.978423369147
27,84,2451.978423369147,2450.643933519999
27,85,2450.643933519999,2450.66195117094
27,86,2450.66195117094,2449.3238122543635
27,87,2449.3238122543635,2445.667668792228
27,88,2445.667668792228,2447.617342823535
27,89,2447.617342823535,2449.4995232414076
27,90,2449.4995232414076,2451.6074590164644
27,91,2451.6074590164644,2447.755622775804
27,92,2447.755622775804,2448.5029181572645
27,93,2448.5029181572645,2450.1928652967817
27,94,2450.1928652967817,2447.6148601256828
27,95,2447.6148601256828,2447.6377932461382
27,96,2447.6377932461382,2447.3471266328625
27,97,2447.3471266328625,2451.952503279283
27,98,2451.952503279283,2456.7637433718146
28,0,2467.263812684705,2464.9757483818216
28,1,2464.9757483818216,2467.42743161764
28,2,2467.42743161764,2469.8536765697995
28,3,2469.8536765697995,2467.364451002695
28,4,2467.364451002695,2468.597620487293
28,5,2468.597620487293,2468.328786126628
28,6,2468.328786126628,2469.714611138209
28,7,2469.714611138209,2470.2912918941606
28,8,2470.2912918941606,2473.2821406075864
28,9,2473.2821406075864,2473.4706394654513
28,10,2473.4706394654513,2473.0509542918853
28,11,2473.0509542918853,2475.7911148745284
28,12,2475.7911148745284,2477.242104786675
28,13,2477.242104786675,2479.0716382724772
28,14,2479.0716382724772,2477.410171591831
28,15,2477.410171591831,2474.7970146383345
28,16,2474.7970146383345,2473.377709280203
28,17,2473.377709280203,2471.8256558160015
28,18,2471.8256558160015,2473.7911539876336
28,19,2473.7911539876336,2476.2311141133687
28,20,2476.2311141133687,2475.8432883895375
28,21,2475.8432883895375,2479.4205859365984
28,22,2479.4205859365984,2482.8417594210114
28,23,2482.8417594210114,2483.4502567120126
28,24,2483.4502567120126,2481.395527283155
28,25,2481.395527283155,2485.333968906744
28,26,2485.333968906744,2485.181425529173
28,27,2485.181425529173,2485.49683852025
28,28,2485.49683852025,2484.6478259562336
28,29,2484.6478259562336,2482.4233501404906
28,30,2482.4233501404906,2478.7517515647023
28,31,2478.7517515647023,2480.3339223735957
28,32,2480.3339223735957,2478.375419738854
28,33,2478.375419738854,2486.024247811346
28,34,2486.024247811346,2483.3090638548147
28,35,2483.3090638548147,2480.165607667361
28,36,2480.165607667361,2481.4409544563946
28,37,2481.4409544563946,2485.264238153813
28,38,2485.264238153813,2485.4257122961712
28,39,2485.4257122961712,2486.8563183466395
28,40,2486.8563183466395,2482.247449802993
28,41,2482.247449802993,2480.5536709387634
28,42,2480.5536709387634,2477.8696316159194
28,43,2477.8696316159194,2473.1320169910496
28,44,2473.1320169910496,2473.4244675761092
28,45,2473.4244675761092,2467.8173985220833
28,46,2467.8173985220833,2464.511908606865
28,47,2464.511908606865,2463.1689241218314
28,48,2463.1689241218314,2461.0907095319535
28,49,2461.0907095319535,2462.0817307874713
28,50,2462.0817307874713,2462.8456812672275
28,51,2462.8456812672275,2465.080178132066
28,52,2465.080178132066,2466.9611374638475
28,53,2466.9611374638475,2469.813169437251
28,54,2469.813169437251,2469.8083734372285
28,55,2469.8083734372285,2470.56704068927
28,56,2470.56704068927,2471.8458249440678
28,57,2471.8458249440678,2472.1999666875454
28,58,2472.1999666875454,2471.206980912753
28,59,2471.206980912753,2470.3758745769037
28,60,2470.3758745769037,2468.3319785810786
28,61,2468.3319785810786,2469.3860206558534
28,62,2469.3860206558534,2469.1509827206405
28,63,2469.1509827206405,2467.4930483440485
28,64,2467.4930483440485,2465.837436295737
28,65,2465.837436295737,2462.81143947628
28,66,2462.81143947628,2465.2585428293733
28,67,2465.2585428293733,2465.4550870032026
28,68,2465.4550870032026,2463.2980869542694
28,69,2463.2980869542694,2465.3194563282746
28,70,2465.3194563282746,2463.9183343037885
28,71,2463.9183343037885,2460.402082736258
28,72,2460.402082736258,2462.9551384593055
28,73,2462.9551384593055,2461.6123959853903
28,74,2461.6123959853903,2460.5901482598683
28,75,2460.5901482598683,2460.6930983107413
28,76,2460.6930983107413,2463.5495713677165
28,77,2463.5495713677165,2463.599664594882
28,78,2463.599664594882,2460.601871779519
28,79,2460.601871779519,2461.9615642897998
28,80,2461.9615642897998,2460.7490899791455
28,81,2460.7490899791455,2465.468899907969
28,82,2465.468899907969,2465.466100602974
28,83,2465.466100602974,2459.8785118582273
28,84,2459.8785118582273,2460.7719242886164
28,85,2460.7719242886164,2465.633418769267
28,86,2465.633418769267,2469.5732194906304
28,87,2469.5732194906304,2474.150605212522
28,88,2474.150605212522,2471.601204749068
28,89,2471.601204749068,2473.88158573901
28,90,2473.88158573901,2472.0765993896684
28,91,2472.0765993896684,2472.6373228882107
28,92,2472.6373228882107,2469.4549418163615
28,93,2469.4549418163615,2467.8438024041548
28,94,2467.8438024041548,2466.1531856607457
28,95,2466.1531856607457,2468.3995738611025
28,96,2468.3995738611025,2470.4013716652767
28,97,2470.4013716652767,2471.0934209886036
28,98,2471.0934209886036,2467.7173674434653
29,0,2463.64609793512,2465.820287326856
29,1,2465.820287326856,2468.765749458899
29,2,2468.765749458899,2471.4067134239763
29,3,2471.4067134239763,2469.518664875434
29,4,2469.518664875434,2462.66983206971
29,5,2462.66983206971,2458.252427324385
29,6,2458.252427324385,2461.8064947695902
29,7,2461.8064947695902,2460.803357421291
29,8,2460.803357421291,2458.926545875628
29,9,2458.926545875628,2463.0331966092185
29,10,2463.0331966092185,2466.196096472939
29,11,2466.196096472939,2466.2572182777385
29,12,2466.2572182777385,2465.5237105500787
29,13,2465.5237105500787,2465.1934575180458
29,14,2465.1934575180458,2465.7613645140145
29,15,2465.7613645140145,2469.7614827173134
29,16,2469.7614827173134,2470.8176512779064
29,17,2470.8176512779064,2472.6327238605045
29,18,2472.6327238605045,2475.55589913318
29,19,2475.55589913318,2472.631709130619
29,20,2472.631709130619,2474.518863861804
29,21,2474.518863861804,2473.78244197515
29,22,2473.78244197515,2467.4922039857183
29,23,2467.4922039857183,2462.1717801307536
29,24,2462.1717801307536,2459.6264861019567
29,25,2459.6264861019567,2460.954544173438
29,26,2460.954544173438,2461.239043086789
29,27,2461.239043086789,2461.699959854728
29,28,2461.699959854728,2466.577318561445
29,29,2466.577318561445,2463.404594524295
29,30,2463.404594524295,2463.3360111388356
29,31,2463.3360111388356,2464.09709994587
29,32,2464.09709994587,2462.256417154524
29,33,2462.256417154524,2462.3272340172316
29,34,2462.3272340172316,2458.3273606820208
29,35,2458.3273606820208,2461.8521262252084
29,36,2461.8521262252084,2460.148089843882
29,37,2460.148089843882,2465.2265902558283
29,38,2465.2265902558283,2465.1454044460347
29,39,2465.1454044460347,2467.7155383595327
29,40,2467.7155383595327,2467.582281187055
29,41,2467.582281187055,2467.5054216064036
29,42,2467.5054216064036,2466.0453482733487
29,43,2466.0453482733487,2466.3431580967645
29,44,2466.3431580967645,2467.1381548327995
29,45,2467.1381548327995,2465.1775085605113
29,46,2465.1775085605113,2464.8648975208616
29,47,2464.8648975208616,2463.3396503557187
29,48,2463.3396503557187,2469.088810529756
29,49,2469.088810529756,2468.8644836049766
29,50,2468.8644836049766,2472.727563984218
29,51,2472.727563984218,2472.238508157199
29,52,2472.238508157199,2472.886727261036
29,53,2472.886727261036,2469.583317081923
29,54,2469.583317081923,2468.4656356022533
29,55,2468.4656356022533,2468.9919722792265
29,56,2468.9919722792265,2472.956981856626
29,57,2472.956981856626,2473.5119388008166
29,58,2473.5119388008166,2476.9712397037993
29,59,2476.9712397037993,2478.5730624793064
29,60,2478.5730624793064,2482.641565827968
29,61,2482.641565827968,2482.4939602847053
29,62,2482.4939602847053,2488.469517061335
29,63,2488.469517061335,2487.2560265540496
29,64,2487.2560265540496,2485.3398719685556
29,65,2485.3398719685556,2482.314739844333
29,66,2482.314739844333,2488.142301523228
29,67,2488.142301523228,2490.190920454773
29,68,2490.190920454773,2489.3556186213223
29,69,2489.3556186213223,2492.478175363506
29,70,2492.478175363506,2494.1974058263004
29,71,2494.1974058263004,2499.112724504739
29,72,2499.112724504739,2495.2431424228894
29,73,2495.2431424228894,2494.579742152104
29,74,2494.579742152104,2493.4234386922467
29,75,2493.4234386922467,2488.489232001225
29,76,2488.489232001225,2491.140050013174
29,77,2491.140050013174,2490.4640586236656
29,78,2490.4640586236656,2492.3131366361317
29,79,2492.3131366361317,2498.2125664719556
29,80,2498.2125664719556,2497.3294572423865
29,81,2497.3294572423865,2496.276574785744
29,82,2496.276574785744,2496.573235210054
29,83,2496.573235210054,2499.0413535925127
29,84,2499.0413535925127,2497.6245710292374
29,85,2497.6245710292374,2496.0471670364072
29,86,2496.0471670364072,2498.6901402120106
29,87,2498.6901402120106,2499.636738521606
29,88,2499.636738521606,2494.524917864094
29,89,2494.524917864094,2491.461438365421
29,90,2491.461438365421,2495.2145280249892
29,91,2495.2145280249892,2496.2193487326863
29,92,2496.2193487326863,2494.313858905093
29,93,2494.313858905093,2493.8878347620057
29,94,2493.8878347620057,2493.92092644401
29,95,2493.92092644401,2495.7602598447106
29,96,2495.7602598447106,2492.3646013575635
29,97,2492.3646013575635,2490.2622285108873
29,98,2490.2622285108873,2490.9446178980456
30,0,2465.524215169114,2462.4504466757153
30,1,2462.4504466757153,2463.3432683663937
30,2,2463.3432683663937,2466.0722274148375
30,3,2466.0722274148375,2467.2892737827106
30,4,2467.2892737827106,2467.6370531321145
30,5,2467.6370531321145,2467.3973441256994
30,6,2467.3973441256994,2465.310216243771
30,7,2465.310216243771,2465.1302197626715
30,8,2465.1302197626715,2468.2794843948723
30,9,2468.2794843948723,2467.981913128372
30,10,2467.981913128372,2465.757403155001
30,11,2465.757403155001,2464.5267854330878
30,12,2464.5267854330878,2465.0289111762777
30,13,2465.0289111762777,2464.0951261833256
30,14,2464.0951261833256,2465.3083843909835
30,15,2465.3083843909835,2466.615493792856
30,16,2466.615493792856,2468.8379517438675
30,17,2468.8379517438675,2472.39685042453
30,18,2472.39685042453,2474.886497235461
30,19,2474.886497235461,2472.550899575091
30,20,2472.550899575091,2470.2920634586503
30,21,2470.2920634586503,2470.1026347675006
30,22,2470.1026347675006,2468.974696374402
30,23,2468.974696374402,2466.1288795569994
30,24,2466.1288795569994,2465.024650071567
30,25,2465.024650071567,2463.8383677375195
30,26,2463.8383677375195,2462.1587483881167
30,27,2462.1587483881167,2461.3692746727293
30,28,2461.3692746727293,2464.3154017985253
30,29,2464.3154017985253,2464.8134969016483
30,30,2464.8134969016483,2470.993019591787
30,31,2470.993019591787,2471.419290056836
30,32,2471.419290056836,2470.694125621993
30,33,2470.694125621993,2470.70445782863
30,34,2470.70445782863,2471.345687774739
30,35,2471.345687774739,2472.433822667667
30,36,2472.433822667667,2477.6256009823146
30,37,2477.6256009823146,2475.512299819871
30,38,2475.512299819871,2477.6599149653152
30,39,2477.6599149653152,2478.1792914593507
30,40,2478.1792914593507,2474.251547102924
30,41,2474.251547102924,2476.178294058161
30,42,2476.178294058161,2479.347352960171
30,43,2479.347352960171,2477.2044119507277
30,44,2477.2044119507277,2477.182077280998
30,45,2477.182077280998,2472.8686916259785
30,46,2472.8686916259785,2469.721675476768
30,47,2469.721675476768,2472.341749420811
30,48,2472.341749420811,2471.1757081557926
30,49,2471.1757081557926,2468.4037007184475
30,50,2468.4037007184475,2468.9773516295936
30,51,2468.9773516295936,2467.671320551016
30,52,2467.671320551016,2466.494266406577
30,53,2466.494266406577,2468.3425814707643
30,54,2468.3425814707643,2465.4382480734284
30,55,2465.4382480734284,2463.174835041724
30,56,2463.174835041724,2463.560035022096
30,57,2463.560035022096,2465.9835594989668
30,58,2465.9835594989668,2469.0789602526916
30,59,2469.0789602526916,2467.4163059517873
30,60,2467.4163059517873,2469.7597483690865
30,61,2469.7597483690865,2467.7993926354106
30,62,2467.7993926354106,2472.3649160026775
30,63,2472.3649160026775,2469.530488439128
30,64,2469.530488439128,2472.8516854661075
30,65,2472.8516854661075,2471.2104701990606
30,66,2471.2104701990606,2476.243586336047
30,67,2476.243586336047,2477.721888158178
30,68,2477.721888158178,2475.1818468346573
30,69,2475.1818468346573,2473.876250635801
30,70,2473.876250635801,2475.8292036488606
30,71,2475.8292036488606,2478.4608146928995
30,72,2478.4608146928995,2478.284025713588
30,73,2478.284025713588,2478.3956714159967
30,74,2478.3956714159967,2480.291553997607
30,75,2480.291553997607,2480.621050065134
30,76,2480.621050065134,2477.387287916788
30,77,2477.387287916788,2475.3548528551873
30,78,2475.3548528551873,2475.9426527130663
30,79,2475.9426527130663,2478.9813587543103
30,80,2478.9813587543103,2483.0213148147154
30,81,2483.0213148147154,2484.970138366644
30,82,2484.970138366644,2485.6883652692345
30,83,2485.6883652692345,2487.5603999841906
30,84,2487.5603999841906,2485.8935228586734
30,85,2485.8935228586734,2485.510445458028
30,86,2485.510445458028,2483.450118654679
30,87,2483.450118654679,2480.32826212791
30,88,2480.32826212791,2481.1621346570005
30,89,2481.1621346570005,2481.625917923462
30,90,2481.625917923462,2483.345049134735
30,91,2483.345049134735,2484.7103287119658
30,92,2484.7103287119658,2485.3169393902754
30,93,2485.3169393902754,2486.7084810544693
30,94,2486.7084810544693,2486.6017733139006
30,95,2486.6017733139006,2487.6340018019564
30,96,2487.6340018019564,2485.8186407952403
30,97,2485.8186407952403,2486.7429056093383
30,98,2486.7429056093383,2488.413949822553
31,0,2441.799990555728,2440.2409842816546
31,1,2440.2409842816546,2438.9247175403643
31,2,2438.9247175403643,2436.112394152609
31,3,2436.112394152609,2439.2768314655254
31,4,2439.2768314655254,2441.9410444023256
31,5,2441.9410444023256,2443.284629037894
31,6,2443.284629037894,2448.2151189177534
31,7,2448.2151189177534,2447.7420046763323
31,8,2447.7420046763323,2455.321410714109
31,9,2455.321410714109,2454.7525871757007
31,10,2454.7525871757007,2455.3905705550906
31,11,2455.3905705550906,2454.39612577024
31,12,2454.39612577024,2455.326939670391
31,13,2455.326939670391,2457.4159769901066
31,14,2457.4159769901066,2457.131186007474
31,15,2457.131186007474,2461.572985625268
31,16,2461.572985625268,2462.1708588368515
31,17,2462.1708588368515,2462.847072302127
31,18,2462.847072302127,2460.5745780658426
31,19,2460.5745780658426,2461.6208257522185
31,20,2461.6208257522185,2461.285757700195
31,21,2461.285757700195,2459.765158376852
31,22,2459.765158376852,2457.823972356481
31,23,2457.823972356481,2464.503380805873
31,24,2464.503380805873,2463.8446876804255
31,25,2463.8446876804255,2460.202224128472
31,26,2460.202224128472,2458.456670479141
31,27,2458.456670479141,2458.3277508804504
31,28,2458.3277508804504,2459.6944184619915
31,29,2459.6944184619915,2461.0814097663047
31,30,2461.0814097663047,2462.772946145746
31,31,2462.772946145746,2461.1607953791527
31,32,2461.1607953791527,2462.0118964879066
31,33,2462.0118964879066,2459.82174782763
31,34,2459.82174782763,2458.272640370095
31,35,2458.272640370095,2455.9783679338443
31,36,2455.9783679338443,2453.0073957973486
31,37,2453.0073957973486,2455.667919519494
31,38,2455.667919519494,2457.389448771941
31,39,2457.389448771941,2459.8311121968864
31,40,2459.8311121968864,2459.929394861947
31,41,2459.929394861947,2461.87141410911
31,42,2461.87141410911,2457.4681905975035
31,43,2457.4681905975035,2459.625909392617
31,44,2459.625909392617,2460.0687089676294
31,45,2460.0687089676294,2461.6364829680024
31,46,2461.6364829680024,2462.586541215624
31,47,2462.586541215624,2460.1189033292817
31,48,2460.1189033292817,2456.373803890804
31,49,2456.373803890804,2454.5936684753465
31,50,2454.5936684753465,2456.005961678529
31,51,2456.005961678529,2457.7311902164674
31,52,2457.7311902164674,2454.3113345230126
31,53,2454.3113345230126,2451.858586104342
31,54,2451.858586104342,2450.0504968894898
31,55,2450.0504968894898,2449.1572342388226
31,56,2449.1572342388226,2445.752107161691
31,57,2445.752107161691,2442.196977746341
31,58,2442.196977746341,2440.142389505322
31,59,2440.142389505322,2440.3580240958845
31,60,2440.3580240958845,2437.406538246501
31,61,2437.406538246501,2437.1170294715716
31,62,2437.1170294715716,2439.7634115119263
31,63,2439.7634115119263,2436.5089621683924
31,64,2436.5089621683924,2435.992847772366
31,65,2435.992847772366,2438.554739606743
31,66,2438.554739606743,2437.5090686308336
31,67,2437.5090686308336,2436.0748944036877
31,68,2436.0748944036877,2438.9836339394537
31,69,2438.9836339394537,2438.218128742025
31,70,2438.218128742025,2440.9793663050386
31,71,2440.9793663050386,2442.0517797828566
31,72,2442.0517797828566,2441.194668150582
31,73,2441.194668150582,2442.3938944770757
31,74,2442.3938944770757,2443.1950182616906
31,75,2443.1950182616906,2445.747225314197
31,76,2445.747225314197,2444.3763614695345
31,77,2444.3763614695345,2444.4793766364887
31,78,2444.4793766364887,2444.325587437477
31,79,2444.325587437477,2446.0859577915767
31,80,2446.0859577915767,2443.5230098054662
31,81,2443.5230098054662,2446.065452426061
31,82,2446.065452426061,2447.2312743564867
31,83,2447.2312743564867,2443.9389616724043
31,84,2443.9389616724043,2446.9596187361053
31,85,2446.9596187361053,2452.5448514380996
31,86,2452.5448514380996,2455.049436361973
31,87,2455.049436361973,2458.6168982800395
31,88,2458.6168982800395,2458.830326734046
31,89,2458.830326734046,2454.6765644346997
31,90,2454.6765644346997,2450.066263306781
31,91,2450.066263306781,2450.70396841645
31,92,2450.70396841645,2449.2240213971254
31,93,2449.2240213971254,2446.937580701307
31,94,2446.937580701307,2446.7807139913853
31,95,2446.7807139913853,2448.3196772110387
31,96,2448.3196772110387,2444.687783344133
31,97,2444.687783344133,2443.565589293432
31,98,2443.565589293432,2447.3402660012325
32,0,2409.3308529741075,2408.119026070235
32,1,2408.119026070235,2409.48351046986
32,2,2409.48351046986,2412.226829237867
32,3,2412.226829237867,2414.0800336553298
32,4,2414.0800336553298,2416.3529326608646
32,5,2416.3529326608646,2413.473948827345
32,6,2413.473948827345,2416.258098094198
32,7,2416.258098094198,2414.1263653076107
32,8,2414.1263653076107,2414.7752197215395
32,9,2414.7752197215395,2415.4208351890325
32,10,2415.4208351890325,2416.6336415862065
32,11,2416.6336415862065,2417.476033276357
32,12,2417.476033276357,2415.3665083300452
32,13,2415.3665083300452,2411.991839799306
32,14,2411.991839799306,2414.1727114992104
32,15,2414.1727114992104,2414.6372979430075
32,16,2414.6372979430075,2417.510740045402
32,17,2417.510740045402,2417.3989077099327
32,18,2417.3989077099327,2413.88599680824
32,19,2413.88599680824,2416.3013210107506
32,20,2416.3013210107506,2415.375394486598
32,21,2415.375394486598,2416.2304031301505
32,22,2416.2304031301505,2414.611754558952
32,23,2414.611754558952,2418.7225088345363
32,24,2418.7225088345363,2416.5310967740784
32,25,2416.5310967740784,2415.687522388813
32,26,2415.687522388813,2415.956144145556
32,27,2415.956144145556,2413.2256883278387
32,28,2413.2256883278387,2414.051987149308
32,29,2414.051987149308,2418.0817633429765
32,30,2418.0817633429765,2416.8556079412424
32,31,2416.8556079412424,2417.843464988822
32,32,2417.843464988822,2410.9698765237254
32,33,2410.9698765237254,2410.872553522513
32,34,2410.872553522513,2410.0899478076976
32,35,2410.0899478076976,2408.0437038016717
32,36,2408.0437038016717,2410.747329975743
32,37,2410.747329975743,2409.9317207716836
32,38,2409.9317207716836,2409.4880270539497
32,39,2409.4880270539497,2408.545044866977
32,40,2408.545044866977,2403.7530051875647
32,41,2403.7530051875647,2400.923039087372
32,42,2400.923039087372,2403.325772802673
32,43,2403.325772802673,2400.0
32,44,2400.0,2400.0
32,45,2400.0,2400.0
32,46,2400.0,2404.359054668229
32,47,2404.359054668229,2406.2805640819697
32,48,2406.2805640819697,2404.887637764337
32,49,2404.887637764337,2408.1489220071257
32,50,2408.1489220071257,2406.297632455873
32,51,2406.297632455873,2408.820381965208
32,52,2408.820381965208,2405.4231888504005
32,53,2405.4231888504005,2408.1063334298733
32,54,2408.1063334298733,2407.090999316196
32,55,2407.090999316196,2404.519738713843
32,56,2404.519738713843,2403.9768796811522
32,57,2403.9768796811522,2404.670240130453
32,58,2404.670240130453,2403.4333690541384
32,59,2403.4333690541384,2404.818252819127
32,60,2404.818252819127,2403.3607681099666
32,61,2403.3607681099666,2404.911699094795
32,62,2404.911699094795,2406.0172542498867
32,63,2406.0172542498867,2405.864946613117
32,64,2405.864946613117,2404.761490832202
32,65,2404.761490832202,2405.1403428216154
32,66,2405.1403428216154,2406.5159771791996
32,67,2406.5159771791996,2411.670475061029
32,68,2411.670475061029,2414.0190261155244
32,69,2414.0190261155244,2416.459000990064
32,70,2416.459000990064,2424.1802814772145
32,71,2424.1802814772145,2425.470177669134
32,72,2425.470177669134,2426.6817864474133
32,73,2426.6817864474133,2428.4418241332173
32,74,2428.4418241332173,2425.919409189247
32,75,2425.919409189247,2424.8096550982
32,76,2424.8096550982,2423.5442319314693
32,77,2423.5442319314693,2425.1632668745183
32,78,2425.1632668745183,2424.7278304689653
32,79,2424.7278304689653,2425.073389032651
32,80,2425.073389032651,2427.792025583022
32,81,2427.792025583022,2429.9499024297825
32,82,2429.9499024297825,2429.5455999221795
32,83,2429.5455999221795,2427.8706121799837
32,84,2427.8706121799837,2430.708799009117
32,85,2430.708799009117,2432.643526961391
32,86,2432.643526961391,2428.627884915653
32,87,2428.627884915653,2427.845000068382
32,88,2427.845000068382,2428.258788723424
32,89,2428.258788723424,2430.2058630162264
32,90,2430.2058630162264,2432.481116753576
32,91,2432.481116753576,2433.1908817565145
32,92,2433.1908817565145,2434.6540005849115
32,93,2434.6540005849115,2434.814342590857
32,94,2434.814342590857,2433.1297133704056
32,95,2433.1297133704056,2432.4765523928027
32,96,2432.4765523928027,2432.524030359403
32,97,2432.524030359403,2432.4373322343563
32,98,2432.4373322343563,2427.7233999732475
33,0,2466.0251289800653,2465.321704000301
33,1,2465.321704000301,2464.704644511522
33,2,2464.704644511522,2465.9246229385335
33,3,2465.9246229385335,2463.227229970912
33,4,2463.227229970912,2459.157124436034
33,5,2459.157124436034,2458.2866999589423
33,6,2458.2866999589423,2460.196985972697
33,7,2460.196985972697,2464.4158685714133
33,8,2464.4158685714133,2466.37118916915
33,9,2466.37118916915,2462.7005297694777
33,10,2462.7005297694777,2462.1196116710357
33,11,2462.1196116710357,2462.7611976237395
33,12,2462.7611976237395,2463.2051754160484
33,13,2463.2051754160484,2464.5534367984055
33,14,2464.5534367984055,2462.2608144322535
33,15,2462.2608144322535,2462.4231721511305
33,16,2462.4231721511305,2463.473979225571
33,17,2463.473979225571,2465.53815660883
33,18,2465.53815660883,2463.5238611922978
33,19,2463.5238611922978,2462.6609690241903
33,20,2462.6609690241903,2455.901424824007
33,21,2455.901424824007,2454.3477699050623
33,22,2454.3477699050623,2453.0367326726346
33,23,2453.0367326726346,2450.487771402216
33,24,2450.487771402216,2450.9018017777976
33,25,2450.9018017777976,2450.7619381976842
33,26,2450.7619381976842,2445.1139035037404
33,27,2445.1139035037404,2445.6526734269946
33,28,2445.6526734269946,2443.331863100022
33,29,2443.331863100022,2444.5460854979983
33,30,2444.5460854979983,2441.3414573786768
33,31,2441.3414573786768,2441.416473725004
33,32,2441.416473725004,2440.708565402788
33,33,2440.708565402788,2441.466320115164
33,34,2441.466320115164,2441.778063309292
33,35,2441.778063309292,2441.1401528717383
33,36,2441.1401528717383,2437.2994720866277
33,37,2437.2994720866277,2433.606452177975
33,38,2433.606452177975,2432.1467348302444
33,39,2432.1467348302444,2432.1260351204205
33,40,2432.1260351204205,2430.6054152524225
33,41,2430.6054152524225,2432.168445078871
33,42,2432.168445078871,2431.470392780842
33,43,2431.470392780842,2429.0578609688932
33,44,2429.0578609688932,2428.3626202364235
33,45,2428.3626202364235,2428.927269827215
33,46,2428.927269827215,2429.7394816242763
33,47,2429.7394816242763,2434.435429454259
33,48,2434.435429454259,2432.7631561042504
33,49,2432.7631561042504,2432.5794594502745
33,50,2432.5794594502745,2433.644769317323
33,51,2433.644769317323,2433.586211919321
33,52,2433.586211919321,2432.3346665543495
33,53,2432.3346665543495,2428.4615236134887
33,54,2428.4615236134887,2427.184437215856
33,55,2427.184437215856,2424.5001811840616
33,56,2424.5001811840616,2420.183664481252
33,57,2420.183664481252,2418.1944673770754
33,58,2418.1944673770754,2415.5767380751595
33,59,2415.5767380751595,2417.036204438392
33,60,2417.036204438392,2418.5389340319275
33,61,2418.5389340319275,2416.2792358079755
33,62,2416.2792358079755,2415.6286642315677
33,63,2415.6286642315677,2410.9830575762862
33,64,2410.9830575762862,2409.7472077008297
33,65,2409.7472077008297,2410.7446624525855
33,66,2410.7446624525855,2412.807007176621
33,67,2412.807007176621,2411.0243894723926
33,68,2411.0243894723926,2413.6540266237116
33,69,2413.6540266237116,2409.864796819928
33,70,2409.864796819928,2406.7457273220684
33,71,2406.7457273220684,2408.519881986163
33,72,2408.519881986163,2412.697685057571
33,73,2412.697685057571,2413.9312650280303
33,74,2413.9312650280303,2413.8304090616953
33,75,2413.8304090616953,2408.34244969539
33,76,2408.34244969539,2403.286332055281
33,77,2403.286332055281,2403.609855897521
33,78,2403.609855897521,2402.714699223593
33,79,2402.714699223593,2400.0
33,80,2400.0,2400.163831452075
33,81,2400.163831452075,2400.4516598708447
33,82,2400.4516598708447,2402.8126995421953
33,83,2402.8126995421953,2403.154205249727
33,84,2403.154205249727,2406.225191170563
33,85,2406.225191170563,2406.2451762444352
33,86,2406.2451762444352,2405.956838757417
33,87,2405.956838757417,2408.6176192230346
33,88,2408.6176192230346,2406.171517022931
33,89,2406.171517022931,2413.207635656096
33,90,2413.207635656096,2414.145779351513
33,91,2414.145779351513,2415.097852483607
33,92,2415.097852483607,2416.4105924185383
33,93,2416.4105924185383,2421.1034336068674
33,94,2421.1034336068674,2423.0847021360487
33,95,2423.0847021360487,2419.072062188539
33,96,2419.072062188539,2422.580738150458
33,97,2422.580738150458,2421.7284967018454
33,98,2421.7284967018454,2421.9963843839437
34,0,2462.2584418950064,2460.6300061698375
34,1,2460.6300061698375,2460.8804302648214
34,2,2460.8804302648214,2460.1701827514194
34,3,2460.1701827514194,2464.982714755759
34,4,2464.982714755759,2469.938365506123
34,5,2469.938365506123,2470.0546484316596
34,6,2470.0546484316596,2470.214592710082
34,7,2470.214592710082,2469.280985294208
34,8,2469.280985294208,2472.0460010229654
34,9,2472.0460010229654,2471.2237013471317
34,10,2471.2237013471317,2470.1703581605175
34,11,2470.1703581605175,2472.61684031968
34,12,2472.61684031968,2471.271092581388
34,13,2471.271092581388,2471.176704995267
34,14,2471.176704995267,2467.2234280414896
34,15,2467.2234280414896,2468.9839039042977
34,16,2468.9839039042977,2473.836071252252
34,17,2473.836071252252,2475.6391346842515
34,18,2475.6391346842515,2479.29363260312
34,19,2479.29363260312,2477.178377262677
34,20,2477.178377262677,2477.7691879677473
34,21,2477.7691879677473,2475.411288156824
34,22,2475.411288156824,2474.8418742928707
34,23,2474.8418742928707,2476.772402986252
34,24,2476.772402986252,2477.0269545190104
34,25,2477.0269545190104,2473.4953519625074
34,26,2473.4953519625074,2470.207779198663
34,27,2470.207779198663,2466.754869369936
34,28,2466.754869369936,2467.983500844785
34,29,2467.983500844785,2473.1432371839264
34,30,2473.1432371839264,2476.549382793927
34,31,2476.549382793927,2471.8094197960622
34,32,2471.8094197960622,2475.3621096412367
34,33,2475.3621096412367,2477.703110683773
34,34,2477.703110683773,2473.8398608199514
34,35,2473.8398608199514,2473.0818567781753
34,36,2473.0818567781753,2475.8206628069147
34,37,2475.8206628069147,2477.1967465842517
34,38,2477.1967465842517,2473.924008953282
34,39,2473.924008953282,2475.450864342772
34,40,2475.450864342772,2470.1071128525705
34,41,2470.1071128525705,2469.5500574131775
34,42,2469.5500574131775,2472.3949493366777
34,43,2472.3949493366777,2472.4409348756058
34,44,2472.4409348756058,2471.193591000701
34,45,2471.193591000701,2473.416956635132
34,46,2473.416956635132,2475.8538361728483
34,47,2475.8538361728483,2479.128935405016
34,48,2479.128935405016,2481.314791476132
34,49,2481.314791476132,2484.018228460975
34,50,2484.018228460975,2485.850499854569
34,51,2485.850499854569,2486.51432147736
34,52,2486.51432147736,2486.73809397677
34,53,2486.73809397677,2486.1449446790266
34,54,2486.1449446790266,2483.114023946377
34,55,2483.114023946377,2480.7257451743276
34,56,2480.7257451743276,2480.0207089694895
34,57,2480.0207089694895,2480.6243393684954
34,58,2480.6243393684954,2484.226370863506
34,59,2484.226370863506,2484.121877793817
34,60,2484.121877793817,2486.6305685210114
34,61,2486.6305685210114,2489.3288576620917
34,62,2489.3288576620917,2488.7502406678695
34,63,2488.7502406678695,2490.236966196295
34,64,2490.236966196295,2489.6281460919827
34,65,2489.6281460919827,2492.933485827179
34,66,2492.933485827179,2494.523094172844
34,67,2494.523094172844,2491.5468847861234
34,68,2491.5468847861234,2491.950696416508
34,69,2491.950696416508,2496.0709768210677
34,70,2496.0709768210677,2495.617899234701
34,71,2495.617899234701,2496.7371868099385
34,72,2496.7371868099385,2498.1018839042863
34,73,2498.1018839042863,2495.5103266563747
34,74,2495.5103266563747,2496.7870965294082
34,75,2496.7870965294082,2493.3025086493217
34,76,2493.3025086493217,2491.738448383318
34,77,2491.738448383318,2494.4277558020535
34,78,2494.4277558020535,2495.3196465278243
34,79,2495.3196465278243,2494.558452008458
34,80,2494.558452008458,2495.674604561571
34,81,2495.674604561571,2495.524373942183
34,82,2495.524373942183,2495.5558201980625
34,83,2495.5558201980625,2497.1978665148627
34,84,2497.1978665148627,2495.379447163215
34,85,2495.379447163215,2495.4802881771016
34,86,2495.4802881771016,2494.699617690585
34,87,2494.699617690585,2490.7356092540845
34,88,2490.7356092540845,2488.4344698634613
34,89,2488.4344698634613,2492.354985981121
34,90,2492.354985981121,2493.316794267584
34,91,2493.316794267584,2490.0078235140804
34,92,2490.0078235140804,2486.1569375744593
34,93,2486.1569375744593,2485.876527824183
34,94,2485.876527824183,2489.779494157124
34,95,2489.779494157124,2489.312598820113
34,96,2489.312598820113,2492.5800977036233
34,97,2492.5800977036233,2493.45992463067
34,98,2493.45992463067,2494.6380507752847
35,0,2498.772072174785,2497.934742081601
35,1,2497.934742081601,2500.0
35,2,2500.0,2497.9645750450345
35,3,2497.9645750450345,2498.4071984138095
35,4,2498.4071984138095,2499.2872057986538
35,5,2499.2872057986538,2498.9021225072142
35,6,2498.9021225072142,2499.91348548993
35,7,2499.91348548993,2499.2474928019487
35,8,2499.2474928019487,2497.6248434193453
35,9,2497.6248434193453,2500.0
35,10,2500.0,2500.0
35,11,2500.0,2498.0978381373798
35,12,2498.0978381373798,2499.5189489013665
35,13,2499.5189489013665,2497.6622517646138
35,14,2497.6622517646138,2494.700540155458
35,15,2494.700540155458,2497.2850637589554
35,16,2497.2850637589554,2493.024814694837
35,17,2493.024814694837,2495.3419544787785
35,18,2495.3419544787785,2494.7101486973456
35,19,2494.7101486973456,2494.181282189644
35,20,2494.181282189644,2495.2056602387024
35,21,2495.2056602387024,2496.658657268688
35,22,2496.658657268688,2494.5927993266155
35,23,2494.5927993266155,2496.387113348491
35,24,2496.387113348491,2496.670539693554
35,25,2496.670539693554,2493.530402711384
35,26,2493.530402711384,2493.1057165024345
35,27,2493.1057165024345,2496.5589140413317
35,28,2496.5589140413317,2500.0
35,29,2500.0,2500.0
35,30,2500.0,2497.024141279579
35,31,2497.024141279579,2498.2506585357187
35,32,2498.2506585357187,2500.0
35,33,2500.0,2500.0
35,34,2500.0,2500.0
35,35,2500.0,2500.0
35,36,2500.0,2499.8189691529237
35,37,2499.8189691529237,2498.2980504131638
35,38,2498.2980504131638,2493.55321161691
35,39,2493.55321161691,2494.4023160336938
35,40,2494.4023160336938,2494.8674481428243
35,41,2494.8674481428243,2496.261387749886
35,42,2496.261387749886,2492.917528516654
35,43,2492.917528516654,2494.5300702399413
35,44,2494.5300702399413,2499.666432976493
35,45,2499.666432976493,2499.8625583034377
35,46,2499.8625583034377,2499.708395005421
35,47,2499.708395005421,2500.0
35,48,2500.0,2500.0
35,49,2500.0,2497.44088059575
35,50,2497.44088059575,2497.948897929235
35,51,2497.948897929235,2495.949754373491
35,52,2495.949754373491,2494.5822425713786
35,53,2494.5822425713786,2494.4582668016737
35,54,2494.4582668016737,2497.8265749057077
35,55,2497.8265749057077,2500.0
35,56,2500.0,2500.0
35,57,2500.0,2499.0585131924413
35,58,2499.0585131924413,2500.0
35,59,2500.0,2498.931113796676
35,60,2498.931113796676,2497.5032740107767
35,61,2497.5032740107767,2493.06591639933
35,62,2493.06591639933,2496.556145322442
35,63,2496.556145322442,2498.97675930337
35,64,2498.97675930337,2500.0
35,65,2500.0,2496.5261916194545
35,66,2496.5261916194545,2500.0
35,67,2500.0,2500.0
35,68,2500.0,2500.0
35,69,2500.0,2495.880557147239
35,70,2495.880557147239,2499.550761703902
35,71,2499.550761703902,2500.0
35,72,2500.0,2499.9027249130345
35,73,2499.9027249130345,2500.0
35,74,2500.0,2498.0862617473945
35,75,2498.0862617473945,2496.63766153344
35,76,2496.63766153344,2495.479049999377
35,77,2495.479049999377,2490.8472303451513
35,78,2490.8472303451513,2493.00162658066
35,79,2493.00162658066,2495.9806106161163
35,80,2495.9806106161163,2494.2272502417068
35,81,2494.2272502417068,2495.097757781569
35,82,2495.097757781569,2494.4339065949957
35,83,2494.4339065949957,2495.2545915001983
35,84,2495.2545915001983,2493.6856483971706
35,85,2493.6856483971706,2491.4770855069514
35,86,2491.4770855069514,2494.1072727220107
35,87,2494.1072727220107,2493.9475962591996
35,88,2493.9475962591996,2499.0028686363335
35,89,2499.0028686363335,2499.1186435483187
35,90,2499.1186435483187,2496.8034484474424
35,91,2496.8034484474424,2499.8708006385323
35,92,2499.8708006385323,2500.0
35,93,2500.0,2500.0
35,94,2500.0,2500.0
35,95,2500.0,2498.3680092653854
35,96,2498.3680092653854,2498.0498759929224
35,97,2498.0498759929224,2497.621251414203
35,98,2497.621251414203,2494.394385071914
36,0,2446.476908931843,2447.0702541913274
36,1,2447.0702541913274,2443.705100871715
36,2,2443.705100871715,2439.8155023425525
36,3,2439.8155023425525,2443.977442489423
36,4,2443.977442489423,2443.751644963785
36,5,2443.751644963785,2442.133119449531
36,6,2442.133119449531,2441.4481400372883
36,7,2441.4481400372883,2437.754870651495
36,8,2437.754870651495,2441.312608525274
36,9,2441.312608525274,2440.3299761813087
36,10,2440.3299761813087,2443.7484800006546
36,11,2443.7484800006546,2443.877609286773
36,12,2443.877609286773,2447.451439223194
36,13,2447.451439223194,2448.0931754708017
36,14,2448.0931754708017,2450.2262571279743
36,15,2450.2262571279743,2452.023989743195
36,16,2452.023989743195,2453.5822174088253
36,17,2453.5822174088253,2454.452053601782
36,18,2454.452053601782,2453.8699268114933
36,19,2453.8699268114933,2458.6585135404252
36,20,2458.6585135404252,2456.3911710776856
36,21,2456.3911710776856,2456.4019401835435
36,22,2456.4019401835435,2456.4391548715626
36,23,2456.4391548715626,2457.4452567549215
36,24,2457.4452567549215,2456.371575140185
36,25,2456.371575140185,2457.158440904159
36,26,2457.158440904159,2456.7363344411515
36,27,2456.7363344411515,2452.781453147557
36,28,2452.781453147557,2452.805333863199
36,29,2452.805333863199,2450.0539205306236
36,30,2450.0539205306236,2445.717956124501
36,31,2445.717956124501,2446.0601394262244
36,32,2446.0601394262244,2447.2798477812735
36,33,2447.2798477812735,2448.596592886535
36,34,2448.596592886535,2450.014519654084
36,35,2450.014519654084,2445.1830471017324
36,36,2445.1830471017324,2441.780504781964
36,37,2441.780504781964,2446.714308373998
36,38,2446.714308373998,2444.0962864738053
36,39,2444.0962864738053,2445.623389051647
36,40,2445.623389051647,2443.9060449974822
36,41,2443.9060449974822,2444.105226845651
36,42,2444.105226845651,2442.522091339967
36,43,2442.522091339967,2443.925944226516
36,44,2443.925944226516,2444.267879519808
36,45,2444.267879519808,2443.1471550856972
36,46,2443.1471550856972,2440.5217247864953
36,47,2440.5217247864953,2441.1911602802265
36,48,2441.1911602802265,2438.1593632826202
36,49,2438.1593632826202,2439.228065887922
36,50,2439.228065887922,2445.7942781605143
36,51,2445.7942781605143,2449.1697032886696
36,52,2449.1697032886696,2450.965573005905
36,53,2450.965573005905,2450.751554761552
36,54,2450.751554761552,2445.9046731940434
36,55,2445.9046731940434,2442.598957204293
36,56,2442.598957204293,2445.80593934455
36,57,2445.80593934455,2443.831549144238
36,58,2443.831549144238,2442.083418898828
36,59,2442.083418898828,2441.669292709618
36,60,2441.669292709618,2439.0141770625014
36,61,2439.0141770625014,2435.9472552261223
36,62,2435.9472552261223,2435.8210700441687
36,63,2435.8210700441687,2433.5922464074883
36,64,2433.5922464074883,2431.739699958041
36,65,2431.739699958041,2429.7867223926737
36,66,2429.7867223926737,2431.09262292726
36,67,2431.09262292726,2430.5123087010215
36,68,2430.5123087010215,2430.0658787812868
36,69,2430.0658787812868,2431.5582435245587
36,70,2431.5582435245587,2431.2031445039765
36,71,2431.2031445039765,2430.5075100828335
36,72,2430.5075100828335,2431.683635971759
36,73,2431.683635971759,2433.354130580653
36,74,2433.354130580653,2432.9864468318815
36,75,2432.9864468318815,2433.187966270933
36,76,2433.187966270933,2431.2334906966
36,77,2431.2334906966,2429.0817830886886
36,78,2429.0817830886886,2431.0046518436056
36,79,2431.0046518436056,2432.117006999967
36,80,2432.117006999967,2433.2552530960083
36,81,2433.2552530960083,2433.957388967822
36,82,2433.957388967822,2434.0728971573594
36,83,2434.0728971573594,2435.8139268844166
36,84,2435.8139268844166,2438.1516987869736
36,85,2438.1516987869736,2440.42976879995
36,86,2440.42976879995,2440.1778240100853
36,87,2440.1778240100853,2443.6453058348575
36,88,2443.6453058348575,2444.2164575391885
36,89,2444.2164575391885,2445.797398020603
36,90,2445.797398020603,2446.5026177476902
36,91,2446.5026177476902,2447.120134516401
36,92,2447.120134516401,2445.280754540775
36,93,2445.280754540775,2447.034131636637
36,94,2447.034131636637,2454.147367623906
36,95,2454.147367623906,2453.210379936931
36,96,2453.210379936931,2453.3878667254935
36,97,2453.3878667254935,2452.2723535646255
36,98,2452.2723535646255,2451.052303810721
37,0,2470.6109723248733,2469.4257711414575
37,1,2469.4257711414575,2465.457039082129
37,2,2465.457039082129,2463.5630097707735
37,3,2463.5630097707735,2459.2920100383903
37,4,2459.2920100383903,2460.87152178642
37,5,2460.87152178642,2467.870764841013
37,6,2467.870764841013,2466.954067856887
37,7,2466.954067856887,2462.7871730244115
37,8,2462.7871730244115,2465.037172185486
37,9,2465.037172185486,2463.2198597881606
37,10,2463.2198597881606,2466.4682271145443
37,11,2466.4682271145443,2465.7631544950696
37,12,2465.7631544950696,2464.1836152723627
37,13,2464.1836152723627,2463.7387213829984
37,14,2463.7387213829984,2465.633163285339
37,15,2465.633163285339,2465.06461170845
37,16,2465.06461170845,2463.8227999514656
37,17,2463.8227999514656,2463.3257209440185
37,18,2463.3257209440185,2460.146082982766
37,19,2460.146082982766,2461.138661988501
37,20,2461.138661988501,2456.671845503889
37,21,2456.671845503889,2455.5615418679754
37,22,2455.5615418679754,2457.4600048900525
37,23,2457.4600048900525,2458.217625597384
37,24,2458.217625597384,2459.69342702985
37,25,2459.69342702985,2459.5308128480533
37,26,2459.5308128480533,2462.455178300517
37,27,2462.455178300517,2464.766926292442
37,28,2464.766926292442,2465.882278803061
37,29,2465.882278803061,2468.201143246345
37,30,2468.201143246345,2470.077202132354
37,31,2470.077202132354,2468.978543348987
37,32,2468.978543348987,2465.6187960697584
37,33,2465.6187960697584,2466.669701384365
37,34,2466.669701384365,2468.0349244614436
37,35,2468.0349244614436,2470.7611044392897
37,36,2470.7611044392897,2468.4203012516764
37,37,2468.4203012516764,2466.1542236034834
37,38,2466.1542236034834,2467.3039742692526
37,39,2467.3039742692526,2467.12605679712
37,40,2467.12605679712,2462.411652770692
37,41,2462.411652770692,2463.3494231800773
37,42,2463.3494231800773,2458.718365892605
37,43,2458.718365892605,2456.3552245129217
37,44,2456.3552245129217,2459.734427945072
37,45,2459.734427945072,2464.29662548959
37,46,2464.29662548959,2461.2574845684103
37,47,2461.2574845684103,2460.4340057248787
37,48,2460.4340057248787,2460.5405620325755
37,49,2460.5405620325755,2464.9936293515293
37,50,2464.9936293515293,2463.7614569819684
37,51,2463.7614569819684,2462.5692469243854
37,52,2462.5692469243854,2466.4410608205426
37,53,2466.4410608205426,2465.504087938747
37,54,2465.504087938747,2467.3095922111634
37,55,2467.3095922111634,2463.6167347983824
37,56,2463.6167347983824,2463.1886529381513
37,57,2463.1886529381513,2459.0396608423353
37,58,2459.0396608423353,2456.401076389946
37,59,2456.401076389946,2458.4990797778264
37,60,2458.4990797778264,2458.3743163001095
37,61,2458.3743163001095,2457.5765519487272
37,62,2457.5765519487272,2455.7046778887748
37,63,2455.7046778887748,2455.1530377056715
37,64,2455.1530377056715,2455.905820623423
37,65,2455.905820623423,2458.3631111395775
37,66,2458.3631111395775,2451.8002444293356
37,67,2451.8002444293356,2449.7208414936786
37,68,2449.7208414936786,2450.118582099151
37,69,2450.118582099151,2449.871424309245
37,70,2449.871424309245,2450.879864915562
37,71,2450.879864915562,2451.548715630878
37,72,2451.548715630878,2450.786545973395
37,73,2450.786545973395,2449.469412983427
37,74,2449.469412983427,2448.855659259088
37,75,2448.855659259088,2451.727515133645
37,76,2451.727515133645,2449.8974953013803
37,77,2449.8974953013803,2449.7404784935206
37,78,2449.7404784935206,2450.1988340285166
37,79,2450.1988340285166,2454.0997113532026
37,80,2454.0997113532026,2453.3489407076117
37,81,2453.3489407076117,2455.745957347639
37,82,2455.745957347639,2458.8259058558015
37,83,2458.8259058558015,2458.6665201933247
37,84,2458.6665201933247,2458.1397227456328
37,85,2458.1397227456328,2457.317088565512
37,86,2457.317088565512,2456.677530729906
37,87,2456.677530729906,2458.813130381348
37,88,2458.813130381348,2459.390655324487
37,89,2459.390655324487,2459.978879597412
37,90,2459.978879597412,2457.165820821462
37,91,2457.165820821462,2454.747095628024
37,92,2454.747095628024,2460.1057126899664
37,93,2460.1057126899664,2459.6611483767447
37,94,2459.6611483767447,2457.724218387799
37,95,2457.724218387799,2461.301966301772
37,96,2461.301966301772,2462.006487673481
37,97,2462.006487673481,2463.451874965642
37,98,2463.451874965642,2463.106757277438
38,0,2490.569751360503,2487.1129059347563
38,1,2487.1129059347563,2486.8930874112066
38,2,2486.8930874112066,2487.633170103813
38,3,2487.633170103813,2492.2593281884224
38,4,2492.2593281884224,2492.474325850935
38,5,2492.474325850935,2486.6388832454095
38,6,2486.6388832454095,2486.403919663448
38,7,2486.403919663448,2493.252679996219
38,8,2493.252679996219,2495.4185955836815
38,9,2495.4185955836815,2493.39137322416
38,10,2493.39137322416,2494.8691395102364
38,11,2494.8691395102364,2493.014105948012
38,12,2493.014105948012,2489.6295871491448
38,13,2489.6295871491448,2488.7586637410595
38,14,2488.7586637410595,2488.9874798391565
38,15,2488.9874798391565,2484.307091083073
38,16,2484.307091083073,2481.4341928567264
38,17,2481.4341928567264,2481.4600317646823
38,18,2481.4600317646823,2480.4395988247097
38,19,2480.4395988247097,2481.426627002575
38,20,2481.426627002575,2478.3899561843036
38,21,2478.3899561843036,2480.1752405556867
38,22,2480.1752405556867,2477.215842813036
38,23,2477.215842813036,2481.3226785678803
38,24,2481.3226785678803,2477.0332828569344
38,25,2477.0332828569344,2474.301897180976
38,26,2474.301897180976,2475.345324188556
38,27,2475.345324188556,2479.5059073173
38,28,2479.5059073173,2480.2935149075906
38,29,2480.2935149075906,2481.7006597080467
38,30,2481.7006597080467,2481.744501962229
38,31,2481.744501962229,2479.178505826941
38,32,2479.178505826941,2477.9531599563425
38,33,2477.9531599563425,2474.923385656389
38,34,2474.923385656389,2471.726610736947
38,35,2471.726610736947,2472.7309830352465
38,36,2472.7309830352465,2469.923038080027
38,37,2469.923038080027,2470.7219230968353
38,38,2470.7219230968353,2467.4673662162827
38,39,2467.4673662162827,2468.2083237665747
38,40,2468.2083237665747,2466.9866173441674
38,41,2466.9866173441674,2470.503156178294
38,42,2470.503156178294,2471.3124534172416
38,43,2471.3124534172416,2474.401910649727
38,44,2474.401910649727,2472.5127938586643
38,45,2472.5127938586643,2472.6531522092746
38,46,2472.6531522092746,2470.200434313984
38,47,2470.200434313984,2469.1664212071228
38,48,2469.1664212071228,2468.511160650261
38,49,2468.511160650261,2466.696515098543
38,50,2466.696515098543,2463.6577579514287
38,51,2463.6577579514287,2460.123964642297
38,52,2460.123964642297,2454.2745943530285
38,53,2454.2745943530285,2451.6337281942697
38,54,2451.6337281942697,2453.2024629359494
38,55,2453.2024629359494,2449.2062166059163
38,56,2449.2062166059163,2445.785909490283
38,57,2445.785909490283,2450.263155918365
38,58,2450.263155918365,2448.6719157937446
38,59,2448.6719157937446,2449.4745308166566
38,60,2449.4745308166566,2451.080323682908
38,61,2451.080323682908,2452.736639007361
38,62,2452.736639007361,2448.930853430841
38,63,2448.930853430841,2448.3532042310926
38,64,2448.3532042310926,2444.307636057297
38,65,2444.307636057297,2450.4234307045726
38,66,2450.4234307045726,2446.436242544534
38,67,2446.436242544534,2443.816641997359
38,68,2443.816641997359,2441.2151398602555
38,69,2441.2151398602555,2437.473488668448
38,70,2437.473488668448,2440.8549734428398
38,71,2440.8549734428398,2446.9110931955483
38,72,2446.9110931955483,2445.721720397267
38,73,2445.721720397267,2442.420662530156
38,74,2442.420662530156,2436.828348783341
38,75,2436.828348783341,2436.2180769870356
38,76,2436.2180769870356,2435.427163429132
38,77,2435.427163429132,2433.798923113232
38,78,2433.798923113232,2434.3523612481727
38,79,2434.3523612481727,2435.3402941052113
38,80,2435.3402941052113,2436.148002250056
38,81,2436.148002250056,2435.3576900701346
38,82,2435.3576900701346,2432.603635496199
38,83,2432.603635496199,2434.2682182407157
38,84,2434.2682182407157,2434.2995026392696
38,85,2434.2995026392696,2436.520396451356
38,86,2436.520396451356,2438.4955853250367
38,87,2438.4955853250367,2434.941180152419
38,88,2434.941180152419,2431.355624633775
38,89,2431.355624633775,2429.4667728369236
38,90,2429.4667728369236,2426.826109316197
38,91,2426.826109316197,2428.714238756137
38,92,2428.714238756137,2429.592512946107
38,93,2429.592512946107,2432.3404729305703
38,94,2432.3404729305703,2433.3316899740976
38,95,2433.3316899740976,2433.853313928781
38,96,2433.853313928781,2436.8526383796416
38,97,2436.8526383796416,2438.0269567289793
38,98,2438.0269567289793,2438.1972091375737
39,0,2435.7939592873845,2435.03310777509
39,1,2435.03310777509,2432.9385496281457
39,2,2432.9385496281457,2434.696113275759
39,3,2434.696113275759,2437.7887396303654
39,4,2437.7887396303654,2437.662271126782
39,5,2437.662271126782,2440.9320601862314
39,6,2440.9320601862314,2436.0070226063026
39,7,2436.0070226063026,2435.8683891692826
39,8,2435.8683891692826,2435.7681518890217
39,9,2435.7681518890217,2433.9506659580034
39,10,2433.9506659580034,2439.910318552958
39,11,2439.910318552958,2439.744836971236
39,12,2439.744836971236,2438.725510042225
39,13,2438.725510042225,2438.7904153258087
39,14,2438.7904153258087,2433.7833809794943
39,15,2433.7833809794943,2431.883711166132
39,16,2431.883711166132,2434.3418110897455
39,17,2434.3418110897455,2432.769447702414
39,18,2432.769447702414,2430.697259795413
39,19,2430.697259795413,2433.9710738866993
39,20,2433.9710738866993,2437.3217098890786
39,21,2437.3217098890786,2438.6141860694815
39,22,2438.6141860694815,2437.4763927343847
39,23,2437.4763927343847,2436.8777150715937
39,24,2436.8777150715937,2434.8673401676565
39,25,2434.8673401676565,2432.380407370085
39,26,2432.380407370085,2429.769366149314
39,27,2429.769366149314,2428.224230132351
39,28,2428.224230132351,2425.637427655639
39,29,2425.637427655639,2421.728164859281
39,30,2421.728164859281,2422.276671533666
39,31,2422.276671533666,2422.8631604858997
39,32,2422.8631604858997,2427.1151423819706
39,33,2427.1151423819706,2425.444296461084
39,34,2425.444296461084,2426.1845479351423
39,35,2426.1845479351423,2426.966329383329
39,36,2426.966329383329,2426.3317354805154
39,37,2426.3317354805154,2428.1925694523898
39,38,2428.1925694523898,2430.1306424195163
39,39,2430.1306424195163,2430.9491701575103
39,40,2430.9491701575103,2430.310070894891
39,41,2430.310070894891,2429.4162456235044
39,42,2429.4162456235044,2425.9968608765116
39,43,2425.9968608765116,2423.9820664299673
39,44,2423.9820664299673,2422.427047620213
39,45,2422.427047620213,2419.6171182141397
39,46,2419.6171182141397,2420.716928130859
39,47,2420.716928130859,2423.7084978033263
39,48,2423.7084978033263,2421.4383417225035
39,49,2421.4383417225035,2422.1469453118652
39,50,2422.1469453118652,2419.561667463041
39,51,2419.561667463041,2418.799362035693
39,52,2418.799362035693,2417.0735380877486
39,53,2417.0735380877486,2418.578277209265
39,54,2418.578277209265,2416.881306774659
39,55,2416.881306774659,2419.410457808926
39,56,2419.410457808926,2418.79615587477
39,57,2418.79615587477,2417.172146600783
39,58,2417.172146600783,2414.03888344492
39,59,2414.03888344492,2414.671894720658
39,60,2414.671894720658,2416.909940726224
39,61,2416.909940726224,2417.593243867566
39,62,2417.593243867566,2423.190323033602
39,63,2423.190323033602,2426.764791664778
39,64,2426.764791664778,2425.995972252985
39,65,2425.995972252985,2425.2009036684676
39,66,2425.2009036684676,2426.375145467181
39,67,2426.375145467181,2424.2800975161167
39,68,2424.2800975161167,2427.195818282448
39,69,2427.195818282448,2428.0998195870566
39,70,2428.0998195870566,2428.740966864203
39,71,2428.740966864203,2430.45835103363
39,72,2430.45835103363,2434.7654257420527
39,73,2434.7654257420527,2435.1928141225217
39,74,2435.1928141225217,2434.910213195343
39,75,2434.910213195343,2438.6820122536496
39,76,2438.6820122536496,2441.1008882936276
39,77,2441.1008882936276,2440.2984386926682
39,78,2440.2984386926682,2440.3114048143157
39,79,2440.3114048143157,2440.7998571041626
39,80,2440.7998571041626,2441.704389465675
39,81,2441.704389465675,2438.312889838327
39,82,2438.312889838327,2434.456678318823
39,83,2434.456678318823,2432.238203263817
39,84,2432.238203263817,2429.826357156289
39,85,2429.826357156289,2428.2167971213576
39,86,2428.2167971213576,2429.8035737265827
39,87,2429.8035737265827,2429.381250835771
39,88,2429.381250835771,2429.8722373482965
39,89,2429.8722373482965,2426.811478823191
39,90,2426.811478823191,2425.6573733158884
39,91,2425.6573733158884,2427.1255174702505
39,92,2427.1255174702505,2428.6128986156928
39,93,2428.6128986156928,2426.801464045223
39,94,2426.801464045223,2427.205620011172
39,95,2427.205620011172,2432.702739644878
39,96,2432.702739644878,2432.6587448217388
39,97,2432.6587448217388,2430.9257774563825
39,98,2430.9257774563825,2430.4913714829772
40,0,2450.5521103707556,2450.4737236190645
40,1,2450.4737236190645,2446.8651066267225
40,2,2446.8651066267225,2444.4585304390075
40,3,2444.4585304390075,2444.0851923463288
40,4,2444.0851923463288,2443.6720224212727
40,5,2443.6720224212727,2442.2565492341228
40,6,2442.2565492341228,2441.8140152689316
40,7,2441.8140152689316,2441.966552407467
40,8,2441.966552407467,2444.1900860487785
40,9,2444.1900860487785,2443.9420567107136
40,10,2443.9420567107136,2444.9398147239594
40,11,2444.9398147239594,2443.5858139703746
40,12,2443.5858139703746,2445.0160532793707
40,13,2445.0160532793707,2445.9553790234017
40,14,2445.9553790234017,2448.1199215313513
40,15,2448.1199215313513,2449.9035726874627
40,16,2449.9035726874627,2451.3754117446656
40,17,2451.3754117446656,2451.129368223021
40,18,2451.129368223021,2451.741716290632
40,19,2451.741716290632,2454.400488611761
40,20,2454.400488611761,2452.770302188254
40,21,2452.770302188254,2451.199282741512
40,22,2451.199282741512,2451.6528612363877
40,23,2451.6528612363877,2452.691060462051
40,24,2452.691060462051,2450.630794213891
40,25,2450.630794213891,2450.443887805358
40,26,2450.443887805358,2450.208890869786
40,27,2450.208890869786,2444.6706905807773
40,28,2444.6706905807773,2444.1217056076302
40,29,2444.1217056076302,2443.728411025509
40,30,2443.728411025509,2443.3276786684514
40,31,2443.3276786684514,2446.8674643548948
40,32,2446.8674643548948,2443.8279686086225
40,33,2443.8279686086225,2441.766412180611
40,34,2441.766412180611,2435.2359226848125
40,35,2435.2359226848125,2434.033631019377
40,36,2434.033631019377,2433.044522134062
40,37,2433.044522134062,2431.7695791932265
40,38,2431.7695791932265,2434.538772541936
40,39,2434.538772541936,2436.690316347778
40,40,2436.690316347778,2436.8849581584464
40,41,2436.8849581584464,2435.958425524597
40,42,2435.958425524597,2438.5238996948638
40,43,2438.5238996948638,2438.4745050452743
40,44,2438.4745050452743,2436.428829947978
40,45,2436.428829947978,2432.138208254267
40,46,2432.138208254267,2431.0349220195276
40,47,2431.0349220195276,2432.921531062459
40,48,2432.921531062459,2438.612877786317
40,49,2438.612877786317,2438.7669036517905
40,50,2438.7669036517905,2436.85351486399
40,51,2436.85351486399,2433.891101843279
40,52,2433.891101843279,2435.2709890840433
40,53,2435.2709890840433,2430.859448953083
40,54,2430.859448953083,2432.235311706595
40,55,2432.235311706595,2434.279590722252
40,56,2434.279590722252,2435.370289355334
40,57,2435.370289355334,2434.8211351754876
40,58,2434.8211351754876,2436.2334868093544
40,59,2436.2334868093544,2436.660832737175
40,60,2436.660832737175,2434.7155231325237
40,61,2434.7155231325237,2439.3415539384614
40,62,2439.3415539384614,2438.462355489435
40,63,2438.462355489435,2440.40173624056
40,64,2440.40173624056,2434.3552005338206
40,65,2434.3552005338206,2437.546377740773
40,66,2437.546377740773,2441.2182871024097
40,67,2441.2182871024097,2441.2928715702265
40,68,2441.2928715702265,2442.689799157071
40,69,2442.689799157071,2444.08608711109
40,70,2444.08608711109,2442.479128186988
40,71,2442.479128186988,2443.8469339505864
40,72,2443.8469339505864,2441.825357775905
40,73,2441.825357775905,2440.3034654667917
40,74,2440.3034654667917,2443.1208233248226
40,75,2443.1208233248226,2445.557467551573
40,76,2445.557467551573,2443.7915287962837
40,77,2443.7915287962837,2441.957587937531
40,78,2441.957587937531,2440.343596431387
40,79,2440.343596431387,2442.175195347551
40,80,2442.175195347551,2439.675233395525
40,81,2439.675233395525,2440.5670149931148
40,82,2440.5670149931148,2442.4341320197004
40,83,2442.4341320197004,2442.2135183939677
40,84,2442.2135183939677,2444.73867763613
40,85,2444.73867763613,2443.9779022124053
40,86,2443.9779022124053,2443.4432632099206
40,87,2443.4432632099206,2441.000147632091
40,88,2441.000147632091,2443.5430910011414
40,89,2443.5430910011414,2441.626789883694
40,90,2441.626789883694,2442.5012194279816
40,91,2442.5012194279816,2442.322929260167
40,92,2442.322929260167,2439.6909716023874
40,93,2439.6909716023874,2438.1682137428293
40,94,2438.1682137428293,2441.6253943404313
40,95,2441.6253943404313,2442.1295381970176
40,96,2442.1295381970176,2439.6066623436004
40,97,2439.6066623436004,2440.369983061972
40,98,2440.369983061972,2440.004697982986
41,0,2486.287706440279,2487.000516043635
41,1,2487.000516043635,2486.048953925969
41,2,2486.048953925969,2489.5990237204364
41,3,2489.5990237204364,2484.9964333022044
41,4,2484.9964333022044,2485.232233693157
41,5,2485.232233693157,2490.2183049298596
41,6,2490.2183049298596,2489.9278067189603
41,7,2489.9278067189603,2485.59455410734
41,8,2485.59455410734,2484.604759196314
41,9,2484.604759196314,2488.2410542987113
41,10,2488.2410542987113,2489.1812282895135
41,11,2489.1812282895135,2487.084088015732
41,12,2487.084088015732,2485.3709809977845
41,13,2485.3709809977845,2483.97173031991
41,14,2483.97173031991,2484.874725030045
41,15,2484.874725030045,2488.2202153623916
41,16,2488.2202153623916,2490.8512728943897
41,17,2490.8512728943897,2491.9913033496623
41,18,2491.9913033496623,2488.6621914495186
41,19,2488.6621914495186,2485.342360164535
41,20,2485.342360164535,2486.6754902175694
41,21,2486.6754902175694,2483.311812472737
41,22,2483.311812472737,2482.7478949200654
41,23,2482.7478949200654,2483.508271035531
41,24,2483.508271035531,2480.6642860471243
41,25,2480.6642860471243,2478.103630211227
41,26,2478.103630211227,2477.8683275498074
41,27,2477.8683275498074,2479.1274532686175
41,28,2479.1274532686175,2481.781250194652
41,29,2481.781250194652,2483.2988837815783
41,30,2483.2988837815783,2483.483025269059
41,31,2483.483025269059,2481.6175383851664
41,32,2481.6175383851664,2478.940270895555
41,33,2478.940270895555,2477.663078174732
41,34,2477.663078174732,2478.6879171371834
41,35,2478.6879171371834,2479.5294764037517
41,36,2479.5294764037517,2474.279721439439
41,37,2474.279721439439,2472.3155288687703
41,38,2472.3155288687703,2475.326797747786
41,39,2475.326797747786,2475.524835367296
41,40,2475.524835367296,2471.9823130845384
41,41,2471.9823130845384,2477.871866038534
41,42,2477.871866038534,2477.799511707747
41,43,2477.799511707747,2478.7603466060305
41,44,2478.7603466060305,2479.7591584961433
41,45,2479.7591584961433,2478.840169830743
41,46,2478.840169830743,2477.0212356261895
41,47,2477.0212356261895,2482.325423088854
41,48,2482.325423088854,2484.8334377628985
41,49,2484.8334377628985,2486.88828076567
41,50,2486.88828076567,2488.3290037449656
41,51,2488.3290037449656,2485.8207102690612
41,52,2485.8207102690612,2489.014535748412
41,53,2489.014535748412,2486.9067041033827
41,54,2486.9067041033827,2487.614921098759
41,55,2487.614921098759,2483.516446335098
41,56,2483.516446335098,2478.414299208479
41,57,2478.414299208479,2479.210027215112
41,58,2479.210027215112,2477.187279047125
41,59,2477.187279047125,2472.214360118882
41,60,2472.214360118882,2473.5658838762497
41,61,2473.5658838762497,2478.8660858038766
41,62,2478.8660858038766,2482.3399864503267
41,63,2482.3399864503267,2481.6966917371624
41,64,2481.6966917371624,2481.718805003905
41,65,2481.718805003905,2483.9380706458646
41,66,2483.9380706458646,2486.743390695452
41,67,2486.743390695452,2485.884551398388
41,68,2485.884551398388,2485.9699956876993
41,69,2485.9699956876993,2486.7215327046106
41,70,2486.7215327046106,2488.1062235053078
41,71,2488.1062235053078,2487.7735324002797
41,72,2487.7735324002797,2487.473319287608
41,73,2487.473319287608,2490.922900111994
41,74,2490.922900111994,2493.946701868101
41,75,2493.946701868101,2495.1402283016914
41,76,2495.1402283016914,2499.4380009767488
41,77,2499.4380009767488,2498.4718865711825
41,78,2498.4718865711825,2500.0
41,79,2500.0,2500.0
41,80,2500.0,2500.0
41,81,2500.0,2497.018795183044
41,82,2497.018795183044,2495.2954320525005
41,83,2495.2954320525005,2496.3424266230018
41,84,2496.3424266230018,2497.3355117554493
41,85,2497.3355117554493,2500.0
41,86,2500.0,2498.329063291751
41,87,2498.329063291751,2500.0
41,88,2500.0,2500.0
41,89,2500.0,2500.0
41,90,2500.0,2497.597509145189
41,91,2497.597509145189,2500.0
41,92,2500.0,2500.0
41,93,2500.0,2500.0
41,94,2500.0,2500.0
41,95,2500.0,2500.0
41,96,2500.0,2499.8031605194014
41,97,2499.8031605194014,2500.0
41,98,2500.0,2500.0
42,0,2409.658078747672,2407.53676630929
42,1,2407.53676630929,2404.9152871972215
42,2,2404.9152871972215,2403.0351965630907
42,3,2403.0351965630907,2403.590527169464
42,4,2403.590527169464,2403.523137578376
42,5,2403.523137578376,2404.061497061598
42,6,2404.061497061598,2405.313529895463
42,7,2405.313529895463,2403.745227580671
42,8,2403.745227580671,2407.409378001534
42,9,2407.409378001534,2406.7401009339155
42,10,2406.7401009339155,2405.6565334719617
42,11,2405.6565334719617,2406.862499065293
42,12,2406.862499065293,2402.2712235593553
42,13,2402.2712235593553,2400.294887435048
42,14,2400.294887435048,2402.7475694317777
42,15,2402.7475694317777,2400.0
42,16,2400.0,2402.793935492333
42,17,2402.793935492333,2406.5717769082307
42,18,2406.5717769082307,2405.648138563671
42,19,2405.648138563671,2406.377670482237
42,20,2406.377670482237,2409.1753881943646
42,21,2409.1753881943646,2408.0084152242557
42,22,2408.0084152242557,2410.1778540255714
42,23,2410.1778540255714,2408.4999820377448
42,24,2408.4999820377448,2407.3059763044116
42,25,2407.3059763044116,2405.3076351435993
42,26,2405.3076351435993,2406.1642531415864
42,27,2406.1642531415864,2409.0591757730003
42,28,2409.0591757730003,2408.5988934427073
42,29,2408.5988934427073,2405.420770542926
42,30,2405.420770542926,2402.714003487209
42,31,2402.714003487209,2403.7005020406355
42,32,2403.7005020406355,2408.310793074121
42,33,2408.310793074121,2409.295105572407
42,34,2409.295105572407,2408.327864195779
42,35,2408.327864195779,2410.2433241129047
42,36,2410.2433241129047,2409.6445775239376
42,37,2409.6445775239376,2408.698864480527
42,38,2408.698864480527,2406.3027167162886
42,39,2406.3027167162886,2409.8238388269046
42,40,2409.8238388269046,2403.4758190331654
42,41,2403.4758190331654,2405.4704670338638
42,42,2405.4704670338638,2404.31110468937
42,43,2404.31110468937,2403.285252860741
42,44,2403.285252860741,2407.5160407510352
42,45,2407.5160407510352,2405.730713020535
42,46,2405.730713020535,2404.030540135464
42,47,2404.030540135464,2403.704554538165
42,48,2403.704554538165,2404.7391730026957
42,49,2404.7391730026957,2403.6345335469637
42,50,2403.6345335469637,2400.0
42,51,2400.0,2400.0
42,52,2400.0,2403.2033346411613
42,53,2403.2033346411613,2403.390276614
42,54,2403.390276614,2404.5179948232594
42,55,2404.5179948232594,2403.864441805327
42,56,2403.864441805327,2402.2156975648936
42,57,2402.2156975648936,2406.409621189582
42,58,2406.409621189582,2405.9391415469545
42,59,2405.9391415469545,2404.8307168481365
42,60,2404.8307168481365,2407.571072764025
42,61,2407.571072764025,2405.7651718668562
42,62,2405.7651718668562,2404.2783535074213
42,63,2404.2783535074213,2404.3039702174638
42,64,2404.3039702174638,2404.304645477684
42,65,2404.304645477684,2404.953673847442
42,66,2404.953673847442,2410.182846570931
42,67,2410.182846570931,2411.023467186812
42,68,2411.023467186812,2405.0783322799352
42,69,2405.0783322799352,2405.894079638514
42,70,2405.894079638514,2405.988779624738
42,71,2405.988779624738,2406.0974046856168
42,72,2406.0974046856168,2406.7122729591074
42,73,2406.7122729591074,2406.6405772399203
42,74,2406.6405772399203,2406.509047007282
42,75,2406.509047007282,2408.041657531709
42,76,2408.041657531709,2406.686455538723
42,77,2406.686455538723,2404.3172396996247
42,78,2404.3172396996247,2411.876693331181
42,79,2411.876693331181,2410.087049721728
42,80,2410.087049721728,2410.337407002878
42,81,2410.337407002878,2406.5982563756897
42,82,2406.5982563756897,2406.889427413318
42,83,2406.889427413318,2404.5563635365947
42,84,2404.5563635365947,2403.45018117947
42,85,2403.45018117947,2406.0628428438977
42,86,2406.0628428438977,2407.242866764843
42,87,2407.242866764843,2408.6638905762798
42,88,2408.6638905762798,2404.2358784803
42,89,2404.2358784803,2408.8281164048726
42,90,2408.8281164048726,2405.848413127518
42,91,2405.848413127518,2409.6698151632527
42,92,2409.6698151632527,2412.223674828206
42,93,2412.223674828206,2413.6670066826678
42,94,2413.6670066826678,2411.529544730397
42,95,2411.529544730397,2411.9085193424457
42,96,2411.9085193424457,2410.731215815834
42,97,2410.731215815834,2410.8038147445973
42,98,2410.8038147445973,2410.1791340968834
43,0,2413.7679949543167,2413.5652270629434
43,1,2413.5652270629434,2412.3532260641878
43,2,2412.3532260641878,2410.9524079821135
43,3,2410.9524079821135,2411.8485569230306
43,4,2411.8485569230306,2409.6141660772946
43,5,2409.6141660772946,2403.9762271811096
43,6,2403.9762271811096,2404.99405168913
43,7,2404.99405168913,2406.2918091840224
43,8,2406.2918091840224,2405.7927296223284
43,9,2405.7927296223284,2402.922972434353
43,10,2402.922972434353,2403.1453112865765
43,11,2403.1453112865765,2400.0
43,12,2400.0,2400.0
43,13,2400.0,2400.0
43,14,2400.0,2402.109847677229
43,15,2402.109847677229,2401.203320301137
43,16,2401.203320301137,2400.0836542716957
43,17,2400.0836542716957,2404.970385560224
43,18,2404.970385560224,2405.8515418031957
43,19,2405.8515418031957,2406.699028079383
43,20,2406.699028079383,2405.774776216361
43,21,2405.774776216361,2404.283847047269
43,22,2404.283847047269,2400.0
43,23,2400.0,2402.4218513298088
43,24,2402.4218513298088,2403.5426255941998
43,25,2403.5426255941998,2403.094710611166
43,26,2403.094710611166,2402.7516438565754
43,27,2402.7516438565754,2404.592004512228
43,28,2404.592004512228,2400.7052293295283
43,29,2400.7052293295283,2400.0
43,30,2400.0,2400.0
43,31,2400.0,2404.4287732062166
43,32,2404.4287732062166,2406.6179120358497
43,33,2406.6179120358497,2401.111180433011
43,34,2401.111180433011,2400.0
43,35,2400.0,2400.0
43,36,2400.0,2400.0
43,37,2400.0,2400.0
43,38,2400.0,2404.8619055941263
43,39,2404.8619055941263,2405.643255379083
43,40,2405.643255379083,2406.8302961862405
43,41,2406.8302961862405,2405.10025881316
43,42,2405.10025881316,2406.905944181105
43,43,2406.905944181105,2405.95486227865
43,44,2405.95486227865,2405.2465043443813
43,45,2405.2465043443813,2406.7740092439444
43,46,2406.7740092439444,2402.7015153312936
43,47,2402.7015153312936,2406.694084980921
43,48,2406.694084980921,2407.1500580177308
43,49,2407.1500580177308,2410.352418539682
43,50,2410.352418539682,2407.663869148135
43,51,2407.663869148135,2405.3559563380645
43,52,2405.3559563380645,2402.4512057840648
43,53,2402.4512057840648,2403.0769499657267
43,54,2403.0769499657267,2403.2419082205224
43,55,2403.2419082205224,2402.0808786724447
43,56,2402.0808786724447,2400.0
43,57,2400.0,2400.0
43,58,2400.0,2400.0
43,59,2400.0,2400.0
43,60,2400.0,2400.0
43,61,2400.0,2403.8677237153292
43,62,2403.8677237153292,2403.6619095198475
43,63,2403.6619095198475,2406.837016854665
43,64,2406.837016854665,2405.503886397958
43,65,2405.503886397958,2406.1158271074546
43,66,2406.1158271074546,2405.9771370668136
43,67,2405.9771370668136,2401.733081293018
43,68,2401.733081293018,2405.303927058678
43,69,2405.303927058678,2404.966043041097
43,70,2404.966043041097,2406.8320885901794
43,71,2406.8320885901794,2404.9520167840255
43,72,2404.9520167840255,2404.5399058300763
43,73,2404.5399058300763,2402.372774930268
43,74,2402.372774930268,2405.4627711371763
43,75,2405.4627711371763,2406.241294505803
43,76,2406.241294505803,2407.1589283225053
43,77,2407.1589283225053,2410.554388690268
43,78,2410.554388690268,2413.4452419325153
43,79,2413.4452419325153,2415.358598272856
43,80,2415.358598272856,2411.8042799052623
43,81,2411.8042799052623,2410.0650821064705
43,82,2410.0650821064705,2407.5553617664423
43,83,2407.5553617664423,2409.374196000507
43,84,2409.374196000507,2409.800825854882
43,85,2409.800825854882,2406.3245447708055
43,86,2406.3245447708055,2405.8526842382776
43,87,2405.8526842382776,2402.1174033989805
43,88,2402.1174033989805,2401.984512178806
43,89,2401.984512178806,2400.0
43,90,2400.0,2401.3220687334615
43,91,2401.3220687334615,2402.2669752985466
43,92,2402.2669752985466,2407.036846531914
43,93,2407.036846531914,2409.156529755657
43,94,2409.156529755657,2408.099244116101
43,95,2408.099244116101,2410.144419349287
43,96,2410.144419349287,2406.650259646924
43,97,2406.650259646924,2404.2440781377213
43,98,2404.2440781377213,2405.0769344679093
44,0,2497.9083625321614,2495.3577043018654
44,1,2495.3577043018654,2495.6109719397487
44,2,2495.6109719397487,2492.9166310446303
44,3,2492.9166310446303,2493.977251388268
44,4,2493.977251388268,2494.0255699474365
44,5,2494.0255699474365,2497.5264847396397
44,6,2497.5264847396397,2497.543321074894
44,7,2497.543321074894,2495.6217140624904
44,8,2495.6217140624904,2495.004499422922
44,9,2495.004499422922,2491.64390843038
44,10,2491.64390843038,2492.6592515671437
44,11,2492.6592515671437,2494.133877182932
44,12,2494.133877182932,2500.0
44,13,2500.0,2498.445410023489
44,14,2498.445410023489,2497.775923589301
44,15,2497.775923589301,2496.3365272782053
44,16,2496.3365272782053,2496.8668115310334
44,17,2496.8668115310334,2497.8210378672325
44,18,2497.8210378672325,2497.6876007561614
44,19,2497.6876007561614,2500.0
44,20,2500.0,2498.457551240613
44,21,2498.457551240613,2500.0
44,22,2500.0,2500.0
44,23,2500.0,2499.9699252002524
44,24,2499.9699252002524,2499.1825835983595
44,25,2499.1825835983595,2500.0
44,26,2500.0,2497.957478373145
44,27,2497.957478373145,2498.702311315566
44,28,2498.702311315566,2496.8267636399605
44,29,2496.8267636399605,2500.0
44,30,2500.0,2500.0
44,31,2500.0,2498.3041253028973
44,32,2498.3041253028973,2499.5856127864754
44,33,2499.5856127864754,2500.0
44,34,2500.0,2498.7084380950632
44,35,2498.7084380950632,2500.0
44,36,2500.0,2500.0
44,37,2500.0,2500.0
44,38,2500.0,2499.895200721894
44,39,2499.895200721894,2500.0
44,40,2500.0,2500.0
44,41,2500.0,2500.0
44,42,2500.0,2498.397460210031
44,43,2498.397460210031,2500.0
44,44,2500.0,2497.3739501416285
44,45,2497.3739501416285,2498.4430406888278
44,46,2498.4430406888278,2497.6424388330743
44,47,2497.6424388330743,2500.0
44,48,2500.0,2497.7412936569403
44,49,2497.7412936569403,2495.9031355025395
44,50,2495.9031355025395,2493.478590344385
44,51,2493.478590344385,2494.2872529717615
44,52,2494.2872529717615,2490.85462632284
44,53,2490.85462632284,2489.6583050859454
44,54,2489.6583050859454,2484.2773905288095
44,55,2484.2773905288095,2484.8784439141295
44,56,2484.8784439141295,2483.627906767239
44,57,2483.627906767239,2479.9077649074093
44,58,2479.9077649074093,2482.6217884148446
44,59,2482.6217884148446,2479.3526211688823
44,60,2479.3526211688823,2481.344980393953
44,61,2481.344980393953,2479.5923783339836
44,62,2479.5923783339836,2483.596306778722
44,63,2483.596306778722,2485.470183126037
44,64,2485.470183126037,2482.9500634488522
44,65,2482.9500634488522,2480.6573570683263
44,66,2480.6573570683263,2482.171170081387
44,67,2482.171170081387,2481.5152247546116
44,68,2481.5152247546116,2481.091868487058
44,69,2481.091868487058,2484.2724656414885
44,70,2484.2724656414885,2482.4007434580635
44,71,2482.4007434580635,2482.628977888502
44,72,2482.628977888502,2485.0155473726327
44,73,2485.0155473726327,2487.0383410935965
44,74,2487.0383410935965,2486.6393094247946
44,75,2486.6393094247946,2485.917044722663
44,76,2485.917044722663,2481.5700060663607
44,77,2481.5700060663607,2478.9293935846977
44,78,2478.9293935846977,2479.7252916511343
44,79,2479.7252916511343,2479.3805861787787
44,80,2479.3805861787787,2479.567903875194
44,81,2479.567903875194,2482.166037899279
44,82,2482.166037899279,2479.1977301266234
44,83,2479.1977301266234,2478.607279371042
44,84,2478.607279371042,2479.07905677957
44,85,2479.07905677957,2477.3186569356335
44,86,2477.3186569356335,2480.897349720452
44,87,2480.897349720452,2483.1688167244847
44,88,2483.1688167244847,2483.8941500422065
44,89,2483.8941500422065,2488.379729490528
44,90,2488.379729490528,2484.6324912915024
44,91,2484.6324912915024,2484.613175588738
44,92,2484.613175588738,2485.5290180110733
44,93,2485.5290180110733,2483.2426303940883
44,94,2483.2426303940883,2483.994416748633
44,95,2483.994416748633,2481.227960514163
44,96,2481.227960514163,2482.9543538098487
44,97,2482.9543538098487,2485.598940730171
44,98,2485.598940730171,2486.2797742329917
45,0,2443.95347442394,2445.3652494319726
45,1,2445.3652494319726,2445.4182460407537
45,2,2445.4182460407537,2438.6832394965227
45,3,2438.6832394965227,2441.790315456193
45,4,2441.790315456193,2442.131956721828
45,5,2442.131956721828,2440.0842700618277
45,6,2440.0842700618277,2442.5716590557445
45,7,2442.5716590557445,2440.8778090234773
45,8,2440.8778090234773,2439.156678729467
45,9,2439.156678729467,2440.0525603570018
45,10,2440.0525603570018,2444.5051565051076
45,11,2444.5051565051076,2448.56412445004
45,12,2448.56412445004,2449.4634031973
45,13,2449.4634031973,2450.619367344426
45,14,2450.619367344426,2452.598114674638
45,15,2452.598114674638,2449.4556554862147
45,16,2449.4556554862147,2451.0660263290947
45,17,2451.0660263290947,2449.230842658736
45,18,2449.230842658736,2450.0270378257273
45,19,2450.0270378257273,2449.458368756709
45,20,2449.458368756709,2450.7113895744947
45,21,2450.7113895744947,2451.0066482370107
45,22,2451.0066482370107,2443.3240725599576
45,23,2443.3240725599576,2443.7713018392205
45,24,2443.7713018392205,2445.376684219969
45,25,2445.376684219969,2446.491505090815
45,26,2446.491505090815,2446.2350402252932
45,27,2446.2350402252932,2450.3404444551193
45,28,2450.3404444551193,2451.1188772779233
45,29,2451.1188772779233,2452.213060528406
45,30,2452.213060528406,2454.8242902635325
45,31,2454.8242902635325,2455.730772762774
45,32,2455.730772762774,2453.4857283792385
45,33,2453.4857283792385,2447.3898848447893
45,34,2447.3898848447893,2446.1970825897442
45,35,2446.1970825897442,2448.099446404447
45,36,2448.099446404447,2447.2167055759023
45,37,2447.2167055759023,2449.2196515066066
45,38,2449.2196515066066,2449.591471946407
45,39,2449.591471946407,2452.8116371220626
45,40,2452.8116371220626,2452.0735953542608
45,41,2452.0735953542608,2453.24263242068
45,42,2453.24263242068,2454.507345082018
45,43,2454.507345082018,2458.261349763596
45,44,2458.261349763596,2453.9947564977606
45,45,2453.9947564977606,2452.8487358113775
45,46,2452.8487358113775,2454.9700260748486
45,47,2454.9700260748486,2458.8347672742952
45,48,2458.8347672742952,2459.4349460559006
45,49,2459.4349460559006,2458.703185644847
45,50,2458.703185644847,2460.5959815665333
45,51,2460.5959815665333,2462.7677382546126
45,52,2462.7677382546126,2461.868584057944
45,53,2461.868584057944,2462.694352338388
45,54,2462.694352338388,2465.645670494418
45,55,2465.645670494418,2470.371817977604
45,56,2470.371817977604,2472.2283303756926
45,57,2472.2283303756926,2472.3386776173566
45,58,2472.3386776173566,2472.2034896772616
45,59,2472.2034896772616,2473.5969810702454
45,60,2473.5969810702454,2473.307798964047
45,61,2473.307798964047,2473.781900211603
45,62,2473.781900211603,2471.1372095502757
45,63,2471.1372095502757,2474.3798525415036
45,64,2474.3798525415036,2471.529390723632
45,65,2471.529390723632,2470.4491113224994
45,66,2470.4491113224994,2470.693094474629
45,67,2470.693094474629,2475.6705616743507
45,68,2475.6705616743507,2474.61385421222
45,69,2474.61385421222,2472.9488146773188
45,70,2472.9488146773188,2471.5717723839844
45,71,2471.5717723839844,2475.719015303013
45,72,2475.719015303013,2468.6881478192477
45,73,2468.6881478192477,2466.181302788876
45,74,2466.181302788876,2473.009524561775
45,75,2473.009524561775,2474.486729745504
45,76,2474.486729745504,2471.7217673721557
45,77,2471.7217673721557,2471.616972416719
45,78,2471.616972416719,2471.7856088318886
45,79,2471.7856088318886,2473.9009219466525
45,80,2473.9009219466525,2478.499676953709
45,81,2478.499676953709,2479.471056156907
45,82,2479.471056156907,2478.1215853993745
45,83,2478.1215853993745,2480.08929650462
45,84,2480.08929650462,2478.343664762463
45,85,2478.343664762463,2475.7603210224906
45,86,2475.7603210224906,2471.3605488425997
45,87,2471.3605488425997,2467.4477278563486
45,88,2467.4477278563486,2465.2066149660377
45,89,2465.2066149660377,2462.2621405467853
45,90,2462.2621405467853,2463.045231865222
45,91,2463.045231865222,2460.046727300662
45,92,2460.046727300662,2452.1875615456
45,93,2452.1875615456,2449.5777821091265
45,94,2449.5777821091265,2448.398132989823
45,95,2448.398132989823,2446.884509270143
45,96,2446.884509270143,2450.683320968416
45,97,2450.683320968416,2449.1494645701932
45,98,2449.1494645701932,2451.351773228191
46,0,2450.060422392367,2447.971971670247
46,1,2447.971971670247,2447.825015041295
46,2,2447.825015041295,2445.9122747240517
46,3,2445.9122747240517,2446.3373355096883
46,4,2446.3373355096883,2445.746711428129
46,5,2445.746711428129,2443.38514159515
46,6,2443.38514159515,2445.8648774444014
46,7,2445.8648774444014,2446.931978644455
46,8,2446.931978644455,2445.811821809099
46,9,2445.811821809099,2446.175554426687
46,10,2446.175554426687,2445.965998122932
46,11,2445.965998122932,2443.797020779774
46,12,2443.797020779774,2443.973261352327
46,13,2443.973261352327,2442.4207319653087
46,14,2442.4207319653087,2440.0583973762587
46,15,2440.0583973762587,2436.0014790505925
46,16,2436.0014790505925,2435.1049606667457
46,17,2435.1049606667457,2436.522387315705
46,18,2436.522387315705,2434.785738932258
46,19,2434.785738932258,2441.087510662653
46,20,2441.087510662653,2443.301724796785
46,21,2443.301724796785,2446.562550128436
46,22,2446.562550128436,2448.550657658621
46,23,2448.550657658621,2453.182820095967
46,24,2453.182820095967,2451.215315137286
46,25,2451.215315137286,2444.8134716731392
46,26,2444.8134716731392,2443.698157652257
46,27,2443.698157652257,2445.093704091126
46,28,2445.093704091126,2445.472496520496
46,29,2445.472496520496,2446.161178047915
46,30,2446.161178047915,2449.46345305459
46,31,2449.46345305459,2450.418596990746
46,32,2450.418596990746,2452.4158793097236
46,33,2452.4158793097236,2450.0669724550917
46,34,2450.0669724550917,2447.3284882320518
46,35,2447.3284882320518,2451.363773039613
46,36,2451.363773039613,2451.6160268774806
46,37,2451.6160268774806,2450.057953918865
46,38,2450.057953918865,2448.5044676849975
46,39,2448.5044676849975,2446.8816598809017
46,40,2446.8816598809017,2445.109262328287
46,41,2445.109262328287,2441.901392821778
46,42,2441.901392821778,2438.1503418162265
46,43,2438.1503418162265,2437.6628308720906
46,44,2437.6628308720906,2436.18051619629
46,45,2436.18051619629,2438.948414409898
46,46,2438.948414409898,2439.681106043065
46,47,2439.681106043065,2440.3444002432598
46,48,2440.3444002432598,2438.4865992243735
46,49,2438.4865992243735,2438.1840281849236
46,50,2438.1840281849236,2439.0865309440023
46,51,2439.0865309440023,2440.877020293284
46,52,2440.877020293284,2440.6422907269884
46,53,2440.6422907269884,2443.340100175299
46,54,2443.340100175299,2443.360073447569
46,55,2443.360073447569,2445.342191243863
46,56,2445.342191243863,2444.11756072239
46,57,2444.11756072239,2439.586089805968
46,58,2439.586089805968,2440.2569872760146
46,59,2440.2569872760146,2442.070297433881
46,60,2442.070297433881,2443.5086657634
46,61,2443.5086657634,2444.5641324169937
46,62,2444.5641324169937,2443.6926650021064
46,63,2443.6926650021064,2441.6757993734923
46,64,2441.6757993734923,2443.055120046102
46,65,2443.055120046102,2444.1212385865974
46,66,2444.1212385865974,2442.718990859488
46,67,2442.718990859488,2445.492551332468
46,68,2445.492551332468,2443.2853875460987
46,69,2443.2853875460987,2441.8265790991213
46,70,2441.8265790991213,2445.9176421299753
46,71,2445.9176421299753,2448.08909697431
46,72,2448.08909697431,2447.1940737095824
46,73,2447.1940737095824,2447.9125254836913
46,74,2447.9125254836913,2448.299506095001
46,75,2448.299506095001,2441.4354714325577
46,76,2441.4354714325577,2439.1692865588743
46,77,2439.1692865588743,2439.042170016101
46,78,2439.042170016101,2438.1506413247025
46,79,2438.1506413247025,2438.7683977367788
46,80,2438.7683977367788,2441.5921035191486
46,81,2441.5921035191486,2440.788264057514
46,82,2440.788264057514,2438.1441270672067
46,83,2438.1441270672067,2438.9562562134843
46,84,2438.9562562134843,2438.1396978795647
46,85,2438.1396978795647,2437.7495391275097
46,86,2437.7495391275097,2437.020104829627
46,87,2437.020104829627,2442.6246993296545
46,88,2442.6246993296545,2437.02293867716
46,89,2437.02293867716,2436.052103919328
46,90,2436.052103919328,2436.042881355207
46,91,2436.042881355207,2434.0900251245002
46,92,2434.0900251245002,2436.339589704821
46,93,2436.339589704821,2438.37273390162
46,94,2438.37273390162,2438.2533473553985
46,95,2438.2533473553985,2437.5766629670393
46,96,2437.5766629670393,2437.2967708814604
46,97,2437.2967708814604,2437.0348042473406
46,98,2437.0348042473406,2436.8388716770264
47,0,2427.7750650429184,2429.658095204988
47,1,2429.658095204988,2426.5824448359917
47,2,2426.5824448359917,2423.9557850879087
47,3,2423.9557850879087,2419.5844900141997
47,4,2419.5844900141997,2421.7504835150935
47,5,2421.7504835150935,2422.3762917480694
47,6,2422.3762917480694,2423.6394605379014
47,7,2423.6394605379014,2420.0657149419926
47,8,2420.0657149419926,2424.528085249193
47,9,2424.528085249193,2423.0059579788294
47,10,2423.0059579788294,2423.4264724966074
47,11,2423.4264724966074,2425.5624341483035
47,12,2425.5624341483035,2423.0949847588136
47,13,2423.0949847588136,2421.7291738625318
47,14,2421.7291738625318,2422.177103299034
47,15,2422.177103299034,2429.3207859876957
47,16,2429.3207859876957,2430.0735978448256
47,17,2430.0735978448256,2434.0895007214026
47,18,2434.0895007214026,2437.1036835843825
47,19,2437.1036835843825,2438.0237086756188
47,20,2438.0237086756188,2435.550719246542
47,21,2435.550719246542,2438.2001032735875
47,22,2438.2001032735875,2434.454827419467
47,23,2434.454827419467,2438.45701522866
47,24,2438.45701522866,2438.9570284992055
47,25,2438.9570284992055,2432.33146963096
47,26,2432.33146963096,2431.48020439338
47,27,2431.48020439338,2433.1150739456875
47,28,2433.1150739456875,2432.522514263088
47,29,2432.522514263088,2434.310028790572
47,30,2434.310028790572,2432.1849683712912
47,31,2432.1849683712912,2428.9200124393224
47,32,2428.9200124393224,2428.7413989317033
47,33,2428.7413989317033,2428.820313099928
47,34,2428.820313099928,2427.9493522222724
47,35,2427.9493522222724,2431.017580088878
47,36,2431.017580088878,2428.89206165103
47,37,2428.89206165103,2429.6749756693607
47,38,2429.6749756693607,2429.8449005972698
47,39,2429.8449005972698,2425.9531107169296
47,40,2425.9531107169296,2422.6555352577584
47,41,2422.6555352577584,2422.68531279838
47,42,2422.68531279838,2427.6383127950976
47,43,2427.6383127950976,2429.0864873248447
47,44,2429.0864873248447,2424.772400261983
47,45,2424.772400261983,2416.9961800991846
47,46,2416.9961800991846,2418.8288140816953
47,47,2418.8288140816953,2418.588280374375
47,48,2418.588280374375,2421.441445298151
47,49,2421.441445298151,2419.239650496372
47,50,2419.239650496372,2420.1151817410187
47,51,2420.1151817410187,2422.2306153985883
47,52,2422.2306153985883,2421.111956303072
47,53,2421.111956303072,2420.0467423774944
47,54,2420.0467423774944,2420.1098994552403
47,55,2420.1098994552403,2421.466590321641
47,56,2421.466590321641,2421.4307553103613
47,57,2421.4307553103613,2423.86574615476
47,58,2423.86574615476,2422.7109081815925
47,59,2422.7109081815925,2419.3899201679346
47,60,2419.3899201679346,2424.3323585882176
47,61,2424.3323585882176,2422.8207742468617
47,62,2422.8207742468617,2421.3996690375675
47,63,2421.3996690375675,2421.235160734887
47,64,2421.235160734887,2421.4031135090218
47,65,2421.4031135090218,2420.436404402801
47,66,2420.436404402801,2420.392819660429
47,67,2420.392819660429,2420.2934140818584
47,68,2420.2934140818584,2420.7304623994105
47,69,2420.7304623994105,2414.8367437519423
47,70,2414.8367437519423,2419.538934519462
47,71,2419.538934519462,2419.1707137356257
47,72,2419.1707137356257,2420.6222702842433
47,73,2420.6222702842433,2417.177016930408
47,74,2417.177016930408,2415.9995162772852
47,75,2415.9995162772852,2414.318726611484
47,76,2414.318726611484,2417.9930360227554
47,77,2417.9930360227554,2416.528502005666
47,78,2416.528502005666,2418.4237019730163
47,79,2418.4237019730163,2416.797650841333
47,80,2416.797650841333,2415.666103492198
47,81,2415.666103492198,2415.0522280791965
47,82,2415.0522280791965,2418.26184089627
47,83,2418.26184089627,2413.5372092486946
47,84,2413.5372092486946,2410.2480503605084
47,85,2410.2480503605084,2405.379787446284
47,86,2405.379787446284,2402.66103214688
47,87,2402.66103214688,2400.6320320188997
47,88,2400.6320320188997,2400.0
47,89,2400.0,2400.0
47,90,2400.0,2400.0
47,91,2400.0,2400.0
47,92,2400.0,2403.0010509997755
47,93,2403.0010509997755,2404.0100211754784
47,94,2404.0100211754784,2404.4786903559097
47,95,2404.4786903559097,2401.9717439652118
47,96,2401.9717439652118,2400.0
47,97,2400.0,2400.0
47,98,2400.0,2400.0
48,0,2439.300877662633,2440.8774085688415
48,1,2440.8774085688415,2439.0335164086714
48,2,2439.0335164086714,2439.0948909896815
48,3,2439.0948909896815,2438.291534664588
48,4,2438.291534664588,2437.7885602558513
48,5,2437.7885602558513,2442.881379998251
48,6,2442.881379998251,2438.4763794057417
48,7,2438.4763794057417,2437.889687365936
48,8,2437.889687365936,2440.9190596339263
48,9,2440.9190596339263,2437.2543308963423
48,10,2437.2543308963423,2435.6449623331764
48,11,2435.6449623331764,2434.3223660892572
48,12,2434.3223660892572,2433.7641417841223
48,13,2433.7641417841223,2429.7742488851068
48,14,2429.7742488851068,2431.262464035952
48,15,2431.262464035952,2432.9281822422345
48,16,2432.9281822422345,2434.1991205547793
48,17,2434.1991205547793,2432.0231863690515
48,18,2432.0231863690515,2432.23946334602
48,19,2432.23946334602,2429.9908627470973
48,20,2429.9908627470973,2429.1593710951684
48,21,2429.1593710951684,2434.5430409130954
48,22,2434.5430409130954,2434.782279357086
48,23,2434.782279357086,2431.8134629171177
48,24,2431.8134629171177,2432.2643012687777
48,25,2432.2643012687777,2428.8848114536195
48,26,2428.8848114536195,2425.8872854723318
48,27,2425.8872854723318,2423.2844776324596
48,28,2423.2844776324596,2422.1737040019702
48,29,2422.1737040019702,2424.5161264909434
48,30,2424.5161264909434,2425.9621219859855
48,31,2425.9621219859855,2427.2696103066037
48,32,2427.2696103066037,2424.5222988926275
48,33,2424.5222988926275,2423.1690130040383
48,34,2423.1690130040383,2423.8490157712463
48,35,2423.8490157712463,2422.2782158077753
48,36,2422.2782158077753,2421.5822997070227
48,37,2421.5822997070227,2422.6856964383473
48,38,2422.6856964383473,2421.813764735344
48,39,2421.813764735344,2422.3789137080994
48,40,2422.3789137080994,2426.3607348481482
48,41,2426.3607348481482,2425.931087850681
48,42,2425.931087850681,2428.879432374979
48,43,2428.879432374979,2430.277857543247
48,44,2430.277857543247,2426.60975255953
48,45,2426.60975255953,2423.854409986371
48,46,2423.854409986371,2421.7704202786963
48,47,2421.7704202786963,2419.633332986364
48,48,2419.633332986364,2419.407608621097
48,49,2419.407608621097,2420.9442187413015
48,50,2420.9442187413015,2424.0821147830634
48,51,2424.0821147830634,2424.8525525048763
48,52,2424.8525525048763,2423.738353614743
48,53,2423.738353614743,2418.5327505056684
48,54,2418.5327505056684,2418.709224444212
48,55,2418.709224444212,2418.7736499284492
48,56,2418.7736499284492,2419.2309718122965
48,57,2419.2309718122965,2424.496572556555
48,58,2424.496572556555,2427.5980639220375
48,59,2427.5980639220375,2429.5607162176625
48,60,2429.5607162176625,2427.1555233924837
48,61,2427.1555233924837,2425.873036519492
48,62,2425.873036519492,2425.6359250021706
48,63,2425.6359250021706,2423.6974071921445
48,64,2423.6974071921445,2424.9485685046075
48,65,2424.9485685046075,2425.8408406276467
48,66,2425.8408406276467,2423.12007114501
48,67,2423.12007114501,2426.1121129177504
48,68,2426.1121129177504,2426.3678887522724
48,69,2426.3678887522724,2422.045210885417
48,70,2422.045210885417,2421.9168537395544
48,71,2421.9168537395544,2422.619869879362
48,72,2422.619869879362,2425.051850782951
48,73,2425.051850782951,2424.2081597751344
48,74,2424.2081597751344,2426.2780054437526
48,75,2426.2780054437526,2426.7458604106782
48,76,2426.7458604106782,2423.4582238880844
48,77,2423.4582238880844,2419.9203069543782
48,78,2419.9203069543782,2422.726706629752
48,79,2422.726706629752,2425.716667075706
48,80,2425.716667075706,2426.523940151718
48,81,2426.523940151718,2430.263206954668
48,82,2430.263206954668,2432.904731577272
48,83,2432.904731577272,2434.613803400971
48,84,2434.613803400971,2432.3355246791366
48,85,2432.3355246791366,2436.6640965567176
48,86,2436.6640965567176,2438.0048501372385
48,87,2438.0048501372385,2437.0402532007092
48,88,2437.0402532007092,2435.3695781874458
48,89,2435.3695781874458,2436.0115376412305
48,90,2436.0115376412305,2431.8338899291343
48,91,2431.8338899291343,2433.5830731175165
48,92,2433.5830731175165,2431.1991460807812
48,93,2431.1991460807812,2432.125666352842
48,94,2432.125666352842,2430.8216155094465
48,95,2430.8216155094465,2430.1605687276347
48,96,2430.1605687276347,2428.268294045722
48,97,2428.268294045722,2427.86522046777
48,98,2427.86522046777,2432.5886693328134
49,0,2436.6350149273007,2436.571779263388
49,1,2436.571779263388,2438.6822822401205
49,2,2438.6822822401205,2441.507208225389
49,3,2441.507208225389,2439.4326622698704
49,4,2439.4326622698704,2439.23906510079
49,5,2439.23906510079,2434.68416952687
49,6,2434.68416952687,2437.491924802522
49,7,2437.491924802522,2442.6544854467743
49,8,2442.6544854467743,2442.854692008332
49,9,2442.854692008332,2437.5421666960747
49,10,2437.5421666960747,2439.0643929875173
49,11,2439.0643929875173,2436.8041700721446
49,12,2436.8041700721446,2435.1457964679835
49,13,2435.1457964679835,2436.712237442461
49,14,2436.712237442461,2437.348622756243
49,15,2437.348622756243,2436.1283508178967
49,16,2436.1283508178967,2434.5043367363924
49,17,2434.5043367363924,2434.8189268744445
49,18,2434.8189268744445,2433.7952629931638
49,19,2433.7952629931638,2431.0221701591563
49,20,2431.0221701591563,2430.1907622054605
49,21,2430.1907622054605,2431.0397437635984
49,22,2431.0397437635984,2430.5944850965493
49,23,2430.5944850965493,2427.060713600929
49,24,2427.060713600929,2429.5333751543676
49,25,2429.5333751543676,2422.6863465620095
49,26,2422.6863465620095,2421.5704336744384
49,27,2421.5704336744384,2420.0199375380535
49,28,2420.0199375380535,2420.390384732732
49,29,2420.390384732732,2421.794539252239
49,30,2421.794539252239,2424.6114512728914
49,31,2424.6114512728914,2422.830439089511
49,32,2422.830439089511,2424.2968949328447
49,33,2424.2968949328447,2424.7864409025483
49,34,2424.7864409025483,2420.5075924645903
49,35,2420.5075924645903,2425.2589431031756
49,36,2425.2589431031756,2421.6620052850753
49,37,2421.6620052850753,2422.7107484658495
49,38,2422.7107484658495,2423.685648326344
49,39,2423.685648326344,2424.374740282167
49,40,2424.374740282167,2423.138298076763
49,41,2423.138298076763,2425.2064297046145
49,42,2425.2064297046145,2421.305511019757
49,43,2421.305511019757,2421.140939048072
49,44,2421.140939048072,2419.731252356691
49,45,2419.731252356691,2418.0380075015237
49,46,2418.0380075015237,2419.1098769701575
49,47,2419.1098769701575,2421.8035733269567
49,48,2421.8035733269567,2420.9454339223644
49,49,2420.9454339223644,2422.8971366471787
49,50,2422.8971366471787,2423.02148831079
49,51,2423.02148831079,2420.789657787695
49,52,2420.789657787695,2420.144777554592
49,53,2420.144777554592,2419.396062827613
49,54,2419.396062827613,2417.6544130463494
49,55,2417.6544130463494,2418.725620367989
49,56,2418.725620367989,2419.3122358372507
49,57,2419.3122358372507,2415.335611591577
49,58,2415.335611591577,2411.206796603479
49,59,2411.206796603479,2412.268507736493
49,60,2412.268507736493,2410.2302916645067
49,61,2410.2302916645067,2410.9853945522577
49,62,2410.9853945522577,2412.937723497531
49,63,2412.937723497531,2409.760341404017
49,64,2409.760341404017,2406.231498267576
49,65,2406.231498267576,2410.4175774735645
49,66,2410.4175774735645,2411.296504430971
49,67,2411.296504430971,2410.2484027892874
49,68,2410.2484027892874,2407.9135516576716
49,69,2407.9135516576716,2406.6374495354034
49,70,2406.6374495354034,2403.66101869512
49,71,2403.66101869512,2405.8695491303465
49,72,2405.8695491303465,2403.9276712463306
49,73,2403.9276712463306,2406.6615077168713
49,74,2406.6615077168713,2405.6599354174464
49,75,2405.6599354174464,2403.0515599584032
49,76,2403.0515599584032,2401.9858059883686
49,77,2401.9858059883686,2400.0
49,78,2400.0,2400.0
49,79,2400.0,2400.0
49,80,2400.0,2402.06185686637
49,81,2402.06185686637,2400.0
49,82,2400.0,2402.9046659021587
49,83,2402.9046659021587,2404.956164139653
49,84,2404.956164139653,2408.0862730489
49,85,2408.0862730489,2407.9544696088897
49,86,2407.9544696088897,2410.4892116941464
49,87,2410.4892116941464,2406.811101606879
49,88,2406.811101606879,2408.5937205198907
49,89,2408.5937205198907,2406.6658136146407
49,90,2406.6658136146407,2402.5373090335834
49,91,2402.5373090335834,2400.0
49,92,2400.0,2400.0138278465733
49,93,2400.0138278465733,2400.0
49,94,2400.0,2400.9401838292397
49,95,2400.9401838292397,2400.0
49,96,2400.0,2400.0
49,97,2400.0,2403.430968585359
49,98,2403.430968585359,2405.690468908863
50,0,2471.6358184669143,2474.1845861174174
50,1,2474.1845861174174,2475.2325876381437
50,2,2475.2325876381437,2475.603145378602
50,3,2475.603145378602,2478.341030581884
50,4,2478.341030581884,2476.5142493938806
50,5,2476.5142493938806,2476.5921955155422
50,6,2476.5921955155422,2476.5475739198114
50,7,2476.5475739198114,2475.8656688006336
50,8,2475.8656688006336,2474.891155022082
50,9,2474.891155022082,2475.073325616653
50,10,2475.073325616653,2475.159344356617
50,11,2475.159344356617,2472.538275250281
50,12,2472.538275250281,2474.542765025032
50,13,2474.542765025032,2472.1018020056167
50,14,2472.1018020056167,2471.556218394249
50,15,2471.556218394249,2470.818017212449
50,16,2470.818017212449,2471.713276244097
50,17,2471.713276244097,2466.415516393554
50,18,2466.415516393554,2468.6427909308777
50,19,2468.6427909308777,2466.9503150618475
50,20,2466.9503150618475,2470.00022329879
50,21,2470.00022329879,2468.8048109874994
50,22,2468.8048109874994,2468.6827020231644
50,23,2468.6827020231644,2473.4671671233355
50,24,2473.4671671233355,2472.7738216013513
50,25,2472.7738216013513,2475.870946313035
50,26,2475.870946313035,2475.9685590269464
50,27,2475.9685590269464,2477.00710610268
50,28,2477.00710610268,2477.1820025762086
50,29,2477.1820025762086,2479.301631641959
50,30,2479.301631641959,2477.587802609826
50,31,2477.587802609826,2475.1276813022782
50,32,2475.1276813022782,2473.5312408263358
50,33,2473.5312408263358,2473.780516767146
50,34,2473.780516767146,2473.22846980327
50,35,2473.22846980327,2475.004156994448
50,36,2475.004156994448,2478.265986244002
50,37,2478.265986244002,2475.8263904009145
50,38,2475.8263904009145,2473.99151842188
50,39,2473.99151842188,2470.4009198760978
50,40,2470.4009198760978,2475.4768523529956
50,41,2475.4768523529956,2476.2385261008003
50,42,2476.2385261008003,2477.438031900929
50,43,2477.438031900929,2474.0875109383514
50,44,2474.0875109383514,2474.0845859658343
50,45,2474.0845859658343,2475.357705926867
50,46,2475.357705926867,2474.725811700531
50,47,2474.725811700531,2477.4150757625966
50,48,2477.4150757625966,2483.194653576704
50,49,2483.194653576704,2480.826996508969
50,50,2480.826996508969,2478.271778394027
50,51,2478.271778394027,2476.0773882302055
50,52,2476.0773882302055,2480.092886130247
50,53,2480.092886130247,2482.698774422821
50,54,2482.698774422821,2482.359954878337
50,55,2482.359954878337,2482.451354039339
50,56,2482.451354039339,2480.4099949738475
50,57,2480.4099949738475,2482.6350628682053
50,58,2482.6350628682053,2481.685308307934
50,59,2481.685308307934,2481.0351169592964
50,60,2481.0351169592964,2482.5570913881197
50,61,2482.5570913881197,2482.0871040429115
50,62,2482.0871040429115,2481.499689059167
50,63,2481.499689059167,2481.5261270729898
50,64,2481.5261270729898,2483.5145156074723
50,65,2483.5145156074723,2487.630748296182
50,66,2487.630748296182,2489.0944638767974
50,67,2489.0944638767974,2491.102749435858
50,68,2491.102749435858,2490.6031142806055
50,69,2490.6031142806055,2488.8336196226837
50,70,2488.8336196226837,2490.4685852032717
50,71,2490.4685852032717,2490.896687264773
50,72,2490.896687264773,2487.3401156428986
50,73,2487.3401156428986,2486.5199415843344
50,74,2486.5199415843344,2486.3126990256305
50,75,2486.3126990256305,2485.036554358059
50,76,2485.036554358059,2488.7408933444144
50,77,2488.7408933444144,2489.94049093667
50,78,2489.94049093667,2493.3734282313917
50,79,2493.3734282313917,2494.031991385522
50,80,2494.031991385522,2494.235460976585
50,81,2494.235460976585,2491.8939664325594
50,82,2491.8939664325594,2491.923790265551
50,83,2491.923790265551,2491.9564250797393
50,84,2491.9564250797393,2488.538640369654
50,85,2488.538640369654,2487.1898216952277
50,86,2487.1898216952277,2486.3816151989367
50,87,2486.3816151989367,2487.415314059076
50,88,2487.415314059076,2488.5686893390402
50,89,2488.5686893390402,2487.1153931341273
50,90,2487.1153931341273,2488.287567140482
50,91,2488.287567140482,2487.832369817111
50,92,2487.832369817111,2480.658319754974
50,93,2480.658319754974,2479.446564675095
50,94,2479.446564675095,2482.144036275451
50,95,2482.144036275451,2477.9395218838818
50,96,2477.9395218838818,2478.221249884921
50,97,2478.221249884921,2482.184402920384
50,98,2482.184402920384,2480.282870537858
51,0,2484.264140278128,2488.332218132287
51,1,2488.332218132287,2488.1238865647956
51,2,2488.1238865647956,2488.240453671781
51,3,2488.240453671781,2491.6262048355447
51,4,2491.6262048355447,2493.2799008221587
51,5,2493.2799008221587,2491.0908289909166
51,6,2491.0908289909166,2489.472634180698
51,7,2489.472634180698,2490.7099624420066
51,8,2490.7099624420066,2489.149659804349
51,9,2489.149659804349,2483.856551524048
51,10,2483.856551524048,2483.72344952745
51,11,2483.72344952745,2480.022917874638
51,12,2480.022917874638,2484.063622258547
51,13,2484.063622258547,2484.505591352955
51,14,2484.505591352955,2482.242653711096
51,15,2482.242653711096,2480.49607267444
51,16,2480.49607267444,2475.772578704755
51,17,2475.772578704755,2473.0239239878033
51,18,2473.0239239878033,2475.564731994155
51,19,2475.564731994155,2481.144197357886
51,20,2481.144197357886,2482.960188640883
51,21,2482.960188640883,2482.7300822943307
51,22,2482.7300822943307,2481.650183855196
51,23,2481.650183855196,2479.258944321255
51,24,2479.258944321255,2484.4083590696046
51,25,2484.4083590696046,2483.9364873149434
51,26,2483.9364873149434,2489.2255618900995
51,27,2489.2255618900995,2492.7093606641247
51,28,2492.7093606641247,2488.357369585759
51,29,2488.357369585759,2486.692488596361
51,30,2486.692488596361,2485.019875785926
51,31,2485.019875785926,2484.820259875662
51,32,2484.820259875662,2484.6694742428776
51,33,2484.6694742428776,2492.160071981373
51,34,2492.160071981373,2489.4670022951864
51,35,2489.4670022951864,2490.0394271343475
51,36,2490.0394271343475,2491.580696490517
51,37,2491.580696490517,2491.576766479344
51,38,2491.576766479344,2491.852217923797
51,39,2491.852217923797,2489.240195688031
51,40,2489.240195688031,2489.5064111745373
51,41,2489.5064111745373,2490.784908664973
51,42,2490.784908664973,2491.603910125651
51,43,2491.603910125651,2493.0294123854314
51,44,2493.0294123854314,2496.560932137022
51,45,2496.560932137022,2498.9033484918077
51,46,2498.9033484918077,2499.0815850255512
51,47,2499.0815850255512,2496.152189145843
51,48,2496.152189145843,2494.652175959065
51,49,2494.652175959065,2494.1030980792716
51,50,2494.1030980792716,2494.7339626576254
51,51,2494.7339626576254,2493.538130753877
51,52,2493.538130753877,2491.198797755916
51,53,2491.198797755916,2488.2283010331153
51,54,2488.2283010331153,2484.1003566354766
51,55,2484.1003566354766,2483.5129798760404
51,56,2483.5129798760404,2479.8388162708648
51,57,2479.8388162708648,2477.3375020604713
51,58,2477.3375020604713,2476.3527473783606
51,59,2476.3527473783606,2473.012954104882
51,60,2473.012954104882,2473.962334576129
51,61,2473.962334576129,2475.812892235143
51,62,2475.812892235143,2474.4393246857044
51,63,2474.4393246857044,2473.3467564166795
51,64,2473.3467564166795,2474.690330842027
51,65,2474.690330842027,2472.90534309894
51,66,2472.90534309894,2470.948508319947
51,67,2470.948508319947,2473.939754515413
51,68,2473.939754515413,2476.1502238621947
51,69,2476.1502238621947,2477.6540988680545
51,70,2477.6540988680545,2479.96821042154
51,71,2479.96821042154,2475.0250136081213
51,72,2475.0250136081213,2478.4096024751043
51,73,2478.4096024751043,2479.3897577665634
51,74,2479.3897577665634,2481.9167112265777
51,75,2481.9167112265777,2482.8846156743684
51,76,2482.8846156743684,2483.006927736069
51,77,2483.006927736069,2482.3186547051637
51,78,2482.3186547051637,2483.2365156473793
51,79,2483.2365156473793,2482.457145875118
51,80,2482.457145875118,2484.6268361252805
51,81,2484.6268361252805,2480.6606945139
51,82,2480.6606945139,2479.3067548594145
51,83,2479.3067548594145,2484.418812980606
51,84,2484.418812980606,2482.8536118216753
51,85,2482.8536118216753,2482.2569025140165
51,86,2482.2569025140165,2480.0504501806413
51,87,2480.0504501806413,2480.890064362856
51,88,2480.890064362856,2479.0494021375002
51,89,2479.0494021375002,2478.5853748004824
51,90,2478.5853748004824,2480.70754114057
51,91,2480.70754114057,2478.960632593533
51,92,2478.960632593533,2480.932160391696
51,93,2480.932160391696,2482.987733680597
51,94,2482.987733680597,2485.6251239173953
51,95,2485.6251239173953,2485.9764764046904
51,96,2485.9764764046904,2494.079624097132
51,97,2494.079624097132,2496.7159583384873
51,98,2496.7159583384873,2497.5281523995045
52,0,2467.9362863822794,2471.5021038245295
52,1,2471.5021038245295,2475.775940363595
52,2,2475.775940363595,2479.4717631146955
52,3,2479.4717631146955,2481.4347438815194
52,4,2481.4347438815194,2478.2955933657804
52,5,2478.2955933657804,2479.5134979103445
52,6,2479.5134979103445,2476.409991965212
52,7,2476.409991965212,2472.6913139817602
52,8,2472.6913139817602,2473.289210693203
52,9,2473.289210693203,2474.5972093113774
52,10,2474.5972093113774,2476.8556520575794
52,11,2476.8556520575794,2478.0984926585447
52,12,2478.0984926585447,2479.427457622902
52,13,2479.427457622902,2476.965826160421
52,14,2476.965826160421,2476.703384448709
52,15,2476.703384448709,2472.9355924846227
52,16,2472.9355924846227,2467.927169661122
52,17,2467.927169661122,2469.77877643573
52,18,2469.77877643573,2467.8959654512523
52,19,2467.8959654512523,2470.07721170661
52,20,2470.07721170661,2472.84808065131
52,21,2472.84808065131,2471.2997873397517
52,22,2471.2997873397517,2472.77556507614
52,23,2472.77556507614,2471.122673254606
52,24,2471.122673254606,2466.507976068039
52,25,2466.507976068039,2466.8162495791453
52,26,2466.8162495791453,2465.639064879856
52,27,2465.639064879856,2464.538842353388
52,28,2464.538842353388,2469.477200148002
52,29,2469.477200148002,2465.66255769117
52,30,2465.66255769117,2466.619735529599
52,31,2466.619735529599,2464.132717436737
52,32,2464.132717436737,2466.4033709599053
52,33,2466.4033709599053,2467.149449050343
52,34,2467.149449050343,2468.0978099232943
52,35,2468.0978099232943,2465.7355858792885
52,36,2465.7355858792885,2463.821616096068
52,37,2463.821616096068,2466.1397423644325
52,38,2466.1397423644325,2470.5667366687517
52,39,2470.5667366687517,2471.7675062118124
52,40,2471.7675062118124,2469.5239544098836
52,41,2469.5239544098836,2470.3713007160386
52,42,2470.3713007160386,2476.4399808268827
52,43,2476.4399808268827,2476.69603785368
52,44,2476.69603785368,2480.3506400021643
52,45,2480.3506400021643,2478.4998165875677
52,46,2478.4998165875677,2478.3946014584767
52,47,2478.3946014584767,2479.9435144737904
52,48,2479.9435144737904,2480.9368352444476
52,49,2480.9368352444476,2479.0208635441695
52,50,2479.0208635441695,2476.997069901343
52,51,2476.997069901343,2479.4677809090995
52,52,2479.4677809090995,2482.446657940725
52,53,2482.446657940725,2486.2270168360296
52,54,2486.2270168360296,2490.736843044162
52,55,2490.736843044162,2491.0733916349686
52,56,2491.0733916349686,2490.2953935243895
52,57,2490.2953935243895,2493.672870871336
52,58,2493.672870871336,2495.455544075965
52,59,2495.455544075965,2492.9994059292962
52,60,2492.9994059292962,2490.415316765499
52,61,2490.415316765499,2491.6451422688897
52,62,2491.6451422688897,2491.2019556151795
52,63,2491.2019556151795,2491.1358807283277
52,64,2491.1358807283277,2493.8172141401033
52,65,2493.8172141401033,2495.714807002566
52,66,2495.714807002566,2499.0394901236123
52,67,2499.0394901236123,2494.210649857679
52,68,2494.210649857679,2494.8441446507322
52,69,2494.8441446507322,2496.580865956725
52,70,2496.580865956725,2492.764401315006
52,71,2492.764401315006,2491.127162211731
52,72,2491.127162211731,2489.025949305909
52,73,2489.025949305909,2489.0801947335585
52,74,2489.0801947335585,2493.1498296552936
52,75,2493.1498296552936,2498.206303166956
52,76,2498.206303166956,2496.1705842842725
52,77,2496.1705842842725,2497.4869774105064
52,78,2497.4869774105064,2498.8839720408623
52,79,2498.8839720408623,2499.8530364696494
52,80,2499.8530364696494,2500.0
52,81,2500.0,2500.0
52,82,2500.0,2500.0
52,83,2500.0,2500.0
52,84,2500.0,2497.349615256004
52,85,2497.349615256004,2499.3389179582055
52,86,2499.3389179582055,2500.0
52,87,2500.0,2500.0
52,88,2500.0,2500.0
52,89,2500.0,2500.0
52,90,2500.0,2500.0
52,91,2500.0,2500.0
52,92,2500.0,2494.954389785501
52,93,2494.954389785501,2494.7533938007364
52,94,2494.7533938007364,2493.0827673646
52,95,2493.0827673646,2490.1166474191186
52,96,2490.1166474191186,2493.701693130967
52,97,2493.701693130967,2494.9622119273035
52,98,2494.9622119273035,2494.8876342249423
53,0,2421.700068794249,2424.178659027543
53,1,2424.178659027543,2422.1112444186756
53,2,2422.1112444186756,2422.099173487984
53,3,2422.099173487984,2424.2693397351118
53,4,2424.2693397351118,2419.4293369124016
53,5,2419.4293369124016,2419.285412506388
53,6,2419.285412506388,2418.212184080019
53,7,2418.212184080019,2417.8776094356317
53,8,2417.8776094356317,2416.623538044702
53,9,2416.623538044702,2416.9675995577204
53,10,2416.9675995577204,2421.776667608777
53,11,2421.776667608777,2420.966861423956
53,12,2420.966861423956,2421.696138946691
53,13,2421.696138946691,2426.683004992714
53,14,2426.683004992714,2425.3079660467824
53,15,2425.3079660467824,2429.8446544191047
53,16,2429.8446544191047,2429.8579619356724
53,17,2429.8579619356724,2434.3127025003346
53,18,2434.3127025003346,2436.1882053127006
53,19,2436.1882053127006,2436.9559762191566
53,20,2436.9559762191566,2436.79189951444
53,21,2436.79189951444,2435.231795914742
53,22,2435.231795914742,2435.421274789653
53,23,2435.421274789653,2437.6646784372033
53,24,2437.6646784372033,2437.6318998597117
53,25,2437.6318998597117,2436.840342847057
53,26,2436.840342847057,2436.2133865116125
53,27,2436.2133865116125,2438.6945780455703
53,28,2438.6945780455703,2441.75748168332
53,29,2441.75748168332,2440.089605398899
53,30,2440.089605398899,2438.41813575528
53,31,2438.41813575528,2439.366533054448
53,32,2439.366533054448,2443.185363216341
53,33,2443.185363216341,2446.0503389871224
53,34,2446.0503389871224,2442.9207084566724
53,35,2442.9207084566724,2442.260518531693
53,36,2442.260518531693,2439.934009644969
53,37,2439.934009644969,2439.265228340181
53,38,2439.265228340181,2443.2762533302694
53,39,2443.2762533302694,2439.719751708312
53,40,2439.719751708312,2435.6725884751113
53,41,2435.6725884751113,2433.601203091527
53,42,2433.601203091527,2434.319479597967
53,43,2434.319479597967,2435.871366649569
53,44,2435.871366649569,2436.964987736723
53,45,2436.964987736723,2439.9042012448003
53,46,2439.9042012448003,2435.4964872592154
53,47,2435.4964872592154,2438.467328605113
53,48,2438.467328605113,2437.687090304997
53,49,2437.687090304997,2439.515826079509
53,50,2439.515826079509,2436.207262512601
53,51,2436.207262512601,2436.2196542551237
53,52,2436.2196542551237,2436.810331181596
53,53,2436.810331181596,2439.699708775342
53,54,2439.699708775342,2435.736572218823
53,55,2435.736572218823,2435.81345359016
53,56,2435.81345359016,2433.1003653623047
53,57,2433.1003653623047,2434.3641054728255
53,58,2434.3641054728255,2436.307146813966
53,59,2436.307146813966,2439.525072420236
53,60,2439.525072420236,2438.187498784465
53,61,2438.187498784465,2440.505564998687
53,62,2440.505564998687,2443.9078189673796
53,63,2443.9078189673796,2439.799701542741
53,64,2439.799701542741,2441.330563842987
53,65,2441.330563842987,2443.7268419774373
53,66,2443.7268419774373,2443.080026011469
53,67,2443.080026011469,2440.053092067656
53,68,2440.053092067656,2442.41048145793
53,69,2442.41048145793,2439.4117093890354
53,70,2439.4117093890354,2438.9658308027583
53,71,2438.9658308027583,2438.86552065825
53,72,2438.86552065825,2440.65436578751
53,73,2440.65436578751,2439.0877868887287
53,74,2439.0877868887287,2437.376327666659
53,75,2437.376327666659,2437.6236163635667
53,76,2437.6236163635667,2440.139592557616
53,77,2440.139592557616,2445.858217559249
53,78,2445.858217559249,2442.0895145598024
53,79,2442.0895145598024,2442.8778696042687
53,80,2442.8778696042687,2440.1615320386827
53,81,2440.1615320386827,2442.7085601466997
53,82,2442.7085601466997,2440.362198778427
53,83,2440.362198778427,2438.675578232971
53,84,2438.675578232971,2437.202401085311
53,85,2437.202401085311,2437.0119037385116
53,86,2437.0119037385116,2437.8198977306583
53,87,2437.8198977306583,2439.0291512146796
53,88,2439.0291512146796,2439.0147323492224
53,89,2439.0147323492224,2435.690004793121
53,90,2435.690004793121,2437.5094701688963
53,91,2437.5094701688963,2437.3770735097387
53,92,2437.3770735097387,2440.2814104847753
53,93,2440.2814104847753,2438.5120635360754
53,94,2438.5120635360754,2434.506376717698
53,95,2434.506376717698,2434.4213117109903
53,96,2434.4213117109903,2437.661193431701
53,97,2437.661193431701,2438.063548773241
53,98,2438.063548773241,2437.564374275309
54,0,2476.0902757561494,2473.5162692689373
54,1,2473.5162692689373,2471.7027836248667
54,2,2471.7027836248667,2473.127869115077
54,3,2473.127869115077,2468.48781739036
54,4,2468.48781739036,2471.6742940538134
54,5,2471.6742940538134,2473.2347768393565
54,6,2473.2347768393565,2475.4828545188843
54,7,2475.4828545188843,2476.8781470487584
54,8,2476.8781470487584,2476.4753382551175
54,9,2476.4753382551175,2473.817466479729
54,10,2473.817466479729,2473.4672778766667
54,11,2473.4672778766667,2471.029187097285
54,12,2471.029187097285,2472.244575372476
54,13,2472.244575372476,2474.2615249488463
54,14,2474.2615249488463,2477.953546526842
54,15,2477.953546526842,2478.882965628224
54,16,2478.882965628224,2481.1944040197122
54,17,2481.1944040197122,2480.451542176637
54,18,2480.451542176637,2479.2558493316164
54,19,2479.2558493316164,2480.4400290586586
54,20,2480.4400290586586,2479.4738468768664
54,21,2479.4738468768664,2480.1468113489354
54,22,2480.1468113489354,2477.493830875597
54,23,2477.493830875597,2475.289761669406
54,24,2475.289761669406,2476.8782849219515
54,25,2476.8782849219515,2479.095010110467
54,26,2479.095010110467,2476.63086968805
54,27,2476.63086968805,2478.307405464316
54,28,2478.307405464316,2476.975566281728
54,29,2476.975566281728,2477.016829222229
54,30,2477.016829222229,2480.559190261705
54,31,2480.559190261705,2482.577908346763
54,32,2482.577908346763,2484.5675883168183
54,33,2484.5675883168183,2489.339564212961
54,34,2489.339564212961,2487.579865860336
54,35,2487.579865860336,2485.115178422855
54,36,2485.115178422855,2483.3098727472834
54,37,2483.3098727472834,2482.673620113767
54,38,2482.673620113767,2476.7872435780373
54,39,2476.7872435780373,2476.2686729862953
54,40,2476.2686729862953,2474.907246156558
54,41,2474.907246156558,2476.866645575052
54,42,2476.866645575052,2477.7476940225774
54,43,2477.7476940225774,2476.245952453154
54,44,2476.245952453154,2477.7208545665612
54,45,2477.7208545665612,2479.5290122161205
54,46,2479.5290122161205,2477.607647741642
54,47,2477.607647741642,2476.3750871031857
54,48,2476.3750871031857,2470.811679135441
54,49,2470.811679135441,2468.0850291995175
54,50,2468.0850291995175,2466.2288552984587
54,51,2466.2288552984587,2466.4142707399737
54,52,2466.4142707399737,2464.050814041574
54,53,2464.050814041574,2462.7671840739513
54,54,2462.7671840739513,2459.7038573699947
54,55,2459.7038573699947,2460.131642116323
54,56,2460.131642116323,2461.195928602785
54,57,2461.195928602785,2462.2018419738347
54,58,2462.2018419738347,2462.232744803598
54,59,2462.232744803598,2458.3800623123448
54,60,2458.3800623123448,2456.8301781526125
54,61,2456.8301781526125,2455.811911471816
54,62,2455.811911471816,2454.8036731895145
54,63,2454.8036731895145,2454.991126234489
54,64,2454.991126234489,2458.5549796654163
54,65,2458.5549796654163,2460.585220197128
54,66,2460.585220197128,2458.116425747506
54,67,2458.116425747506,2459.812432935748
54,68,2459.812432935748,2461.4131888549123
54,69,2461.4131888549123,2459.3980201725335
54,70,2459.3980201725335,2461.520184979122
54,71,2461.520184979122,2461.119243389259
54,72,2461.119243389259,2457.594359664223
54,73,2457.594359664223,2458.7323664758155
54,74,2458.7323664758155,2459.2747710348517
54,75,2459.2747710348517,2458.7055769618873
54,76,2458.7055769618873,2458.611944249429
54,77,2458.611944249429,2456.814230552208
54,78,2456.814230552208,2458.3395568117007
54,79,2458.3395568117007,2458.2309302254284
54,80,2458.2309302254284,2458.647052335299
54,81,2458.647052335299,2459.539907146371
54,82,2459.539907146371,2456.6534431103055
54,83,2456.6534431103055,2454.4177355556003
54,84,2454.4177355556003,2448.8928744065597
54,85,2448.8928744065597,2450.3047300527855
54,86,2450.3047300527855,2447.2742049934186
54,87,2447.2742049934186,2447.605629268158
54,88,2447.605629268158,2448.5330998305067
54,89,2448.5330998305067,2450.038981927738
54,90,2450.038981927738,2447.0289396431476
54,91,2447.0289396431476,2446.866035597796
54,92,2446.866035597796,2451.0417366497654
54,93,2451.0417366497654,2455.327523349726
54,94,2455.327523349726,2457.7958310847935
54,95,2457.7958310847935,2458.6395639318407
54,96,2458.6395639318407,2456.1267979597274
54,97,2456.1267979597274,2457.923352023205
54,98,2457.923352023205,2457.528298951338
55,0,2405.40175061222,2404.96941783012
55,1,2404.96941783012,2405.3797862303113
55,2,2405.3797862303113,2405.995481459046
55,3,2405.995481459046,2407.2297882451967
55,4,2407.2297882451967,2405.7818007838846
55,5,2405.7818007838846,2402.4235896536093
55,6,2402.4235896536093,2406.485552253359
55,7,2406.485552253359,2412.708687675917
55,8,2412.708687675917,2413.827239453923
55,9,2413.827239453923,2410.517259217098
55,10,2410.517259217098,2408.5842714249907
55,11,2408.5842714249907,2409.857065347618
55,12,2409.857065347618,2413.209854376821
55,13,2413.209854376821,2410.1776277904664
55,14,2410.1776277904664,2409.866795738344
55,15,2409.866795738344,2410.3566258994542
55,16,2410.3566258994542,2412.518072027669
55,17,2412.518072027669,2411.659069291668
55,18,2411.659069291668,2407.749532563363
55,19,2407.749532563363,2409.3025264619955
55,20,2409.3025264619955,2412.114516374924
55,21,2412.114516374924,2411.908037720561
55,22,2411.908037720561,2412.921137948827
55,23,2412.921137948827,2411.7349098752593
55,24,2411.7349098752593,2409.6204778884444
55,25,2409.6204778884444,2412.1865420898125
55,26,2412.1865420898125,2413.155281709349
55,27,2413.155281709349,2414.3812032078536
55,28,2414.3812032078536,2418.13649107784
55,29,2418.13649107784,2415.499385242044
55,30,2415.499385242044,2414.1193195716455
55,31,2414.1193195716455,2414.5141529437324
55,32,2414.5141529437324,2413.1033698493293
55,33,2413.1033698493293,2415.0612111875103
55,34,2415.0612111875103,2414.5927131352505
55,35,2414.5927131352505,2412.1113811165073
55,36,2412.1113811165073,2412.2758103044766
55,37,2412.2758103044766,2412.7016572314938
55,38,2412.7016572314938,2415.0383623887346
55,39,2415.0383623887346,2416.0212146466033
55,40,2416.0212146466033,2417.1740806250027
55,41,2417.1740806250027,2417.9748098350206
55,42,2417.9748098350206,2417.5042535317907
55,43,2417.5042535317907,2415.7137057440127
55,44,2415.7137057440127,2416.4358016231613
55,45,2416.4358016231613,2415.6029897084522
55,46,2415.6029897084522,2419.8275462595548
55,47,2419.8275462595548,2423.1830019964877
55,48,2423.1830019964877,2424.7650998273666
55,49,2424.7650998273666,2425.711267175599
55,50,2425.711267175599,2425.491369548146
55,51,2425.491369548146,2422.338560219778
55,52,2422.338560219778,2421.7981296614735
55,53,2421.7981296614735,2422.0516297449867
55,54,2422.0516297449867,2422.6252709310984
55,55,2422.6252709310984,2423.799111848638
55,56,2423.799111848638,2426.102437343332
55,57,2426.102437343332,2424.3720521641
55,58,2424.3720521641,2422.6643631460774
55,59,2422.6643631460774,2426.291504845435
55,60,2426.291504845435,2428.218958818418
55,61,2428.218958818418,2427.2420314630845
55,62,2427.2420314630845,2426.974003540704
55,63,2426.974003540704,2426.7172186740167
55,64,2426.7172186740167,2426.79615397972
55,65,2426.79615397972,2427.9778617103166
55,66,2427.9778617103166,2434.315343575566
55,67,2434.315343575566,2434.789734978473
55,68,2434.789734978473,2436.446230354536
55,69,2436.446230354536,2432.2300385890608
55,70,2432.2300385890608,2431.0177886071137
55,71,2431.0177886071137,2434.0898261139055
55,72,2434.0898261139055,2435.095614592297
55,73,2435.095614592297,2424.1228281301346
55,74,2424.1228281301346,2425.807886135925
55,75,2425.807886135925,2430.6032971224968
55,76,2430.6032971224968,2425.6135281571974
55,77,2425.6135281571974,2429.411997346311
55,78,2429.411997346311,2422.4821082697463
55,79,2422.4821082697463,2424.8271056323797
55,80,2424.8271056323797,2424.805484067349
55,81,2424.805484067349,2418.9305560292373
55,82,2418.9305560292373,2420.0459005973366
55,83,2420.0459005973366,2422.922999970217
55,84,2422.922999970217,2423.832717479771
55,85,2423.832717479771,2425.29478657242
55,86,2425.29478657242,2424.2655962915724
55,87,2424.2655962915724,2419.61212190352
55,88,2419.61212190352,2421.3417819593624
55,89,2421.3417819593624,2425.716166757978
55,90,2425.716166757978,2428.5401188935466
55,91,2428.5401188935466,2423.570429319543
55,92,2423.570429319543,2419.783193301516
55,93,2419.783193301516,2417.6682739470225
55,94,2417.6682739470225,2413.6858353188222
55,95,2413.6858353188222,2413.7963101177124
55,96,2413.7963101177124,2414.7798496306636
55,97,2414.7798496306636,2411.2042164225577
55,98,2411.2042164225577,2413.1470375707463
56,0,2480.628596965768,2480.197292000808
56,1,2480.197292000808,2475.3227890616754
56,2,2475.3227890616754,2474.4921336709576
56,3,2474.4921336709576,2474.5105961062836
56,4,2474.5105961062836,2474.932465094354
56,5,2474.932465094354,2475.8796573744044
56,6,2475.8796573744044,2476.4902617324806
56,7,2476.4902617324806,2475.829402489316
56,8,2475.829402489316,2476.544889845702
56,9,2476.544889845702,2479.0499698289777
56,10,2479.0499698289777,2478.8112246457035
56,11,2478.8112246457035,2479.6052118727825
56,12,2479.6052118727825,2479.1397842161223
56,13,2479.1397842161223,2477.5228869249236
56,14,2477.5228869249236,2478.8300860922177
56,15,2478.8300860922177,2477.4420212317923
56,16,2477.4420212317923,2478.407388484273
56,17,2478.407388484273,2478.478026913048
56,18,2478.478026913048,2477.7181902217476
56,19,2477.7181902217476,2476.897833141381
56,20,2476.897833141381,2475.6275306603416
56,21,2475.6275306603416,2471.513027730119
56,22,2471.513027730119,2472.470265468023
56,23,2472.470265468023,2473.049132531219
56,24,2473.049132531219,2475.17330816234
56,25,2475.17330816234,2473.844665906573
56,26,2473.844665906573,2478.5831249702646
56,27,2478.5831249702646,2477.6337851006406
56,28,2477.6337851006406,2475.4460109951538
56,29,2475.4460109951538,2472.9617986955473
56,30,2472.9617986955473,2468.626992687473
56,31,2468.626992687473,2472.4585624184556
56,32,2472.4585624184556,2475.886230895377
56,33,2475.886230895377,2477.388093802589
56,34,2477.388093802589,2475.1478717831496
56,35,2475.1478717831496,2479.6760409870476
56,36,2479.6760409870476,2478.7967430832437
56,37,2478.7967430832437,2478.124178505177
56,38,2478.124178505177,2481.7173262062674
56,39,2481.7173262062674,2483.3646026674696
56,40,2483.3646026674696,2488.8673605143563
56,41,2488.8673605143563,2489.4891661651536
56,42,2489.4891661651536,2488.496589166207
56,43,2488.496589166207,2486.9670769575573
56,44,2486.9670769575573,2482.3495865145806
56,45,2482.3495865145806,2481.653097082565
56,46,2481.653097082565,2484.5145804296335
56,47,2484.5145804296335,2486.0116658612737
56,48,2486.0116658612737,2486.062435877675
56,49,2486.062435877675,2483.575099768134
56,50,2483.575099768134,2484.1422823131657
56,51,2484.1422823131657,2486.674316576154
56,52,2486.674316576154,2487.751114717329
56,53,2487.751114717329,2488.1679526414123
56,54,2488.1679526414123,2486.175558508209
56,55,2486.175558508209,2488.343513043489
56,56,2488.343513043489,2480.5137509966285
56,57,2480.5137509966285,2481.4708652687914
56,58,2481.4708652687914,2487.896670221153
56,59,2487.896670221153,2484.1257367528233
56,60,2484.1257367528233,2483.5223131160697
56,61,2483.5223131160697,2483.5025356407577
56,62,2483.5025356407577,2482.346078605616
56,63,2482.346078605616,2484.9370142120138
56,64,2484.9370142120138,2486.118141747902
56,65,2486.118141747902,2486.4988926792703
56,66,2486.4988926792703,2488.4920740821935
56,67,2488.4920740821935,2488.5339508548727
56,68,2488.5339508548727,2496.4836120769314
56,69,2496.4836120769314,2496.861979411073
56,70,2496.861979411073,2497.3501846572976
56,71,2497.3501846572976,2493.0740145333643
56,72,2493.0740145333643,2491.7153887151057
56,73,2491.7153887151057,2494.5838329196054
56,74,2494.5838329196054,2491.2451907937057
56,75,2491.2451907937057,2485.8512978579506
56,76,2485.8512978579506,2485.9320865359196
56,77,2485.9320865359196,2489.358947804607
56,78,2489.358947804607,2489.464900876347
56,79,2489.464900876347,2488.6245893697815
56,80,2488.6245893697815,2483.978369525429
56,81,2483.978369525429,2485.1090048321844
56,82,2485.1090048321844,2486.762192604392
56,83,2486.762192604392,2482.3078613566395
56,84,2482.3078613566395,2485.1441924783826
56,85,2485.1441924783826,2487.058431293113
56,86,2487.058431293113,2489.8892211494813
56,87,2489.8892211494813,2491.3480338790646
56,88,2491.3480338790646,2492.982240651093
56,89,2492.982240651093,2494.2840428978475
56,90,2494.2840428978475,2496.4552237016005
56,91,2496.4552237016005,2491.908329278791
56,92,2491.908329278791,2488.155680694737
56,93,2488.155680694737,2486.3156609442626
56,94,2486.3156609442626,2485.9911105150813
56,95,2485.9911105150813,2486.961452823352
56,96,2486.961452823352,2487.773156956424
56,97,2487.773156956424,2490.565921485064
56,98,2490.565921485064,2493.437159731515
57,0,2459.4478179375888,2457.3282390682843
57,1,2457.3282390682843,2456.8576214724003
57,2,2456.8576214724003,2457.6620998950216
57,3,2457.6620998950216,2449.1403197038426
57,4,2449.1403197038426,2455.168429802942
57,5,2455.168429802942,2456.5844514964356
57,6,2456.5844514964356,2455.0951933079023
57,7,2455.0951933079023,2459.913617695978
57,8,2459.913617695978,2459.0450397697623
57,9,2459.0450397697623,2459.3763382343323
57,10,2459.3763382343323,2458.158548708338
57,11,2458.158548708338,2462.2885283019464
57,12,2462.2885283019464,2462.0260665361816
57,13,2462.0260665361816,2462.3997767880305
57,14,2462.3997767880305,2465.4092321705944
57,15,2465.4092321705944,2466.872080814247
57,16,2466.872080814247,2466.736210651412
57,17,2466.736210651412,2469.512188082306
57,18,2469.512188082306,2475.8583961558757
57,19,2475.8583961558757,2476.6519222778743
57,20,2476.6519222778743,2476.9438224975556
57,21,2476.9438224975556,2477.370390206603
57,22,2477.370390206603,2480.646463958682
57,23,2480.646463958682,2479.1484696210996
57,24,2479.1484696210996,2478.4526757218205
57,25,2478.4526757218205,2474.609068349004
57,26,2474.609068349004,2471.649398692404
57,27,2471.649398692404,2470.354898685659
57,28,2470.354898685659,2470.215056200508
57,29,2470.215056200508,2474.637764514933
57,30,2474.637764514933,2475.9777465272464
57,31,2475.9777465272464,2473.697550251772
57,32,2473.697550251772,2471.877599038362
57,33,2471.877599038362,2475.3144707464385
57,34,2475.3144707464385,2478.1309966180115
57,35,2478.1309966180115,2478.201371393572
57,36,2478.201371393572,2477.095055229725
57,37,2477.095055229725,2479.9073873189864
57,38,2479.9073873189864,2477.4240695021745
57,39,2477.4240695021745,2478.4041454973185
57,40,2478.4041454973185,2484.0857929745516
57,41,2484.0857929745516,2484.5991821801804
57,42,2484.5991821801804,2482.6601584820264
57,43,2482.6601584820264,2483.6860802387055
57,44,2483.6860802387055,2482.5110584411673
57,45,2482.5110584411673,2479.025768831784
57,46,2479.025768831784,2480.778358898964
57,47,2480.778358898964,2483.5729449003384
57,48,2483.5729449003384,2482.795678220157
57,49,2482.795678220157,2481.852589034916
57,50,2481.852589034916,2479.4486755571115
57,51,2479.4486755571115,2479.0738365559428
57,52,2479.0738365559428,2477.667915598635
57,53,2477.667915598635,2475.140333881877
57,54,2475.140333881877,2479.8707559578756
57,55,2479.8707559578756,2481.0369879997493
57,56,2481.0369879997493,2482.4679757698227
57,57,2482.4679757698227,2484.676474692154
57,58,2484.676474692154,2486.6040652340535
57,59,2486.6040652340535,2485.5712903520616
57,60,2485.5712903520616,2486.2526719094903
57,61,2486.2526719094903,2485.5800956988387
57,62,2485.5800956988387,2486.6762547607805
57,63,2486.6762547607805,2487.5304819756757
57,64,2487.5304819756757,2486.573831323515
57,65,2486.573831323515,2483.2505845162104
57,66,2483.2505845162104,2483.6161771586244
57,67,2483.6161771586244,2483.105503439106
57,68,2483.105503439106,2478.3795728198343
57,69,2478.3795728198343,2479.648727242056
57,70,2479.648727242056,2482.062082522663
57,71,2482.062082522663,2488.3829737106853
57,72,2488.3829737106853,2487.4049799523837
57,73,2487.4049799523837,2486.058200211011
57,74,2486.058200211011,2483.2846476349127
57,75,2483.2846476349127,2483.80625240113
57,76,2483.80625240113,2484.312047852526
57,77,2484.312047852526,2482.2838070155594
57,78,2482.2838070155594,2481.8464823105496
57,79,2481.8464823105496,2476.8998181433262
57,80,2476.8998181433262,2479.2157600129094
57,81,2479.2157600129094,2477.289061863729
57,82,2477.289061863729,2477.2024209851966
57,83,2477.2024209851966,2473.635687431952
57,84,2473.635687431952,2472.1798034332983
57,85,2472.1798034332983,2471.4808255495045
57,86,2471.4808255495045,2471.4525984321026
57,87,2471.4525984321026,2472.651929720909
57,88,2472.651929720909,2476.2496174296243
57,89,2476.2496174296243,2478.0813947865477
57,90,2478.0813947865477,2480.486806144413
57,91,2480.486806144413,2484.102066419271
57,92,2484.102066419271,2485.5263361230777
57,93,2485.5263361230777,2485.43456813403
57,94,2485.43456813403,2487.9573478996676
57,95,2487.9573478996676,2490.6398711145716
57,96,2490.6398711145716,2492.261285709487
57,97,2492.261285709487,2488.6247167168967
57,98,2488.6247167168967,2486.52106633416
58,0,2492.743577206266,2492.6902111585896
58,1,2492.6902111585896,2495.532382742216
58,2,2495.532382742216,2498.820474314077
58,3,2498.820474314077,2500.0
58,4,2500.0,2500.0
58,5,2500.0,2497.4075152383534
58,6,2497.4075152383534,2498.614103986993
58,7,2498.614103986993,2497.0952813846047
58,8,2497.0952813846047,2492.9726155562066
58,9,2492.9726155562066,2492.253937726067
58,10,2492.253937726067,2495.565780140135
58,11,2495.565780140135,2496.717635165431
58,12,2496.717635165431,2500.0
58,13,2500.0,2500.0
58,14,2500.0,2500.0
58,15,2500.0,2500.0
58,16,2500.0,2500.0
58,17,2500.0,2496.8015247801964
58,18,2496.8015247801964,2499.577931630928
58,19,2499.577931630928,2498.322618808577
58,20,2498.322618808577,2496.704999710055
58,21,2496.704999710055,2499.9080761194614
58,22,2499.9080761194614,2500.0
58,23,2500.0,2500.0
58,24,2500.0,2499.0945221648626
58,25,2499.0945221648626,2498.9670825015996
58,26,2498.9670825015996,2498.81744650736
58,27,2498.81744650736,2500.0
58,28,2500.0,2500.0
58,29,2500.0,2500.0
58,30,2500.0,2500.0
58,31,2500.0,2500.0
58,32,2500.0,2499.413001514714
58,33,2499.413001514714,2500.0
58,34,2500.0,2500.0
58,35,2500.0,2500.0
58,36,2500.0,2500.0
58,37,2500.0,2500.0
58,38,2500.0,2499.45826686486
58,39,2499.45826686486,2500.0
58,40,2500.0,2500.0
58,41,2500.0,2500.0
58,42,2500.0,2500.0
58,43,2500.0,2500.0
58,44,2500.0,2499.180272343422
58,45,2499.180272343422,2498.774936076812
58,46,2498.774936076812,2499.1135010399257
58,47,2499.1135010399257,2500.0
58,48,2500.0,2499.400715553673
58,49,2499.400715553673,2499.5322457434513
58,50,2499.5322457434513,2497.368801592435
58,51,2497.368801592435,2499.160379258618
58,52,2499.160379258618,2500.0
58,53,2500.0,2500.0
58,54,2500.0,2500.0
58,55,2500.0,2500.0
58,56,2500.0,2499.6161241945747
58,57,2499.6161241945747,2500.0
58,58,2500.0,2500.0
58,59,2500.0,2500.0
58,60,2500.0,2500.0
58,61,2500.0,2500.0
58,62,2500.0,2499.264618912886
58,63,2499.264618912886,2498.6583769326908
58,64,2498.6583769326908,2500.0
58,65,2500.0,2500.0
58,66,2500.0,2496.989082628665
58,67,2496.989082628665,2493.8404046177247
58,68,2493.8404046177247,2491.4475225482042
58,69,2491.4475225482042,2491.189301510608
58,70,2491.189301510608,2493.428752788201
58,71,2493.428752788201,2494.9068851433217
58,72,2494.9068851433217,2495.3369629852727
58,73,2495.3369629852727,2496.6593018526673
58,74,2496.6593018526673,2494.9290864610966
58,75,2494.9290864610966,2494.318779531715
58,76,2494.318779531715,2494.2685431607756
58,77,2494.2685431607756,2490.308002313596
58,78,2490.308002313596,2487.4047268017894
58,79,2487.4047268017894,2484.600811648595
58,80,2484.600811648595,2486.5110822078045
58,81,2486.5110822078045,2487.1244695792357
58,82,2487.1244695792357,2488.6521225794204
58,83,2488.6521225794204,2484.052985104914
58,84,2484.052985104914,2480.344068389785
58,85,2480.344068389785,2482.0021069904265
58,86,2482.0021069904265,2475.0554328862613
58,87,2475.0554328862613,2478.1170062802607
58,88,2478.1170062802607,2473.558713421454
58,89,2473.558713421454,2475.6670756512663
58,90,2475.6670756512663,2473.445614089374
58,91,2473.445614089374,2476.067873377303
58,92,2476.067873377303,2484.088275662094
58,93,2484.088275662094,2478.4053315867914
58,94,2478.4053315867914,2480.1437744564428
58,95,2480.1437744564428,2475.6233676724582
58,96,2475.6233676724582,2476.690289978002
58,97,2476.690289978002,2476.173359569122
58,98,2476.173359569122,2476.497815375277
59,0,2457.237550127261,2453.616655532335
59,1,2453.616655532335,2456.720748689582
59,2,2456.720748689582,2455.6976229230563
59,3,2455.6976229230563,2452.190896229549
59,4,2452.190896229549,2456.1782382879005
59,5,2456.1782382879005,2456.0098816558775
59,6,2456.0098816558775,2460.7789715819827
59,7,2460.7789715819827,2463.832361905266
59,8,2463.832361905266,2461.8369976433
59,9,2461.8369976433,2461.624523140958
59,10,2461.624523140958,2461.927117990117
59,11,2461.927117990117,2465.742875990083
59,12,2465.742875990083,2466.836670273501
59,13,2466.836670273501,2467.277401826242
59,14,2467.277401826242,2466.7777028584965
59,15,2466.7777028584965,2466.65131026886
59,16,2466.65131026886,2469.9127904830557
59,17,2469.9127904830557,2469.9220538600493
59,18,2469.9220538600493,2468.9345606818038
59,19,2468.9345606818038,2467.5232927677694
59,20,2467.5232927677694,2466.138879883179
59,21,2466.138879883179,2462.633639893072
59,22,2462.633639893072,2460.757701622256
59,23,2460.757701622256,2464.5037523113815
59,24,2464.5037523113815,2463.987254159963
59,25,2463.987254159963,2465.7482833313534
59,26,2465.7482833313534,2459.551392036601
59,27,2459.551392036601,2460.972170309016
59,28,2460.972170309016,2460.568788548093
59,29,2460.568788548093,2459.365188490867
59,30,2459.365188490867,2459.8175883844197
59,31,2459.8175883844197,2458.5780252498894
59,32,2458.5780252498894,2453.2683379501686
59,33,2453.2683379501686,2455.5739578030984
59,34,2455.5739578030984,2456.181501706469
59,35,2456.181501706469,2455.3966455695995
59,36,2455.3966455695995,2452.9811821394183
59,37,2452.9811821394183,2449.3065383491503
59,38,2449.3065383491503,2449.8662701168205
59,39,2449.8662701168205,2453.8998725173838
59,40,2453.8998725173838,2454.4077887092362
59,41,2454.4077887092362,2450.9508846940043
59,42,2450.9508846940043,2451.5136765116004
59,43,2451.5136765116004,2451.3803191059837
59,44,2451.3803191059837,2453.5404281711694
59,45,2453.5404281711694,2455.0572611146986
59,46,2455.0572611146986,2447.592704779424
59,47,2447.592704779424,2448.9558102904953
59,48,2448.9558102904953,2446.447111766735
59,49,2446.447111766735,2442.892789913113
59,50,2442.892789913113,2442.421606387179
59,51,2442.421606387179,2443.449034159754
59,52,2443.449034159754,2439.347197634037
59,53,2439.347197634037,2441.108638676681
59,54,2441.108638676681,2443.01698579551
59,55,2443.01698579551,2443.134426286259
59,56,2443.134426286259,2440.9653672106915
59,57,2440.9653672106915,2438.5169222002182
59,58,2438.5169222002182,2441.0817525291686
59,59,2441.0817525291686,2437.3036958129287
59,60,2437.3036958129287,2439.9648719649767
59,61,2439.9648719649767,2439.5518740671505
59,62,2439.5518740671505,2439.3122878180434
59,63,2439.3122878180434,2435.04206855451
59,64,2435.04206855451,2434.6752769791888
59,65,2434.6752769791888,2436.209240769217
59,66,2436.209240769217,2432.868215549587
59,67,2432.868215549587,2434.114805217717
59,68,2434.114805217717,2434.3373358519143
59,69,2434.3373358519143,2432.7279468173338
59,70,2432.7279468173338,2434.864629533562
59,71,2434.864629533562,2429.3589876111155
59,72,2429.3589876111155,2430.2256894829748
59,73,2430.2256894829748,2434.274277378158
59,74,2434.274277378158,2437.8741352259094
59,75,2437.8741352259094,2438.848652027256
59,76,2438.848652027256,2438.0944500869286
59,77,2438.0944500869286,2436.5049436955596
59,78,2436.5049436955596,2435.7476292107954
59,79,2435.7476292107954,2437.10714733059
59,80,2437.10714733059,2435.0890378169415
59,81,2435.0890378169415,2436.9825973620673
59,82,2436.9825973620673,2442.3154986570758
59,83,2442.3154986570758,2442.160790569257
59,84,2442.160790569257,2438.799803561049
59,85,2438.799803561049,2435.437941695258
59,86,2435.437941695258,2437.379355574537
59,87,2437.379355574537,2437.229990127136
59,88,2437.229990127136,2439.4220673672958
59,89,2439.4220673672958,2438.0879817443974
59,90,2438.0879817443974,2440.164540613247
59,91,2440.164540613247,2439.7687926796225
59,92,2439.7687926796225,2437.9375325413125
59,93,2437.9375325413125,2436.9350363443064
59,94,2436.9350363443064,2433.942400455748
59,95,2433.942400455748,2438.915799352202
59,96,2438.915799352202,2438.674844818306
59,97,2438.674844818306,2440.286130040012
59,98,2440.286130040012,2438.943957207835
60,0,2467.150761634216,2469.903742967664
60,1,2469.903742967664,2468.6019134891685
60,2,2468.6019134891685,2466.425583557345
60,3,2466.425583557345,2466.8142441682676
60,4,2466.8142441682676,2468.061800670062
60,5,2468.061800670062,2472.168921092195
60,6,2472.168921092195,2473.053297288126
60,7,2473.053297288126,2474.6632789844543
60,8,2474.6632789844543,2476.461467076755
60,9,2476.461467076755,2473.5789286219233
60,10,2473.5789286219233,2471.1705984457494
60,11,2471.1705984457494,2468.4608577217355
60,12,2468.4608577217355,2465.1304933325064
60,13,2465.1304933325064,2467.1191430196823
60,14,2467.1191430196823,2467.8442682488417
60,15,2467.8442682488417,2468.04300840657
60,16,2468.04300840657,2461.5612171180646
60,17,2461.5612171180646,2466.699909264611
60,18,2466.699909264611,2464.464229254227
60,19,2464.464229254227,2469.5937611440745
60,20,2469.5937611440745,2465.9706574424463
60,21,2465.9706574424463,2463.939654546055
60,22,2463.939654546055,2458.4325310897807
60,23,2458.4325310897807,2459.3378435296377
60,24,2459.3378435296377,2456.5847014776095
60,25,2456.5847014776095,2453.9022010923636
60,26,2453.9022010923636,2450.4709155494274
60,27,2450.4709155494274,2452.414303206272
60,28,2452.414303206272,2454.1929623351907
60,29,2454.1929623351907,2458.723047062888
60,30,2458.723047062888,2457.0087805102053
60,31,2457.0087805102053,2457.5558289378223
60,32,2457.5558289378223,2454.332490944317
60,33,2454.332490944317,2453.494893387479
60,34,2453.494893387479,2452.197780104276
60,35,2452.197780104276,2453.358904998014
60,36,2453.358904998014,2455.9014595140598
60,37,2455.9014595140598,2458.3791262411387
60,38,2458.3791262411387,2456.2720955605946
60,39,2456.2720955605946,2458.7682653221523
60,40,2458.7682653221523,2458.6580524793826
60,41,2458.6580524793826,2457.84656023964
60,42,2457.84656023964,2456.075281522593
60,43,2456.075281522593,2454.6754420366888
60,44,2454.6754420366888,2459.031226652179
60,45,2459.031226652179,2459.7997535684144
60,46,2459.7997535684144,2460.2362831871674
60,47,2460.2362831871674,2459.580666040825
60,48,2459.580666040825,2465.69561256942
60,49,2465.69561256942,2468.958138791536
60,50,2468.958138791536,2467.155483504539
60,51,2467.155483504539,2466.471445867777
60,52,2466.471445867777,2465.93583450935
60,53,2465.93583450935,2466.3005144550566
60,54,2466.3005144550566,2464.547449473478
60,55,2464.547449473478,2465.6444907818823
60,56,2465.6444907818823,2469.2747111119807
60,57,2469.2747111119807,2465.9906408394704
60,58,2465.9906408394704,2463.1702739967404
60,59,2463.1702739967404,2461.9623776084973
60,60,2461.9623776084973,2460.870388708228
60,61,2460.870388708228,2465.8665533950925
60,62,2465.8665533950925,2468.3708264451298
60,63,2468.3708264451298,2470.7316323254254
60,64,2470.7316323254254,2470.070718091642
60,65,2470.070718091642,2469.354934574675
60,66,2469.354934574675,2465.7256710402617
60,67,2465.7256710402617,2467.680021610381
60,68,2467.680021610381,2468.907658122403
60,69,2468.907658122403,2472.1226515340986
60,70,2472.1226515340986,2471.595577250708
60,71,2471.595577250708,2471.2411293852074
60,72,2471.2411293852074,2471.666243206609
60,73,2471.666243206609,2473.8959871453767
60,74,2473.8959871453767,2470.220448090133
60,75,2470.220448090133,2472.0605884244787
60,76,2472.0605884244787,2472.0093495190467
60,77,2472.0093495190467,2469.3627563491623
60,78,2469.3627563491623,2464.1512419675273
60,79,2464.1512419675273,2463.8100576878314
60,80,2463.8100576878314,2467.429340146017
60,81,2467.429340146017,2471.6160518128704
60,82,2471.6160518128704,2472.504492339546
60,83,2472.504492339546,2477.4095064991516
60,84,2477.4095064991516,2477.30215379176
60,85,2477.30215379176,2479.6854126708668
60,86,2479.6854126708668,2478.5573354486005
60,87,2478.5573354486005,2477.27083835039
60,88,2477.27083835039,2475.577065558188
60,89,2475.577065558188,2470.4257431903775
60,90,2470.4257431903775,2473.643473840245
60,91,2473.643473840245,2472.0393927423997
60,92,2472.0393927423997,2470.035795793012
60,93,2470.035795793012,2467.08586658898
60,94,2467.08586658898,2466.5749679976393
60,95,2466.5749679976393,2470.9836987740387
60,96,2470.9836987740387,2476.2181459010953
60,97,2476.2181459010953,2472.06597871159
60,98,2472.06597871159,2471.1798587216495
61,0,2487.0657444983167,2487.7822283665514
61,1,2487.7822283665514,2486.190805048102
61,2,2486.190805048102,2486.3722377495797
61,3,2486.3722377495797,2485.1786911960603
61,4,2485.1786911960603,2489.2143064319976
61,5,2489.2143064319976,2490.5817052195375
61,6,2490.5817052195375,2492.256263771829
61,7,2492.256263771829,2485.5889700767466
61,8,2485.5889700767466,2485.4219983796747
61,9,2485.4219983796747,2490.6300257773223
61,10,2490.6300257773223,2493.9453484524142
61,11,2493.9453484524142,2489.3276244876133
61,12,2489.3276244876133,2488.5440599059043
61,13,2488.5440599059043,2485.5402612411076
61,14,2485.5402612411076,2489.8180151420147
61,15,2489.8180151420147,2490.4287108477047
61,16,2490.4287108477047,2488.5092219483763
61,17,2488.5092219483763,2488.5946168072282
61,18,2488.5946168072282,2482.076202984557
61,19,2482.076202984557,2479.363799725915
61,20,2479.363799725915,2479.454909040481
61,21,2479.454909040481,2481.5690974616145
61,22,2481.5690974616145,2476.715812160121
61,23,2476.715812160121,2475.762923890865
61,24,2475.762923890865,2478.287138237162
61,25,2478.287138237162,2474.6585049262285
61,26,2474.6585049262285,2475.231462013189
61,27,2475.231462013189,2475.396398270954
61,28,2475.396398270954,2479.6823490718452
61,29,2479.6823490718452,2479.107008589066
61,30,2479.107008589066,2478.678007093128
61,31,2478.678007093128,2480.8154064760397
61,32,2480.8154064760397,2477.4995348059165
61,33,2477.4995348059165,2476.947326789539
61,34,2476.947326789539,2475.808014262438
61,35,2475.808014262438,2475.4607347306755
61,36,2475.4607347306755,2477.5817508530827
61,37,2477.5817508530827,2478.967154565788
61,38,2478.967154565788,2477.0954487944664
61,39,2477.0954487944664,2477.4371968027845
61,40,2477.4371968027845,2481.163300838036
61,41,2481.163300838036,2479.0848865910425
61,42,2479.0848865910425,2479.447803542035
61,43,2479.447803542035,2478.9649018496884
61,44,2478.9649018496884,2478.8073893100964
61,45,2478.8073893100964,2474.730745254473
61,46,2474.730745254473,2478.2576523902535
61,47,2478.2576523902535,2476.321772638033
61,48,2476.321772638033,2478.886952563417
61,49,2478.886952563417,2477.333511043298
61,50,2477.333511043298,2475.7697494135587
61,51,2475.7697494135587,2478.8025575397223
61,52,2478.8025575397223,2481.2872690484173
61,53,2481.2872690484173,2481.808933795827
61,54,2481.808933795827,2483.711810170343
61,55,2483.711810170343,2482.990428219702
61,56,2482.990428219702,2482.969509150405
61,57,2482.969509150405,2481.3154481692454
61,58,2481.3154481692454,2483.575610542496
61,59,2483.575610542496,2481.842077214578
61,60,2481.842077214578,2485.5549680769223
61,61,2485.5549680769223,2484.7653826561227
61,62,2484.7653826561227,2484.8166540661637
61,63,2484.8166540661637,2486.7134741177997
61,64,2486.7134741177997,2486.7731351707735
61,65,2486.7731351707735,2486.0283643850603
61,66,2486.0283643850603,2485.953305765539
61,67,2485.953305765539,2488.187851649433
61,68,2488.187851649433,2486.5307210940914
61,69,2486.5307210940914,2486.2151285759082
61,70,2486.2151285759082,2486.240845394252
61,71,2486.240845394252,2488.402308383071
61,72,2488.402308383071,2488.1526949483928
61,73,2488.1526949483928,2492.673442684627
61,74,2492.673442684627,2492.2820962403393
61,75,2492.2820962403393,2491.687887144326
61,76,2491.687887144326,2491.260306840282
61,77,2491.260306840282,2487.968703268637
61,78,2487.968703268637,2485.37688615174
61,79,2485.37688615174,2484.0502189273925
61,80,2484.0502189273925,2486.889793549518
61,81,2486.889793549518,2486.8069784011127
61,82,2486.8069784011127,2485.5953679270733
61,83,2485.5953679270733,2488.66170479109
61,84,2488.66170479109,2492.5396476233204
61,85,2492.5396476233204,2495.67810377559
61,86,2495.67810377559,2493.545378782502
61,87,2493.545378782502,2492.307257232018
61,88,2492.307257232018,2496.841597407805
61,89,2496.841597407805,2497.444446637805
61,90,2497.444446637805,2496.7753789755648
61,91,2496.7753789755648,2498.5712488788918
61,92,2498.5712488788918,2500.0
61,93,2500.0,2498.5713760726794
61,94,2498.5713760726794,2499.119975969229
61,95,2499.119975969229,2500.0
61,96,2500.0,2497.0992821351006
61,97,2497.0992821351006,2497.130145778666
61,98,2497.130145778666,2494.344171646039
62,0,2432.7161302717695,2433.9089291164682
62,1,2433.9089291164682,2433.103872544873
62,2,2433.103872544873,2431.482827232452
62,3,2431.482827232452,2431.6117136407647
62,4,2431.6117136407647,2428.7443068200987
62,5,2428.7443068200987,2429.8163148646836
62,6,2429.8163148646836,2432.6447817695794
62,7,2432.6447817695794,2432.4467716671093
62,8,2432.4467716671093,2431.940149183859
62,9,2431.940149183859,2432.8737500668976
62,10,2432.8737500668976,2427.8025765198186
62,11,2427.8025765198186,2429.144620161313
62,12,2429.144620161313,2436.899334670675
62,13,2436.899334670675,2436.5926441178885
62,14,2436.5926441178885,2436.2948315335975
62,15,2436.2948315335975,2438.1538490338467
62,16,2438.1538490338467,2442.2671807043416
62,17,2442.2671807043416,2444.704600315427
62,18,2444.704600315427,2439.315583118968
62,19,2439.315583118968,2440.7240802131246
62,20,2440.7240802131246,2447.1539055762287
62,21,2447.1539055762287,2448.710008193127
62,22,2448.710008193127,2445.8235034099475
62,23,2445.8235034099475,2446.528077470994
62,24,2446.528077470994,2443.3263593426414
62,25,2443.3263593426414,2446.4083685658134
62,26,2446.4083685658134,2444.0186620957434
62,27,2444.0186620957434,2444.2042711824733
62,28,2444.2042711824733,2442.0598211774936
62,29,2442.0598211774936,2440.6937010336237
62,30,2440.6937010336237,2444.409077648275
62,31,2444.409077648275,2444.667720560509
62,32,2444.667720560509,2443.2697143761948
62,33,2443.2697143761948,2440.406644448978
62,34,2440.406644448978,2435.7273907329795
62,35,2435.7273907329795,2432.5991891491726
62,36,2432.5991891491726,2432.8790872527834
62,37,2432.8790872527834,2435.32967167459
62,38,2435.32967167459,2433.9287929435345
62,39,2433.9287929435345,2437.855151945332
62,40,2437.855151945332,2436.0614008897614
62,41,2436.0614008897614,2435.466371582562
62,42,2435.466371582562,2432.767429781719
62,43,2432.767429781719,2435.2443341181383
62,44,2435.2443341181383,2440.48811065325
62,45,2440.48811065325,2436.083568250909
62,46,2436.083568250909,2435.2181630793225
62,47,2435.2181630793225,2438.3801126969474
62,48,2438.3801126969474,2434.7627488933836
62,49,2434.7627488933836,2436.179458660811
62,50,2436.179458660811,2439.23313916133
62,51,2439.23313916133,2439.428711197222
62,52,2439.428711197222,2440.8043688745724
62,53,2440.8043688745724,2445.2066248398914
62,54,2445.2066248398914,2450.0776912251445
62,55,2450.0776912251445,2449.9227731925585
62,56,2449.9227731925585,2448.5918285693106
62,57,2448.5918285693106,2446.2918782916263
62,58,2446.2918782916263,2448.734288667698
62,59,2448.734288667698,2445.3048497732207
62,60,2445.3048497732207,2444.673414678243
62,61,2444.673414678243,2444.9301391056288
62,62,2444.9301391056288,2443.672632823832
62,63,2443.672632823832,2444.3721834863795
62,64,2444.3721834863795,2450.7834667821116
62,65,2450.7834667821116,2450.4794703062453
62,66,2450.4794703062453,2449.3909562376766
62,67,2449.3909562376766,2451.929285798631
62,68,2451.929285798631,2452.528244908995
62,69,2452.528244908995,2456.1265843370234
62,70,2456.1265843370234,2456.538303386573
62,71,2456.538303386573,2455.917245366645
62,72,2455.917245366645,2451.457933146409
62,73,2451.457933146409,2447.4085964118794
62,74,2447.4085964118794,2442.8193496858116
62,75,2442.8193496858116,2443.7676976015223
62,76,2443.7676976015223,2440.362073901854
62,77,2440.362073901854,2443.5010173166525
62,78,2443.5010173166525,2443.5766337287923
62,79,2443.5766337287923,2442.9661664310383
62,80,2442.9661664310383,2440.8565287430274
62,81,2440.8565287430274,2442.412175613703
62,82,2442.412175613703,2440.4009310648466
62,83,2440.4009310648466,2437.937486054672
62,84,2437.937486054672,2440.908360856185
62,85,2440.908360856185,2441.7949137581227
62,86,2441.7949137581227,2441.207590187502
62,87,2441.207590187502,2442.811172649336
62,88,2442.811172649336,2442.833502332113
62,89,2442.833502332113,2443.791035208242
62,90,2443.791035208242,2441.7489154523037
62,91,2441.7489154523037,2446.92491197458
62,92,2446.92491197458,2445.4758620553894
62,93,2445.4758620553894,2449.3659028727643
62,94,2449.3659028727643,2448.893730749503
62,95,2448.893730749503,2450.9114735386406
62,96,2450.9114735386406,2452.747032286206
62,97,2452.747032286206,2455.614161674081
62,98,2455.614161674081,2453.5126024061706
63,0,2438.859608593463,2438.212876145358
63,1,2438.212876145358,2438.2996413132137
63,2,2438.2996413132137,2436.9910247070134
63,3,2436.9910247070134,2436.1249340765507
63,4,2436.1249340765507,2440.403491073882
63,5,2440.403491073882,2437.8929047585566
63,6,2437.8929047585566,2435.5376077039296
63,7,2435.5376077039296,2439.5648600449654
63,8,2439.5648600449654,2441.126231109686
63,9,2441.126231109686,2446.4271567322926
63,10,2446.4271567322926,2445.3010601377277
63,11,2445.3010601377277,2445.6167629808215
63,12,2445.6167629808215,2443.965070621392
63,13,2443.965070621392,2444.323323543011
63,14,2444.323323543011,2439.8880817998006
63,15,2439.8880817998006,2441.6004681914383
63,16,2441.6004681914383,2442.409153400169
63,17,2442.409153400169,2442.2652667440043
63,18,2442.2652667440043,2441.2893559325053
63,19,2441.2893559325053,2439.052470964085
63,20,2439.052470964085,2440.871753244167
63,21,2440.871753244167,2437.9440282799083
63,22,2437.9440282799083,2439.2237680600315
63,23,2439.2237680600315,2444.4098965470553
63,24,2444.4098965470553,2448.123700268666
63,25,2448.123700268666,2444.3608804119895
63,26,2444.3608804119895,2443.019035261131
63,27,2443.019035261131,2444.0726621125195
63,28,2444.0726621125195,2443.8969573074837
63,29,2443.8969573074837,2440.3984430117775
63,30,2440.3984430117775,2441.361732890461
63,31,2441.361732890461,2441.3366906526703
63,32,2441.3366906526703,2446.12250417418
63,33,2446.12250417418,2445.489432417636
63,34,2445.489432417636,2448.409440880953
63,35,2448.409440880953,2445.2417198731277
63,36,2445.2417198731277,2442.6716966283866
63,37,2442.6716966283866,2444.4758515279104
63,38,2444.4758515279104,2447.185178479429
63,39,2447.185178479429,2444.791696664243
63,40,2444.791696664243,2444.8518901804528
63,41,2444.8518901804528,2441.39794224663
63,42,2441.39794224663,2440.9448926808664
63,43,2440.9448926808664,2443.0371996449267
63,44,2443.0371996449267,2441.9498033970863
63,45,2441.9498033970863,2441.3272166322267
63,46,2441.3272166322267,2438.5027281364864
63,47,2438.5027281364864,2436.881832102424
63,48,2436.881832102424,2441.27710939296
63,49,2441.27710939296,2441.4594216222526
63,50,2441.4594216222526,2438.953652205626
63,51,2438.953652205626,2438.166722330831
63,52,2438.166722330831,2434.1731532779145
63,53,2434.1731532779145,2431.637754047564
63,54,2431.637754047564,2435.0386033951804
63,55,2435.0386033951804,2434.682397334214
63,56,2434.682397334214,2439.409222774467
63,57,2439.409222774467,2439.1708531782265
63,58,2439.1708531782265,2439.0809064377477
63,59,2439.0809064377477,2440.683141834103
63,60,2440.683141834103,2434.0016728785545
63,61,2434.0016728785545,2434.5140211876883
63,62,2434.5140211876883,2434.3915549675357
63,63,2434.3915549675357,2438.1066522013234
63,64,2438.1066522013234,2440.5183506867324
63,65,2440.5183506867324,2437.6841214728656
63,66,2437.6841214728656,2440.7894680194345
63,67,2440.7894680194345,2440.133681705482
63,68,2440.133681705482,2437.872548639742
63,69,2437.872548639742,2438.36530676692
63,70,2438.36530676692,2437.8583833777607
63,71,2437.8583833777607,2441.704546662832
63,72,2441.704546662832,2442.55610173406
63,73,2442.55610173406,2443.070249036275
63,74,2443.070249036275,2445.3218667434135
63,75,2445.3218667434135,2448.0540457886455
63,76,2448.0540457886455,2450.0130585243887
63,77,2450.0130585243887,2453.5617172064262
63,78,2453.5617172064262,2455.0834232387106
63,79,2455.0834232387106,2455.502551900527
63,80,2455.502551900527,2458.6004820557473
63,81,2458.6004820557473,2458.373241705542
63,82,2458.373241705542,2458.4563579964038
63,83,2458.4563579964038,2462.7603002896462
63,84,2462.7603002896462,2466.8151106095343
63,85,2466.8151106095343,2466.794671092226
63,86,2466.794671092226,2465.660792148962
63,87,2465.660792148962,2469.3187258994835
63,88,2469.3187258994835,2471.3197717942717
63,89,2471.3197717942717,2472.1087249297652
63,90,2472.1087249297652,2471.3040431542904
63,91,2471.3040431542904,2472.133284601077
63,92,2472.133284601077,2472.0790134513577
63,93,2472.0790134513577,2470.4181680024253
63,94,2470.4181680024253,2470.7407738238935
63,95,2470.7407738238935,2471.4043339379923
63,96,2471.4043339379923,2470.4658462706916
63,97,2470.4658462706916,2472.7254104922154
63,98,2472.7254104922154,2475.9474914729926
64,0,2469.3039975798283,2471.193551340299
64,1,2471.193551340299,2471.3884548339493
64,2,2471.3884548339493,2468.2990898875346
64,3,2468.2990898875346,2469.980913333779
64,4,2469.980913333779,2470.3462424361715
64,5,2470.3462424361715,2476.8301124413447
64,6,2476.8301124413447,2480.473289599541
64,7,2480.473289599541,2482.2511649918774
64,8,2482.2511649918774,2482.874091245098
64,9,2482.874091245098,2483.283396882743
64,10,2483.283396882743,2480.7741733736602
64,11,2480.7741733736602,2476.4267053056606
64,12,2476.4267053056606,2474.2453075329568
64,13,2474.2453075329568,2474.1260149875307
64,14,2474.1260149875307,2468.8621667920083
64,15,2468.8621667920083,2467.5013623113264
64,16,2467.5013623113264,2466.8823297285153
64,17,2466.8823297285153,2466.3437633448016
64,18,2466.3437633448016,2464.6894543493313
64,19,2464.6894543493313,2463.835669813378
64,20,2463.835669813378,2468.1454043836875
64,21,2468.1454043836875,2469.800767587414
64,22,2469.800767587414,2468.400015645169
64,23,2468.400015645169,2468.229146174264
64,24,2468.229146174264,2468.158362835133
64,25,2468.158362835133,2466.238474250783
64,26,2466.238474250783,2464.3156487064234
64,27,2464.3156487064234,2466.8419587572403
64,28,2466.8419587572403,2465.7924978134483
64,29,2465.7924978134483,2463.055756845871
64,30,2463.055756845871,2462.9479059856976
64,31,2462.9479059856976,2463.2429303685203
64,32,2463.2429303685203,2458.3111698080356
64,33,2458.3111698080356,2458.2093039134925
64,34,2458.2093039134925,2460.379253749363
64,35,2460.379253749363,2461.5073272131676
64,36,2461.5073272131676,2467.081815001155
64,37,2467.081815001155,2470.2095887069354
64,38,2470.2095887069354,2473.8319237688124
64,39,2473.8319237688124,2480.832138608598
64,40,2480.832138608598,2482.7275292630347
64,41,2482.7275292630347,2483.1352047828664
64,42,2483.1352047828664,2485.569555516445
64,43,2485.569555516445,2484.1714644329572
64,44,2484.1714644329572,2484.440680231695
64,45,2484.440680231695,2482.821361123999
64,46,2482.821361123999,2483.816322517906
64,47,2483.816322517906,2482.1865497978565
64,48,2482.1865497978565,2480.4692285482024
64,49,2480.4692285482024,2481.5029117809663
64,50,2481.5029117809663,2481.158633179015
64,51,2481.158633179015,2476.339830339723
64,52,2476.339830339723,2472.700938036443
64,53,2472.700938036443,2469.8327718077894
64,54,2469.8327718077894,2467.6253420425046
64,55,2467.6253420425046,2468.661400366201
64,56,2468.661400366201,2469.2087474838804
64,57,2469.2087474838804,2471.8719459131285
64,58,2471.8719459131285,2473.753950470483
64,59,2473.753950470483,2476.4337078609396
64,60,2476.4337078609396,2477.9546983395876
64,61,2477.9546983395876,2478.4788966123165
64,62,2478.4788966123165,2481.2272759680354
64,63,2481.2272759680354,2483.5258079473856
64,64,2483.5258079473856,2484.466046366271
64,65,2484.466046366271,2487.6437260434213
64,66,2487.6437260434213,2481.7792554371626
64,67,2481.7792554371626,2481.0530975018114
64,68,2481.0530975018114,2480.288621337682
64,69,2480.288621337682,2483.1703285313856
64,70,2483.1703285313856,2487.0988160237625
64,71,2487.0988160237625,2483.473367598237
64,72,2483.473367598237,2487.0012855336104
64,73,2487.0012855336104,2484.0726725685445
64,74,2484.0726725685445,2481.2196344546423
64,75,2481.2196344546423,2480.633920198824
64,76,2480.633920198824,2479.8384040184924
64,77,2479.8384040184924,2475.9423608192
64,78,2475.9423608192,2477.5670557529315
64,79,2477.5670557529315,2479.2655618147483
64,80,2479.2655618147483,2481.9006658051576
64,81,2481.9006658051576,2480.817027480713
64,82,2480.817027480713,2480.718070693282
64,83,2480.718070693282,2480.642002781025
64,84,2480.642002781025,2484.861991384696
64,85,2484.861991384696,2477.776379428113
64,86,2477.776379428113,2475.3840185556405
64,87,2475.3840185556405,2475.39787066262
64,88,2475.39787066262,2472.683945075331
64,89,2472.683945075331,2472.0381441821532
64,90,2472.0381441821532,2471.7229553412285
64,91,2471.7229553412285,2470.0787400692475
64,92,2470.0787400692475,2470.2399123845044
64,93,2470.2399123845044,2471.810285578899
64,94,2471.810285578899,2471.2196194663215
64,95,2471.2196194663215,2470.0866326314
64,96,2470.0866326314,2469.6722203397653
64,97,2469.6722203397653,2469.6536294731513
64,98,2469.6536294731513,2465.3028305598154
65,0,2479.489246601986,2482.6430842890136
65,1,2482.6430842890136,2484.12071797812
65,2,2484.12071797812,2487.045883988669
65,3,2487.045883988669,2484.518374504382
65,4,2484.518374504382,2483.5899079014134
65,5,2483.5899079014134,2480.48376168277
65,6,2480.48376168277,2478.7207836604466
65,7,2478.7207836604466,2481.851047221718
65,8,2481.851047221718,2485.5697736665243
65,9,2485.5697736665243,2482.6994404295133
65,10,2482.6994404295133,2481.55374625872
65,11,2481.55374625872,2481.36325707866
65,12,2481.36325707866,2482.827271183184
65,13,2482.827271183184,2478.4277455243428
65,14,2478.4277455243428,2474.4202453205216
65,15,2474.4202453205216,2475.6443106802026
65,16,2475.6443106802026,2470.7717142579077
65,17,2470.7717142579077,2469.6547207425606
65,18,2469.6547207425606,2470.0599502639575
65,19,2470.0599502639575,2471.09911518879
65,20,2471.09911518879,2470.7448199499304
65,21,2470.7448199499304,2469.8304281523115
65,22,2469.8304281523115,2471.9418553016026
65,23,2471.9418553016026,2472.654870117517
65,24,2472.654870117517,2471.0373285626383
65,25,2471.0373285626383,2471.131635804344
65,26,2471.131635804344,2472.0895583609845
65,27,2472.0895583609845,2476.385151464613
65,28,2476.385151464613,2478.350960635342
65,29,2478.350960635342,2481.3873527752266
65,30,2481.3873527752266,2479.8608342844777
65,31,2479.8608342844777,2478.55037701884
65,32,2478.55037701884,2477.9619270368075
65,33,2477.9619270368075,2477.602995420212
65,34,2477.602995420212,2475.082933025705
65,35,2475.082933025705,2478.247767092097
65,36,2478.247767092097,2480.456146186494
65,37,2480.456146186494,2479.69195153324
65,38,2479.69195153324,2481.2962281557748
65,39,2481.2962281557748,2481.8534760632842
65,40,2481.8534760632842,2483.6530460156127
65,41,2483.6530460156127,2480.2922782067985
65,42,2480.2922782067985,2479.9281255238047
65,43,2479.9281255238047,2479.7830292040403
65,44,2479.7830292040403,2481.3421344530693
65,45,2481.3421344530693,2479.771040450114
65,46,2479.771040450114,2473.521213639908
65,47,2473.521213639908,2470.816964345701
65,48,2470.816964345701,2470.6643443814237
65,49,2470.6643443814237,2470.824054945182
65,50,2470.824054945182,2475.0334252517446
65,51,2475.0334252517446,2476.4902913533897
65,52,2476.4902913533897,2476.6941170514683
65,53,2476.6941170514683,2476.6131388595145
65,54,2476.6131388595145,2479.3735973149387
65,55,2479.3735973149387,2477.8983211845452
65,56,2477.8983211845452,2477.547611715194
65,57,2477.547611715194,2474.8244664148483
65,58,2474.8244664148483,2478.3717315365866
65,59,2478.3717315365866,2479.3529788790906
65,60,2479.3529788790906,2477.5841706390806
65,61,2477.5841706390806,2477.298033113285
65,62,2477.298033113285,2478.5721600213005
65,63,2478.5721600213005,2477.945362739495
65,64,2477.945362739495,2476.6091861852137
65,65,2476.6091861852137,2474.973501970253
65,66,2474.973501970253,2475.8209067183557
65,67,2475.8209067183557,2474.9257710203287
65,68,2474.9257710203287,2473.7913766834217
65,69,2473.7913766834217,2470.4512222957833
65,70,2470.4512222957833,2470.645323737101
65,71,2470.645323737101,2470.1922651401214
65,72,2470.1922651401214,2469.3881442685165
65,73,2469.3881442685165,2469.8850709622384
65,74,2469.8850709622384,2471.755076619078
65,75,2471.755076619078,2473.5089902989293
65,76,2473.5089902989293,2474.8908115511786
65,77,2474.8908115511786,2474.2891358545894
65,78,2474.2891358545894,2472.8716400147364
65,79,2472.8716400147364,2470.2618509114304
65,80,2470.2618509114304,2468.7789596430853
65,81,2468.7789596430853,2468.828084880927
65,82,2468.828084880927,2466.8623695767956
65,83,2466.8623695767956,2467.1025124245893
65,84,2467.1025124245893,2464.68887072981
65,85,2464.68887072981,2460.5363910072924
65,86,2460.5363910072924,2462.5849063094543
65,87,2462.5849063094543,2461.3988698210396
65,88,2461.3988698210396,2459.30628568798
65,89,2459.30628568798,2456.5716678347367
65,90,2456.5716678347367,2457.6292577715626
65,91,2457.6292577715626,2461.0665270502327
65,92,2461.0665270502327,2460.0588423977174
65,93,2460.0588423977174,2459.519933961061
65,94,2459.519933961061,2462.1990135607834
65,95,2462.1990135607834,2457.672899299888
65,96,2457.672899299888,2462.5900709071693
65,97,2462.5900709071693,2468.700321662985
65,98,2468.700321662985,2461.9344778394347
66,0,2423.949621743179,2423.287692315917
66,1,2423.287692315917,2422.241729641877
66,2,2422.241729641877,2424.2711273880755
66,3,2424.2711273880755,2423.9897026206554
66,4,2423.9897026206554,2421.7124345851557
66,5,2421.7124345851557,2421.281971681918
66,6,2421.281971681918,2422.568932274324
66,7,2422.568932274324,2419.609628954911
66,8,2419.609628954911,2415.494044732486
66,9,2415.494044732486,2420.4759017345746
66,10,2420.4759017345746,2418.8698350353034
66,11,2418.8698350353034,2418.5264525680045
66,12,2418.5264525680045,2417.531964053441
66,13,2417.531964053441,2418.902183313646
66,14,2418.902183313646,2423.334158121374
66,15,2423.334158121374,2424.7839927256973
66,16,2424.7839927256973,2420.9880798568474
66,17,2420.9880798568474,2417.527771289326
66,18,2417.527771289326,2416.530359351009
66,19,2416.530359351009,2415.8597763521757
66,20,2415.8597763521757,2411.554898178309
66,21,2411.554898178309,2413.603250478745
66,22,2413.603250478745,2410.8874490840412
66,23,2410.8874490840412,2414.620702989356
66,24,2414.620702989356,2419.1722844823703
66,25,2419.1722844823703,2418.5516506507897
66,26,2418.5516506507897,2419.6490822518354
66,27,2419.6490822518354,2416.5692141966247
66,28,2416.5692141966247,2418.1284050128224
66,29,2418.1284050128224,2416.8829239542365
66,30,2416.8829239542365,2414.1648356502656
66,31,2414.1648356502656,2413.441498179633
66,32,2413.441498179633,2412.2771281586197
66,33,2412.2771281586197,2411.46422965111
66,34,2411.46422965111,2413.838429408151
66,35,2413.838429408151,2411.8751604265617
66,36,2411.8751604265617,2416.2127179259965
66,37,2416.2127179259965,2412.9000688439332
66,38,2412.9000688439332,2416.9386445268797
66,39,2416.9386445268797,2414.397367972113
66,40,2414.397367972113,2414.3948348907716
66,41,2414.3948348907716,2413.1693446070767
66,42,2413.1693446070767,2412.3100229282322
66,43,2412.3100229282322,2414.313416019121
66,44,2414.313416019121,2418.0629830121934
66,45,2418.0629830121934,2421.0392947745827
66,46,2421.0392947745827,2420.027153943728
66,47,2420.027153943728,2420.4877919997393
66,48,2420.4877919997393,2418.5325973155686
66,49,2418.5325973155686,2416.053721534132
66,50,2416.053721534132,2413.1879692698103
66,51,2413.1879692698103,2412.09403600235
66,52,2412.09403600235,2412.7180500798872
66,53,2412.7180500798872,2407.9385121805085
66,54,2407.9385121805085,2407.8226279240566
66,55,2407.8226279240566,2411.6126907354305
66,56,2411.6126907354305,2414.417468408116
66,57,2414.417468408116,2412.9545082167992
66,58,2412.9545082167992,2409.462325943592
66,59,2409.462325943592,2410.611901709754
66,60,2410.611901709754,2404.818331084235
66,61,2404.818331084235,2407.593716373942
66,62,2407.593716373942,2407.0597477292335
66,63,2407.0597477292335,2411.637998530677
66,64,2411.637998530677,2407.320584816736
66,65,2407.320584816736,2409.6159503797553
66,66,2409.6159503797553,2409.36467828772
66,67,2409.36467828772,2408.5370519590397
66,68,2408.5370519590397,2405.112443296009
66,69,2405.112443296009,2406.6018130627886
66,70,2406.6018130627886,2408.2921565247307
66,71,2408.2921565247307,2412.7549760296456
66,72,2412.7549760296456,2415.275101686797
66,73,2415.275101686797,2413.7903633644078
66,74,2413.7903633644078,2411.280706905364
66,75,2411.280706905364,2407.8594783215576
66,76,2407.8594783215576,2411.542539185656
66,77,2411.542539185656,2409.5971034749614
66,78,2409.5971034749614,2413.2976781473894
66,79,2413.2976781473894,2414.610358249545
66,80,2414.610358249545,2415.4351154535298
66,81,2415.4351154535298,2414.667944672129
66,82,2414.667944672129,2416.3196269546347
66,83,2416.3196269546347,2416.280950047543
66,84,2416.280950047543,2415.3579168188708
66,85,2415.3579168188708,2417.097928785491
66,86,2417.097928785491,2416.7379985124385
66,87,2416.7379985124385,2414.7421615655912
66,88,2414.7421615655912,2416.241728504243
66,89,2416.241728504243,2416.0817643651717
66,90,2416.0817643651717,2417.304039394566
66,91,2417.304039394566,2416.1693897486807
66,92,2416.1693897486807,2413.1465864869783
66,93,2413.1465864869783,2417.484271393264
66,94,2417.484271393264,2421.350799920173
66,95,2421.350799920173,2423.5602623233276
66,96,2423.5602623233276,2422.590735609892
66,97,2422.590735609892,2421.839940676989
66,98,2421.839940676989,2425.29575929173
67,0,2488.9733147526777,2493.653901441769
67,1,2493.653901441769,2493.5347072377344
67,2,2493.5347072377344,2497.955770559019
67,3,2497.955770559019,2494.459790782294
67,4,2494.459790782294,2495.7552529892555
67,5,2495.7552529892555,2500.0
67,6,2500.0,2500.0
67,7,2500.0,2499.3399887693304
67,8,2499.3399887693304,2496.4206089753343
67,9,2496.4206089753343,2499.1264666114225
67,10,2499.1264666114225,2497.201146404821
67,11,2497.201146404821,2496.964125006346
67,12,2496.964125006346,2493.8778693068643
67,13,2493.8778693068643,2497.770105807108
67,14,2497.770105807108,2500.0
67,15,2500.0,2499.9210381269672
67,16,2499.9210381269672,2497.0356657879997
67,17,2497.0356657879997,2500.0
67,18,2500.0,2499.0851706823823
67,19,2499.0851706823823,2496.3221585803385
67,20,2496.3221585803385,2491.9168635491574
67,21,2491.9168635491574,2490.301950719423
67,22,2490.301950719423,2486.665355413098
67,23,2486.665355413098,2485.108303321791
67,24,2485.108303321791,2486.969325156035
67,25,2486.969325156035,2486.030824746097
67,26,2486.030824746097,2486.9200582013814
67,27,2486.9200582013814,2485.111721552551
67,28,2485.111721552551,2485.2746442184616
67,29,2485.2746442184616,2490.0768962736765
67,30,2490.0768962736765,2489.2056810786094
67,31,2489.2056810786094,2490.1667546726585
67,32,2490.1667546726585,2486.2529366039876
67,33,2486.2529366039876,2490.0532019100297
67,34,2490.0532019100297,2488.8601853376676
67,35,2488.8601853376676,2491.486519462434
67,36,2491.486519462434,2491.1785687230367
67,37,2491.1785687230367,2492.7075171355887
67,38,2492.7075171355887,2494.385048203616
67,39,2494.385048203616,2493.253947354834
67,40,2493.253947354834,2495.9837134442387
67,41,2495.9837134442387,2494.086251284256
67,42,2494.086251284256,2496.031086834325
67,43,2496.031086834325,2495.0555735989087
67,44,2495.0555735989087,2495.9294684704887
67,45,2495.9294684704887,2494.774485964603
67,46,2494.774485964603,2494.89942590137
67,47,2494.89942590137,2492.21269164714
67,48,2492.21269164714,2492.831584108862
67,49,2492.831584108862,2492.942053696261
67,50,2492.942053696261,2491.59166981108
67,51,2491.59166981108,2491.4540998951043
67,52,2491.4540998951043,2491.789111085524
67,53,2491.789111085524,2490.248218452361
67,54,2490.248218452361,2489.926322013037
67,55,2489.926322013037,2487.4124421608
67,56,2487.4124421608,2493.2767747582025
67,57,2493.2767747582025,2495.924571408723
67,58,2495.924571408723,2496.6073066728018
67,59,2496.6073066728018,2499.5375889914935
67,60,2499.5375889914935,2494.589457799784
67,61,2494.589457799784,2488.195258455199
67,62,2488.195258455199,2487.1970308008245
67,63,2487.1970308008245,2483.750620441819
67,64,2483.750620441819,2483.1591066306983
67,65,2483.1591066306983,2483.6732482321854
67,66,2483.6732482321854,2485.974284478037
67,67,2485.974284478037,2483.128624517349
67,68,2483.128624517349,2484.1277012327496
67,69,2484.1277012327496,2484.16367546563
67,70,2484.16367546563,2485.0324487404628
67,71,2485.0324487404628,2483.7330188635788
67,72,2483.7330188635788,2487.190856713234
67,73,2487.190856713234,2486.93208509216
67,74,2486.93208509216,2491.367540650919
67,75,2491.367540650919,2489.3915690167137
67,76,2489.3915690167137,2491.2486373666025
67,77,2491.2486373666025,2491.099466165201
67,78,2491.099466165201,2490.280110123534
67,79,2490.280110123534,2491.860898474703
67,80,2491.860898474703,2491.112964776729
67,81,2491.112964776729,2484.4580514338354
67,82,2484.4580514338354,2476.8008811258997
67,83,2476.8008811258997,2479.98193652661
67,84,2479.98193652661,2483.057582671309
67,85,2483.057582671309,2487.775935036949
67,86,2487.775935036949,2487.7321144162433
67,87,2487.7321144162433,2484.5005274112486
67,88,2484.5005274112486,2483.451567804621
67,89,2483.451567804621,2483.480129093024
67,90,2483.480129093024,2480.962533532311
67,91,2480.962533532311,2485.083970339746
67,92,2485.083970339746,2490.6827275388555
67,93,2490.6827275388555,2491.8784292906807
67,94,2491.8784292906807,2491.8512699239354
67,95,2491.8512699239354,2488.6138524777493
67,96,2488.6138524777493,2492.4799372181396
67,97,2492.4799372181396,2492.670704245262
67,98,2492.670704245262,2491.9477932492355
68,0,2464.553302609497,2464.9204905423016
68,1,2464.9204905423016,2461.3143234151876
68,2,2461.3143234151876,2464.0320413883187
68,3,2464.0320413883187,2463.7710137854797
68,4,2463.7710137854797,2466.668015937065
68,5,2466.668015937065,2466.165175492461
68,6,2466.165175492461,2465.8246762205013
68,7,2465.8246762205013,2462.793882649771
68,8,2462.793882649771,2464.6932750823166
68,9,2464.6932750823166,2462.503675197259
68,10,2462.503675197259,2461.2876192642607
68,11,2461.2876192642607,2461.290237229467
68,12,2461.290237229467,2461.5932976886907
68,13,2461.5932976886907,2457.3280553381464
68,14,2457.3280553381464,2456.7510406744263
68,15,2456.7510406744263,2458.7391162210356
68,16,2458.7391162210356,2457.7932711347257
68,17,2457.7932711347257,2457.2314417491925
68,18,2457.2314417491925,2457.6374568762994
68,19,2457.6374568762994,2457.3225557949318
68,20,2457.3225557949318,2454.7462670389627
68,21,2454.7462670389627,2454.6554017297954
68,22,2454.6554017297954,2457.14058465481
68,23,2457.14058465481,2454.5126447866423
68,24,2454.5126447866423,2453.5764400629278
68,25,2453.5764400629278,2450.12236175309
68,26,2450.12236175309,2452.475816629316
68,27,2452.475816629316,2452.244921112221
68,28,2452.244921112221,2450.1194220282064
68,29,2450.1194220282064,2450.3500860285644
68,30,2450.3500860285644,2447.341085491326
68,31,2447.341085491326,2444.757346662675
68,32,2444.757346662675,2441.1070128380456
68,33,2441.1070128380456,2438.440064744152
68,34,2438.440064744152,2441.8334087041517
68,35,2441.8334087041517,2440.000612875945
68,36,2440.000612875945,2441.166175682574
68,37,2441.166175682574,2439.075422132684
68,38,2439.075422132684,2440.974256497092
68,39,2440.974256497092,2438.409051494764
68,40,2438.409051494764,2438.507121314168
68,41,2438.507121314168,2438.639249588841
68,42,2438.639249588841,2444.458762929907
68,43,2444.458762929907,2446.0348261498575
68,44,2446.0348261498575,2444.552566114034
68,45,2444.552566114034,2446.2651885231603
68,46,2446.2651885231603,2451.610624699373
68,47,2451.610624699373,2447.536534473162
68,48,2447.536534473162,2445.4303293667404
68,49,2445.4303293667404,2444.838085468957
68,50,2444.838085468957,2443.7953649011024
68,51,2443.7953649011024,2442.963473155278
68,52,2442.963473155278,2439.7028924912947
68,53,2439.7028924912947,2443.21278262517
68,54,2443.21278262517,2439.6562611289783
68,55,2439.6562611289783,2439.155729104922
68,56,2439.155729104922,2441.770305584324
68,57,2441.770305584324,2441.6948434414594
68,58,2441.6948434414594,2439.2463580242024
68,59,2439.2463580242024,2435.8746688832675
68,60,2435.8746688832675,2435.2996708931983
68,61,2435.2996708931983,2433.407096978572
68,62,2433.407096978572,2433.9201747078296
68,63,2433.9201747078296,2430.416546838519
68,64,2430.416546838519,2432.449136180738
68,65,2432.449136180738,2432.7380099886495
68,66,2432.7380099886495,2433.2126009745307
68,67,2433.2126009745307,2436.8152929201306
68,68,2436.8152929201306,2435.720804174201
68,69,2435.720804174201,2433.906262437368
68,70,2433.906262437368,2432.5368533665005
68,71,2432.5368533665005,2432.0555369426925
68,72,2432.0555369426925,2431.8281247057143
68,73,2431.8281247057143,2429.75138036421
68,74,2429.75138036421,2424.6936672316274
68,75,2424.6936672316274,2423.29134472943
68,76,2423.29134472943,2424.190908895147
68,77,2424.190908895147,2424.531554660781
68,78,2424.531554660781,2427.5304408353454
68,79,2427.5304408353454,2432.4191571952547
68,80,2432.4191571952547,2434.317491623901
68,81,2434.317491623901,2437.7737932299215
68,82,2437.7737932299215,2439.6907289605792
68,83,2439.6907289605792,2443.9654771003975
68,84,2443.9654771003975,2448.592611186126
68,85,2448.592611186126,2450.970524113073
68,86,2450.970524113073,2452.736474479135
68,87,2452.736474479135,2452.2233940492915
68,88,2452.2233940492915,2452.120050846882
68,89,2452.120050846882,2451.2754575185063
68,90,2451.2754575185063,2452.8285865457437
68,91,2452.8285865457437,2451.0277164523454
68,92,2451.0277164523454,2450.5499509278957
68,93,2450.5499509278957,2444.66202621495
68,94,2444.66202621495,2448.969750951881
68,95,2448.969750951881,2448.418564495415
68,96,2448.418564495415,2449.5575155887564
68,97,2449.5575155887564,2453.201982325535
68,98,2453.201982325535,2453.952715919138
69,0,2406.383773336788,2412.3772148107823
69,1,2412.3772148107823,2415.094990307004
69,2,2415.094990307004,2415.6179965382207
69,3,2415.6179965382207,2419.1806948697845
69,4,2419.1806948697845,2416.259107654811
69,5,2416.259107654811,2415.5375704578873
69,6,2415.5375704578873,2419.1481964488935
69,7,2419.1481964488935,2414.480545996656
69,8,2414.480545996656,2415.881690434053
69,9,2415.881690434053,2417.212130833666
69,10,2417.212130833666,2422.135195375721
69,11,2422.135195375721,2418.1778068264157
69,12,2418.1778068264157,2422.2018844689946
69,13,2422.2018844689946,2420.8032076111226
69,14,2420.8032076111226,2419.685683961343
69,15,2419.685683961343,2416.6306729939433
69,16,2416.6306729939433,2413.9110429002762
69,17,2413.9110429002762,2414.919848768911
69,18,2414.919848768911,2412.1390189819576
69,19,2412.1390189819576,2413.98972981609
69,20,2413.98972981609,2412.3323146986654
69,21,2412.3323146986654,2409.2997301840437
69,22,2409.2997301840437,2407.980207318144
69,23,2407.980207318144,2408.8219752975347
69,24,2408.8219752975347,2408.128592142707
69,25,2408.128592142707,2408.2141174385392
69,26,2408.2141174385392,2409.9546360931295
69,27,2409.9546360931295,2412.660689722172
69,28,2412.660689722172,2411.8854514506984
69,29,2411.8854514506984,2409.274896411758
69,30,2409.274896411758,2409.4651326090643
69,31,2409.4651326090643,2410.6417565743245
69,32,2410.6417565743245,2406.9899433093947
69,33,2406.9899433093947,2404.7634225668758
69,34,2404.7634225668758,2402.9654553269684
69,35,2402.9654553269684,2402.445899855167
69,36,2402.445899855167,2400.5433150961003
69,37,2400.5433150961003,2402.3109169088425
69,38,2402.3109169088425,2400.0
69,39,2400.0,2400.0
69,40,2400.0,2400.0
69,41,2400.0,2400.0
69,42,2400.0,2400.0
69,43,2400.0,2400.0
69,44,2400.0,2400.0
69,45,2400.0,2400.0
69,46,2400.0,2400.379703708223
69,47,2400.379703708223,2400.0
69,48,2400.0,2403.694590750021
69,49,2403.694590750021,2404.9151023493546
69,50,2404.9151023493546,2402.897318547751
69,51,2402.897318547751,2403.1335972811703
69,52,2403.1335972811703,2403.4436355776843
69,53,2403.4436355776843,2406.480439263929
69,54,2406.480439263929,2404.979483191638
69,55,2404.979483191638,2406.897829935939
69,56,2406.897829935939,2407.0024661253956
69,57,2407.0024661253956,2410.7313824165176
69,58,2410.7313824165176,2413.958611048116
69,59,2413.958611048116,2414.4510593095974
69,60,2414.4510593095974,2413.795352757057
69,61,2413.795352757057,2415.0618675312558
69,62,2415.0618675312558,2414.610742463438
69,63,2414.610742463438,2418.8115102283837
69,64,2418.8115102283837,2419.0076854238264
69,65,2419.0076854238264,2417.993578842544
69,66,2417.993578842544,2416.844541127359
69,67,2416.844541127359,2413.8119521643625
69,68,2413.8119521643625,2415.2033499845957
69,69,2415.2033499845957,2413.1533219779967
69,70,2413.1533219779967,2415.8986926084663
69,71,2415.8986926084663,2412.666354973462
69,72,2412.666354973462,2412.9844585958954
69,73,2412.9844585958954,2415.860017992139
69,74,2415.860017992139,2410.47940033058
69,75,2410.47940033058,2415.5250641900607
69,76,2415.5250641900607,2414.4618511970652
69,77,2414.4618511970652,2414.8145896524707
69,78,2414.8145896524707,2416.2432127162615
69,79,2416.2432127162615,2418.0585353565502
69,80,2418.0585353565502,2418.7432452021994
69,81,2418.7432452021994,2421.236706661465
69,82,2421.236706661465,2422.53438344377
69,83,2422.53438344377,2426.9365862938507
69,84,2426.9365862938507,2428.242405150987
69,85,2428.242405150987,2433.1539939506947
69,86,2433.1539939506947,2435.406691051289
69,87,2435.406691051289,2430.892315736868
69,88,2430.892315736868,2437.4200724328375
69,89,2437.4200724328375,2435.9842121616443
69,90,2435.9842121616443,2439.723072199649
69,91,2439.723072199649,2439.7900558074475
69,92,2439.7900558074475,2442.442781451454
69,93,2442.442781451454,2440.7215841742895
69,94,2440.7215841742895,2442.2859455320136
69,95,2442.2859455320136,2441.6529691685278
69,96,2441.6529691685278,2445.6004769475026
69,97,2445.6004769475026,2446.697147366045
69,98,2446.697147366045,2449.037003969299
70,0,2498.50579218876,2499.5321712764057
70,1,2499.5321712764057,2500.0
70,2,2500.0,2500.0
70,3,2500.0,2499.0852393871564
70,4,2499.0852393871564,2499.207207149743
70,5,2499.207207149743,2500.0
70,6,2500.0,2494.303277491387
70,7,2494.303277491387,2495.7766537454827
70,8,2495.7766537454827,2494.941941680499
70,9,2494.941941680499,2492.661146369115
70,10,2492.661146369115,2493.502506929805
70,11,2493.502506929805,2496.5711351718264
70,12,2496.5711351718264,2499.168994750537
70,13,2499.168994750537,2498.8312121732706
70,14,2498.8312121732706,2500.0
70,15,2500.0,2500.0
70,16,2500.0,2499.781571823767
70,17,2499.781571823767,2498.0488704437967
70,18,2498.0488704437967,2496.460785365991
70,19,2496.460785365991,2498.5554187381613
70,20,2498.5554187381613,2498.4500517038796
70,21,2498.4500517038796,2495.8345961545533
70,22,2495.8345961545533,2491.6224390657803
70,23,2491.6224390657803,2493.7020176960214
70,24,2493.7020176960214,2492.3350716403606
70,25,2492.3350716403606,2493.1610410295007
70,26,2493.1610410295007,2496.2603082971737
70,27,2496.2603082971737,2492.98799710504
70,28,2492.98799710504,2492.875153653758
70,29,2492.875153653758,2492.4484182882106
70,30,2492.4484182882106,2493.3977754772804
70,31,2493.3977754772804,2496.4956754733316
70,32,2496.4956754733316,2493.1720459366757
70,33,2493.1720459366757,2494.5965408084403
70,34,2494.5965408084403,2497.1753502459246
70,35,2497.1753502459246,2496.7094075860327
70,36,2496.7094075860327,2496.3657901038
70,37,2496.3657901038,2497.411913526262
70,38,2497.411913526262,2498.2739562209867
70,39,2498.2739562209867,2499.7298377394045
70,40,2499.7298377394045,2500.0
70,41,2500.0,2497.545069235961
70,42,2497.545069235961,2500.0
70,43,2500.0,2500.0
70,44,2500.0,2500.0
70,45,2500.0,2496.2646117336258
70,46,2496.2646117336258,2495.9777474686257
70,47,2495.9777474686257,2496.4637621609772
70,48,2496.4637621609772,2493.60226156651
70,49,2493.60226156651,2492.7019164075678
70,50,2492.7019164075678,2489.1784929386713
70,51,2489.1784929386713,2490.6967235011375
70,52,2490.6967235011375,2491.1116117883926
70,53,2491.1116117883926,2486.997153876357
70,54,2486.997153876357,2487.875816030312
70,55,2487.875816030312,2487.734543661836
70,56,2487.734543661836,2489.025579368722
70,57,2489.025579368722,2488.0467482843333
70,58,2488.0467482843333,2486.043049782476
70,59,2486.043049782476,2484.1159382163314
70,60,2484.1159382163314,2482.7705126749606
70,61,2482.7705126749606,2482.817575416413
70,62,2482.817575416413,2483.187471579975
70,63,2483.187471579975,2482.7106718854548
70,64,2482.7106718854548,2481.6523730129634
70,65,2481.6523730129634,2480.7738648429495
70,66,2480.7738648429495,2487.043176806717
70,67,2487.043176806717,2485.1163639279716
70,68,2485.1163639279716,2483.7214339066063
70,69,2483.7214339066063,2491.956069177527
70,70,2491.956069177527,2493.0086024336783
70,71,2493.0086024336783,2489.558650768919
70,72,2489.558650768919,2491.665368778862
70,73,2491.665368778862,2489.3902715558593
70,74,2489.3902715558593,2491.662925325372
70,75,2491.662925325372,2491.135519626945
70,76,2491.135519626945,2490.0360300032216
70,77,2490.0360300032216,2494.0589424252908
70,78,2494.0589424252908,2495.4749458069386
70,79,2495.4749458069386,2497.9074194005616
70,80,2497.9074194005616,2498.9947185993615
70,81,2498.9947185993615,2497.883607289879
70,82,2497.883607289879,2499.4119933405245
70,83,2499.4119933405245,2500.0
70,84,2500.0,2500.0
70,85,2500.0,2500.0
70,86,2500.0,2500.0
70,87,2500.0,2500.0
70,88,2500.0,2500.0
70,89,2500.0,2500.0
70,90,2500.0,2496.8719030360126
70,91,2496.8719030360126,2496.646722546491
70,92,2496.646722546491,2497.1996887598443
70,93,2497.1996887598443,2496.159475956678
70,94,2496.159475956678,2497.0036685034397
70,95,2497.0036685034397,2497.0569372293276
70,96,2497.0569372293276,2498.9911669570743
70,97,2498.9911669570743,2500.0
70,98,2500.0,2500.0
71,0,2438.458240451032,2438.103512954604
71,1,2438.103512954604,2437.901296820366
71,2,2437.901296820366,2437.0449946986178
71,3,2437.0449946986178,2435.823965558454
71,4,2435.823965558454,2439.684110678455
71,5,2439.684110678455,2443.1492214794202
71,6,2443.1492214794202,2444.2602049883644
71,7,2444.2602049883644,2443.991454602288
71,8,2443.991454602288,2445.539249564822
71,9,2445.539249564822,2445.7237420192455
71,10,2445.7237420192455,2445.2481847234376
71,11,2445.2481847234376,2446.0934495272036
71,12,2446.0934495272036,2444.99055515984
71,13,2444.99055515984,2445.6212158198487
71,14,2445.6212158198487,2446.131768133903
71,15,2446.131768133903,2447.6391081870474
71,16,2447.6391081870474,2446.0912657933586
71,17,2446.0912657933586,2447.86660667555
71,18,2447.86660667555,2445.6008279431735
71,19,2445.6008279431735,2444.16941131412
71,20,2444.16941131412,2442.847098666256
71,21,2442.847098666256,2440.1669692353216
71,22,2440.1669692353216,2442.7061249437857
71,23,2442.7061249437857,2440.283493753311
71,24,2440.283493753311,2438.5362029097946
71,25,2438.5362029097946,2441.6747221860114
71,26,2441.6747221860114,2440.248265431377
71,27,2440.248265431377,2439.7779087185318
71,28,2439.7779087185318,2437.2478362162406
71,29,2437.2478362162406,2439.3302142352973
71,30,2439.3302142352973,2441.447054845775
71,31,2441.447054845775,2443.2944196060835
71,32,2443.2944196060835,2444.638244176568
71,33,2444.638244176568,2444.822216954117
71,34,2444.822216954117,2443.5112752867717
71,35,2443.5112752867717,2441.4738520201067
71,36,2441.4738520201067,2444.698615837011
71,37,2444.698615837011,2446.6106265163276
71,38,2446.6106265163276,2444.8773659483263
71,39,2444.8773659483263,2444.976945368884
71,40,2444.976945368884,2444.226657636422
71,41,2444.226657636422,2441.4061308721575
71,42,2441.4061308721575,2441.850259313711
71,43,2441.850259313711,2440.811527653113
71,44,2440.811527653113,2438.430185987374
71,45,2438.430185987374,2434.7323546020198
71,46,2434.7323546020198,2430.8228458515055
71,47,2430.8228458515055,2429.894280532269
71,48,2429.894280532269,2429.681543106207
71,49,2429.681543106207,2427.493291080801
71,50,2427.493291080801,2429.120139649944
71,51,2429.120139649944,2428.956273295487
71,52,2428.956273295487,2430.3984865719835
71,53,2430.3984865719835,2429.9412095965145
71,54,2429.9412095965145,2427.9734155084966
71,55,2427.9734155084966,2428.258709436343
71,56,2428.258709436343,2425.102023156297
71,57,2425.102023156297,2426.4506194578885
71,58,2426.4506194578885,2424.1077464416057
71,59,2424.1077464416057,2426.403327757939
71,60,2426.403327757939,2425.5571883923344
71,61,2425.5571883923344,2428.213522183109
71,62,2428.213522183109,2425.4069642116383
71,63,2425.4069642116383,2423.7125399598162
71,64,2423.7125399598162,2424.6648773269376
71,65,2424.6648773269376,2427.5911200605046
71,66,2427.5911200605046,2431.757642331292
71,67,2431.757642331292,2431.8610577404943
71,68,2431.8610577404943,2436.4554218174612
71,69,2436.4554218174612,2435.7312604428976
71,70,2435.7312604428976,2438.478179498805
71,71,2438.478179498805,2436.1227270064064
71,72,2436.1227270064064,2437.1732282735647
71,73,2437.1732282735647,2431.3189956714236
71,74,2431.3189956714236,2428.515018142291
71,75,2428.515018142291,2429.6817101374927
71,76,2429.6817101374927,2426.4006130069915
71,77,2426.4006130069915,2427.4679870339646
71,78,2427.4679870339646,2429.7341323359956
71,79,2429.7341323359956,2428.4808318542
71,80,2428.4808318542,2426.0584494650143
71,81,2426.0584494650143,2424.8729829253775
71,82,2424.8729829253775,2422.458452127417
71,83,2422.458452127417,2422.2054182323773
71,84,2422.2054182323773,2422.4606447945976
71,85,2422.4606447945976,2421.6956194868553
71,86,2421.6956194868553,2425.8815175873224
71,87,2425.8815175873224,2424.083008038105
71,88,2424.083008038105,2427.5615909862436
71,89,2427.5615909862436,2424.958492895463
71,90,2424.958492895463,2425.140436820317
71,91,2425.140436820317,2428.098200341687
71,92,2428.098200341687,2430.92659322232
71,93,2430.92659322232,2429.8759484780694
71,94,2429.8759484780694,2431.2636227782477
71,95,2431.2636227782477,2432.316570487408
71,96,2432.316570487408,2430.966722540926
71,97,2430.966722540926,2432.5065973837964
71,98,2432.5065973837964,2437.1628278139274
72,0,2432.8325521384354,2434.512939583937
72,1,2434.512939583937,2430.860498065549
72,2,2430.860498065549,2432.011059748565
72,3,2432.011059748565,2429.4691608114686
72,4,2429.4691608114686,2427.994443459724
72,5,2427.994443459724,2433.3992979126956
72,6,2433.3992979126956,2432.7661438885484
72,7,2432.7661438885484,2430.915708627813
72,8,2430.915708627813,2433.7971650750665
72,9,2433.7971650750665,2431.4279725679603
72,10,2431.4279725679603,2430.309424707486
72,11,2430.309424707486,2433.4320551274513
72,12,2433.4320551274513,2433.5389740407213
72,13,2433.5389740407213,2429.634981427905
72,14,2429.634981427905,2430.994955463712
72,15,2430.994955463712,2430.0037907585956
72,16,2430.0037907585956,2433.8534194749213
72,17,2433.8534194749213,2432.337952105836
72,18,2432.337952105836,2434.9660170401507
72,19,2434.9660170401507,2439.405262121065
72,20,2439.405262121065,2437.277904061536
72,21,2437.277904061536,2436.7948715096404
72,22,2436.7948715096404,2437.7664346950014
72,23,2437.7664346950014,2435.623070313616
72,24,2435.623070313616,2436.298807680386
72,25,2436.298807680386,2435.7365069616208
72,26,2435.7365069616208,2435.123838032637
72,27,2435.123838032637,2435.2461840144074
72,28,2435.2461840144074,2435.424345803354
72,29,2435.424345803354,2435.834047726044
72,30,2435.834047726044,2434.336981862402
72,31,2434.336981862402,2432.9490525515275
72,32,2432.9490525515275,2432.6525835794655
72,33,2432.6525835794655,2432.540689476376
72,34,2432.540689476376,2431.4435661265093
72,35,2431.4435661265093,2432.2534152317244
72,36,2432.2534152317244,2427.7165108600366
72,37,2427.7165108600366,2425.8903452127643
72,38,2425.8903452127643,2425.1905256472573
72,39,2425.1905256472573,2423.050237679681
72,40,2423.050237679681,2427.123232716703
72,41,2427.123232716703,2427.1703873335155
72,42,2427.1703873335155,2427.61231152908
72,43,2427.61231152908,2426.4042347591667
72,44,2426.4042347591667,2426.3647874582343
72,45,2426.3647874582343,2423.3266537974773
72,46,2423.3266537974773,2422.9021112072396
72,47,2422.9021112072396,2420.55959013575
72,48,2420.55959013575,2419.8660811738596
72,49,2419.8660811738596,2413.4662897581034
72,50,2413.4662897581034,2410.6462817369948
72,51,2410.6462817369948,2414.3060977482805
72,52,2414.3060977482805,2416.3820921210495
72,53,2416.3820921210495,2419.6796904608377
72,54,2419.6796904608377,2423.148993635015
72,55,2423.148993635015,2424.831462195426
72,56,2424.831462195426,2423.699290481978
72,57,2423.699290481978,2421.106163116314
72,58,2421.106163116314,2423.973024629938
72,59,2423.973024629938,2424.1344445659065
72,60,2424.1344445659065,2430.3695016068614
72,61,2430.3695016068614,2429.4567566668343
72,62,2429.4567566668343,2434.3889963037855
72,63,2434.3889963037855,2433.997016827046
72,64,2433.997016827046,2437.337138320193
72,65,2437.337138320193,2441.578867663274
72,66,2441.578867663274,2439.021492842822
72,67,2439.021492842822,2437.808997647095
72,68,2437.808997647095,2435.2265495828487
72,69,2435.2265495828487,2432.151688362203
72,70,2432.151688362203,2433.819355488515
72,71,2433.819355488515,2433.3277845628927
72,72,2433.3277845628927,2433.458700370868
72,73,2433.458700370868,2434.849298208301
72,74,2434.849298208301,2430.205831124014
72,75,2430.205831124014,2433.4227461339065
72,76,2433.4227461339065,2432.5500107255566
72,77,2432.5500107255566,2433.881013991151
72,78,2433.881013991151,2435.4327960892224
72,79,2435.4327960892224,2438.859787491132
72,80,2438.859787491132,2438.5976440216746
72,81,2438.5976440216746,2433.288550374067
72,82,2433.288550374067,2433.431369407701
72,83,2433.431369407701,2433.9331365531048
72,84,2433.9331365531048,2431.3474844052544
72,85,2431.3474844052544,2431.716211041337
72,86,2431.716211041337,2430.8136649545213
72,87,2430.8136649545213,2427.456780081315
72,88,2427.456780081315,2429.1354923188383
72,89,2429.1354923188383,2427.7261794415936
72,90,2427.7261794415936,2426.710231404751
72,91,2426.710231404751,2425.5537842865333
72,92,2425.5537842865333,2428.6424807801936
72,93,2428.6424807801936,2428.54019037576
72,94,2428.54019037576,2428.737939927125
72,95,2428.737939927125,2427.636349541159
72,96,2427.636349541159,2428.793516596796
72,97,2428.793516596796,2432.166811717923
72,98,2432.166811717923,2433.786463761639
73,0,2493.4687819932387,2490.0181753849606
73,1,2490.0181753849606,2487.8278783057126
73,2,2487.8278783057126,2487.3154098217146
73,3,2487.3154098217146,2485.5007497154816
73,4,2485.5007497154816,2482.8394071535918
73,5,2482.8394071535918,2478.158967801415
73,6,2478.158967801415,2474.79264476858
73,7,2474.79264476858,2474.1513308752233
73,8,2474.1513308752233,2473.977764958176
73,9,2473.977764958176,2471.9951305178497
73,10,2471.9951305178497,2472.192443549558
73,11,2472.192443549558,2471.107859447287
73,12,2471.107859447287,2473.8342934157217
73,13,2473.8342934157217,2473.43022900566
73,14,2473.43022900566,2475.171056209164
73,15,2475.171056209164,2475.679090614901
73,16,2475.679090614901,2472.1739130167907
73,17,2472.1739130167907,2471.9472675774477
73,18,2471.9472675774477,2468.858207329126
73,19,2468.858207329126,2468.5879052335836
73,20,2468.5879052335836,2466.725078190507
73,21,2466.725078190507,2467.679985774219
73,22,2467.679985774219,2464.3240999305535
73,23,2464.3240999305535,2464.360854493752
73,24,2464.360854493752,2465.79189345016
73,25,2465.79189345016,2468.0608823734324
73,26,2468.0608823734324,2466.150462978722
73,27,2466.150462978722,2466.19484040924
73,28,2466.19484040924,2466.655207841519
73,29,2466.655207841519,2470.5230235403756
73,30,2470.5230235403756,2466.8196983885
73,31,2466.8196983885,2464.541942025822
73,32,2464.541942025822,2471.5530982576624
73,33,2471.5530982576624,2470.8703550477726
73,34,2470.8703550477726,2466.1428705230146
73,35,2466.1428705230146,2464.6864951646444
73,36,2464.6864951646444,2457.7643121109836
73,37,2457.7643121109836,2458.366613892124
73,38,2458.366613892124,2460.3910757928197
73,39,2460.3910757928197,2458.111919852398
73,40,2458.111919852398,2456.9351100467693
73,41,2456.9351100467693,2459.2442454351917
73,42,2459.2442454351917,2454.8687067730766
73,43,2454.8687067730766,2451.564778742578
73,44,2451.564778742578,2450.9944907882887
73,45,2450.9944907882887,2449.1136536946215
73,46,2449.1136536946215,2448.3789864509376
73,47,2448.3789864509376,2445.219610652421
73,48,2445.219610652421,2445.755394367225
73,49,2445.755394367225,2445.3823116542753
73,50,2445.3823116542753,2446.7552878898578
73,51,2446.7552878898578,2447.2562866410585
73,52,2447.2562866410585,2447.7730118222985
73,53,2447.7730118222985,2444.157243435973
73,54,2444.157243435973,2445.3887223150855
73,55,2445.3887223150855,2444.5615563105744
73,56,2444.5615563105744,2444.14506054145
73,57,2444.14506054145,2446.765721482427
73,58,2446.765721482427,2444.967132591135
73,59,2444.967132591135,2448.3450934122825
73,60,2448.3450934122825,2451.9562816607154
73,61,2451.9562816607154,2453.8382427541264
73,62,2453.8382427541264,2451.3866907272077
73,63,2451.3866907272077,2445.92095761314
73,64,2445.92095761314,2448.6180448987902
73,65,2448.6180448987902,2448.896507552118
73,66,2448.896507552118,2447.0335138750643
73,67,2447.0335138750643,2449.9674197344534
73,68,2449.9674197344534,2447.813522532259
73,69,2447.813522532259,2446.7531343866817
73,70,2446.7531343866817,2448.0653602974744
73,71,2448.0653602974744,2445.2813532184373
73,72,2445.2813532184373,2445.0076509444198
73,73,2445.0076509444198,2447.7304939042033
73,74,2447.7304939042033,2448.258270763256
73,75,2448.258270763256,2451.376836605315
73,76,2451.376836605315,2454.21084250033
73,77,2454.21084250033,2454.230188336384
73,78,2454.230188336384,2448.3883348954905
73,79,2448.3883348954905,2445.623904157452
73,80,2445.623904157452,2447.5322394384134
73,81,2447.5322394384134,2443.6566108877
73,82,2443.6566108877,2442.8398794162326
73,83,2442.8398794162326,2443.686080950455
73,84,2443.686080950455,2447.360007689859
73,85,2447.360007689859,2445.922458448723
73,86,2445.922458448723,2444.313739176015
73,87,2444.313739176015,2444.1826247597764
73,88,2444.1826247597764,2445.0599071843017
73,89,2445.0599071843017,2444.6742901158113
73,90,2444.6742901158113,2447.2974609880257
73,91,2447.2974609880257,2445.2996014054547
73,92,2445.2996014054547,2445.600003738902
73,93,2445.600003738902,2446.7130355145196
73,94,2446.7130355145196,2445.712453489755
73,95,2445.712453489755,2447.811728331155
73,96,2447.811728331155,2448.184124684261
73,97,2448.184124684261,2450.1562389671417
73,98,2450.1562389671417,2450.641499237264
74,0,2412.6578131067035,2411.0808838437256
74,1,2411.0808838437256,2414.1418750435473
74,2,2414.1418750435473,2415.730651154848
74,3,2415.730651154848,2413.173238239292
74,4,2413.173238239292,2413.625396800929
74,5,2413.625396800929,2407.6909566670906
74,6,2407.6909566670906,2406.256106257842
74,7,2406.256106257842,2408.658675449392
74,8,2408.658675449392,2408.345811477614
74,9,2408.345811477614,2408.6405931517793
74,10,2408.6405931517793,2401.099640035479
74,11,2401.099640035479,2400.1190059901382
74,12,2400.1190059901382,2400.964686549706
74,13,2400.964686549706,2402.127911238202
74,14,2402.127911238202,2404.533800516538
74,15,2404.533800516538,2404.0081561371044
74,16,2404.0081561371044,2403.594016605544
74,17,2403.594016605544,2400.2637230320192
74,18,2400.2637230320192,2400.0
74,19,2400.0,2400.0
74,20,2400.0,2400.0
74,21,2400.0,2400.0
74,22,2400.0,2403.77171226951
74,23,2403.77171226951,2403.095309265727
74,24,2403.095309265727,2403.6450026732855
74,25,2403.6450026732855,2402.3612620452905
74,26,2402.3612620452905,2400.0
74,27,2400.0,2402.3402828123244
74,28,2402.3402828123244,2400.0
74,29,2400.0,2400.0
74,30,2400.0,2400.0
74,31,2400.0,2400.5762241085745
74,32,2400.5762241085745,2400.0
74,33,2400.0,2400.0
74,34,2400.0,2400.0
74,35,2400.0,2400.0
74,36,2400.0,2400.0
74,37,2400.0,2402.425146475519
74,38,2402.425146475519,2400.0
74,39,2400.0,2400.7524481860955
74,40,2400.7524481860955,2401.1481907791404
74,41,2401.1481907791404,2403.5493284728195
74,42,2403.5493284728195,2403.216498793477
74,43,2403.216498793477,2405.194326211471
74,44,2405.194326211471,2404.763775866236
74,45,2404.763775866236,2405.849757182698
74,46,2405.849757182698,2402.09240446458
74,47,2402.09240446458,2400.0
74,48,2400.0,2400.9438671339144
74,49,2400.9438671339144,2402.0218249490126
74,50,2402.0218249490126,2403.2105807818925
74,51,2403.2105807818925,2401.898249495006
74,52,2401.898249495006,2405.622555125532
74,53,2405.622555125532,2404.4728605861897
74,54,2404.4728605861897,2405.5250581353707
74,55,2405.5250581353707,2407.011648697881
74,56,2407.011648697881,2411.308499097254
74,57,2411.308499097254,2410.515925047779
74,58,2410.515925047779,2408.882942782206
74,59,2408.882942782206,2405.137579321168
74,60,2405.137579321168,2409.018496837824
74,61,2409.018496837824,2410.0720241054455
74,62,2410.0720241054455,2411.204676870181
74,63,2411.204676870181,2418.996437473491
74,64,2418.996437473491,2419.8090493264567
74,65,2419.8090493264567,2416.553245813707
74,66,2416.553245813707,2416.0634868762245
74,67,2416.0634868762245,2413.626530854103
74,68,2413.626530854103,2412.636859867646
74,69,2412.636859867646,2411.6303858607594
74,70,2411.6303858607594,2410.1628248830916
74,71,2410.1628248830916,2406.679618619703
74,72,2406.679618619703,2410.660872703884
74,73,2410.660872703884,2411.40799281498
74,74,2411.40799281498,2410.8443127282294
74,75,2410.8443127282294,2412.738407302019
74,76,2412.738407302019,2413.9160754891423
74,77,2413.9160754891423,2414.6053023209975
74,78,2414.6053023209975,2416.3177975029143
74,79,2416.3177975029143,2416.652634362311
74,80,2416.652634362311,2418.32818800479
74,81,2418.32818800479,2420.210968756984
74,82,2420.210968756984,2420.617765594566
74,83,2420.617765594566,2420.066779360826
74,84,2420.066779360826,2423.8927738644607
74,85,2423.8927738644607,2422.698020015027
74,86,2422.698020015027,2423.6763040160954
74,87,2423.6763040160954,2424.711075042943
74,88,2424.711075042943,2423.187180412284
74,89,2423.187180412284,2421.167624449005
74,90,2421.167624449005,2420.2829943968304
74,91,2420.2829943968304,2419.0524522638916
74,92,2419.0524522638916,2415.4071258597946
74,93,2415.4071258597946,2413.7783881534965
74,94,2413.7783881534965,2414.443945615083
74,95,2414.443945615083,2417.6088045754545
74,96,2417.6088045754545,2418.9947829133885
74,97,2418.9947829133885,2412.4959466674627
74,98,2412.4959466674627,2414.099205954356
75,0,2436.276961640006,2436.241623491979
75,1,2436.241623491979,2435.759904426762
75,2,2435.759904426762,2435.5043151068567
75,3,2435.5043151068567,2435.4482543361823
75,4,2435.4482543361823,2438.8092667664077
75,5,2438.8092667664077,2438.760116298695
75,6,2438.760116298695,2441.473956631648
75,7,2441.473956631648,2443.823721296262
75,8,2443.823721296262,2445.4913351652212
75,9,2445.4913351652212,2441.024788114897
75,10,2441.024788114897,2443.816369755301
75,11,2443.816369755301,2442.671616519962
75,12,2442.671616519962,2444.4609347226487
75,13,2444.4609347226487,2442.0296026395476
75,14,2442.0296026395476,2439.0669175312896
75,15,2439.0669175312896,2444.0078893733676
75,16,2444.0078893733676,2441.6154317062724
75,17,2441.6154317062724,2444.4806983039016
75,18,2444.4806983039016,2444.776749107493
75,19,2444.776749107493,2443.7264489615923
75,20,2443.7264489615923,2443.614376750767
75,21,2443.614376750767,2440.3616405094385
75,22,2440.3616405094385,2440.3272545604154
75,23,2440.3272545604154,2437.6204037756756
75,24,2437.6204037756756,2436.631794289891
75,25,2436.631794289891,2438.945043199815
75,26,2438.945043199815,2439.580519891209
75,27,2439.580519891209,2435.875093644008
75,28,2435.875093644008,2438.0038139612925
75,29,2438.0038139612925,2437.9860645565195
75,30,2437.9860645565195,2436.630601385496
75,31,2436.630601385496,2438.497292145268
75,32,2438.497292145268,2438.079275052826
75,33,2438.079275052826,2435.1651217030617
75,34,2435.1651217030617,2439.7846459816856
75,35,2439.7846459816856,2439.741427374458
75,36,2439.741427374458,2439.5379643632523
75,37,2439.5379643632523,2438.5252014339258
75,38,2438.5252014339258,2441.47511578257
75,39,2441.47511578257,2440.162919512215
75,40,2440.162919512215,2436.300469865186
75,41,2436.300469865186,2434.6037757104464
75,42,2434.6037757104464,2437.9207122115836
75,43,2437.9207122115836,2440.001042615226
75,44,2440.001042615226,2439.3635034835766
75,45,2439.3635034835766,2442.7966413376776
75,46,2442.7966413376776,2444.6664969097324
75,47,2444.6664969097324,2444.000023500646
75,48,2444.000023500646,2443.5852488628934
75,49,2443.5852488628934,2444.408543192757
75,50,2444.408543192757,2442.3288258185976
75,51,2442.3288258185976,2442.340088482371
75,52,2442.340088482371,2443.111371893904
75,53,2443.111371893904,2438.893956297383
75,54,2438.893956297383,2438.420655490963
75,55,2438.420655490963,2437.6630150275487
75,56,2437.6630150275487,2440.2331850774494
75,57,2440.2331850774494,2435.6219425929216
75,58,2435.6219425929216,2434.6681775436623
75,59,2434.6681775436623,2433.463790925251
75,60,2433.463790925251,2435.8639683350552
75,61,2435.8639683350552,2435.755101911643
75,62,2435.755101911643,2440.245338525774
75,63,2440.245338525774,2441.90087198054
75,64,2441.90087198054,2440.8753144950665
75,65,2440.8753144950665,2441.474461236464
75,66,2441.474461236464,2440.58928921304
75,67,2440.58928921304,2442.737779439266
75,68,2442.737779439266,2439.4072851560386
75,69,2439.4072851560386,2437.3480452146105
75,70,2437.3480452146105,2438.4872700109977
75,71,2438.4872700109977,2441.5516611328067
75,72,2441.5516611328067,2436.0467396424588
75,73,2436.0467396424588,2439.4829176824346
75,74,2439.4829176824346,2439.132579861365
75,75,2439.132579861365,2434.422892456522
75,76,2434.422892456522,2426.9185728517987
75,77,2426.9185728517987,2423.095107687278
75,78,2423.095107687278,2423.0458455476646
75,79,2423.0458455476646,2422.8811004531426
75,80,2422.8811004531426,2424.464101539916
75,81,2424.464101539916,2423.090383596014
75,82,2423.090383596014,2420.3202822298986
75,83,2420.3202822298986,2419.287566260746
75,84,2419.287566260746,2419.371591978025
75,85,2419.371591978025,2419.948523965413
75,86,2419.948523965413,2417.975612217232
75,87,2417.975612217232,2420.2292289680704
75,88,2420.2292289680704,2418.6757370387604
75,89,2418.6757370387604,2416.501443632948
75,90,2416.501443632948,2415.145464859277
75,91,2415.145464859277,2417.8325652985336
75,92,2417.8325652985336,2417.500574166182
75,93,2417.500574166182,2415.764290408508
75,94,2415.764290408508,2418.079559784629
75,95,2418.079559784629,2423.4364311345007
75,96,2423.4364311345007,2423.960637720273
75,97,2423.960637720273,2427.0452438724365
75,98,2427.0452438724365,2429.6354387488736
76,0,2403.958638529848,2400.752276955588
76,1,2400.752276955588,2400.239921289684
76,2,2400.239921289684,2400.0
76,3,2400.0,2400.0
76,4,2400.0,2400.0
76,5,2400.0,2400.0
76,6,2400.0,2401.3305817156624
76,7,2401.3305817156624,2401.0318519395623
76,8,2401.0318519395623,2400.0
76,9,2400.0,2400.0
76,10,2400.0,2400.0
76,11,2400.0,2400.6101505649544
76,12,2400.6101505649544,2401.86844397509
76,13,2401.86844397509,2402.5098145297256
76,14,2402.5098145297256,2400.541303546477
76,15,2400.541303546477,2401.1584383693053
76,16,2401.1584383693053,2400.0
76,17,2400.0,2400.0
76,18,2400.0,2401.854824799272
76,19,2401.854824799272,2403.8998941835816
76,20,2403.8998941835816,2406.2721328862904
76,21,2406.2721328862904,2404.751261386209
76,22,2404.751261386209,2407.6996671679417
76,23,2407.6996671679417,2406.4657115396217
76,24,2406.4657115396217,2408.099464843468
76,25,2408.099464843468,2406.8221831890514
76,26,2406.8221831890514,2406.262227779687
76,27,2406.262227779687,2400.209283136214
76,28,2400.209283136214,2400.0
76,29,2400.0,2400.2277249169624
76,30,2400.2277249169624,2400.0
76,31,2400.0,2404.3904701702127
76,32,2404.3904701702127,2401.4843049568995
76,33,2401.4843049568995,2400.0753518641395
76,34,2400.0753518641395,2400.0
76,35,2400.0,2400.0
76,36,2400.0,2402.578532657352
76,37,2402.578532657352,2406.2736121431694
76,38,2406.2736121431694,2404.5216306158723
76,39,2404.5216306158723,2402.714111759064
76,40,2402.714111759064,2400.0
76,41,2400.0,2403.265713466298
76,42,2403.265713466298,2406.068224483589
76,43,2406.068224483589,2405.8032699836167
76,44,2405.8032699836167,2402.3130219928494
76,45,2402.3130219928494,2400.0
76,46,2400.0,2400.4265736259613
76,47,2400.4265736259613,2401.7999184220776
76,48,2401.7999184220776,2400.0
76,49,2400.0,2400.0
76,50,2400.0,2404.0457397238933
76,51,2404.0457397238933,2403.5019667073175
76,52,2403.5019667073175,2407.226061934294
76,53,2407.226061934294,2408.8486772566835
76,54,2408.8486772566835,2406.137978254595
76,55,2406.137978254595,2405.4063000212154
76,56,2405.4063000212154,2405.084564424854
76,57,2405.084564424854,2402.70328550462
76,58,2402.70328550462,2400.2786154475925
76,59,2400.2786154475925,2404.045536927889
76,60,2404.045536927889,2401.6021353786564
76,61,2401.6021353786564,2404.298225569678
76,62,2404.298225569678,2403.2070143737656
76,63,2403.2070143737656,2403.1429160490575
76,64,2403.1429160490575,2404.547527094654
76,65,2404.547527094654,2403.0511304123925
76,66,2403.0511304123925,2404.470891196129
76,67,2404.470891196129,2400.0
76,68,2400.0,2401.099268471037
76,69,2401.099268471037,2400.0
76,70,2400.0,2400.0
76,71,2400.0,2402.1356074632963
76,72,2402.1356074632963,2403.6913457284422
76,73,2403.6913457284422,2400.4453195310375
76,74,2400.4453195310375,2400.0
76,75,2400.0,2400.0
76,76,2400.0,2400.4655396558956
76,77,2400.4655396558956,2400.0
76,78,2400.0,2400.0
76,79,2400.0,2400.7785734345002
76,80,2400.7785734345002,2400.0709804823227
76,81,2400.0709804823227,2401.384282902455
76,82,2401.384282902455,2401.9435932982706
76,83,2401.9435932982706,2400.5894576497735
76,84,2400.5894576497735,2400.0
76,85,2400.0,2400.333532703927
76,86,2400.333532703927,2400.0
76,87,2400.0,2400.0
76,88,2400.0,2401.1978105449075
76,89,2401.1978105449075,2404.7411440034934
76,90,2404.7411440034934,2404.6459936948886
76,91,2404.6459936948886,2406.031155786003
76,92,2406.031155786003,2402.419957433121
76,93,2402.419957433121,2403.0337663856085
76,94,2403.0337663856085,2402.8840015414157
76,95,2402.8840015414157,2405.957070492981
76,96,2405.957070492981,2404.605924302909
76,97,2404.605924302909,2404.001830260003
76,98,2404.001830260003,2406.648866427835
77,0,2448.2566234644178,2454.635706647643
77,1,2454.635706647643,2451.939224739301
77,2,2451.939224739301,2451.7774745354272
77,3,2451.7774745354272,2452.6441949254913
77,4,2452.6441949254913,2453.313238698069
77,5,2453.313238698069,2452.838879438053
77,6,2452.838879438053,2452.3769785117374
77,7,2452.3769785117374,2451.7896488460174
77,8,2451.7896488460174,2448.999814199539
77,9,2448.999814199539,2454.3753622355957
77,10,2454.3753622355957,2453.825384941312
77,11,2453.825384941312,2455.31771242337
77,12,2455.31771242337,2454.481080279166
77,13,2454.481080279166,2453.594171098277
77,14,2453.594171098277,2452.455561941603
77,15,2452.455561941603,2448.5809474716298
77,16,2448.5809474716298,2448.179394621328
77,17,2448.179394621328,2447.1618754855294
77,18,2447.1618754855294,2450.0906867584913
77,19,2450.0906867584913,2447.09893646453
77,20,2447.09893646453,2445.656068520643
77,21,2445.656068520643,2443.409967353758
77,22,2443.409967353758,2447.0162933387874
77,23,2447.0162933387874,2444.8427722266506
77,24,2444.8427722266506,2446.248521838466
77,25,2446.248521838466,2448.673925521981
77,26,2448.673925521981,2448.308618243442
77,27,2448.308618243442,2444.866590741091
77,28,2444.866590741091,2441.4562060941817
77,29,2441.4562060941817,2443.6056162561717
77,30,2443.6056162561717,2440.454131209172
77,31,2440.454131209172,2441.4341977368217
77,32,2441.4341977368217,2441.7200705113733
77,33,2441.7200705113733,2442.6629017221508
77,34,2442.6629017221508,2443.8418637417653
77,35,2443.8418637417653,2441.5076867807206
77,36,2441.5076867807206,2439.068866333184
77,37,2439.068866333184,2440.856184168435
77,38,2440.856184168435,2439.282822642024
77,39,2439.282822642024,2432.407451412011
77,40,2432.407451412011,2434.029339656721
77,41,2434.029339656721,2431.438686436549
77,42,2431.438686436549,2432.606526131312
77,43,2432.606526131312,2436.088580754604
77,44,2436.088580754604,2436.130486897759
77,45,2436.130486897759,2438.6199014769177
77,46,2438.6199014769177,2439.0043956782583
77,47,2439.0043956782583,2442.972968998611
77,48,2442.972968998611,2440.3177012267183
77,49,2440.3177012267183,2440.2971637756773
77,50,2440.2971637756773,2441.980067788281
77,51,2441.980067788281,2441.5040383957557
77,52,2441.5040383957557,2444.3845858873874
77,53,2444.3845858873874,2443.3044870386107
77,54,2443.3044870386107,2448.477914917683
77,55,2448.477914917683,2453.7834086783637
77,56,2453.7834086783637,2454.488588668932
77,57,2454.488588668932,2455.8700916198186
77,58,2455.8700916198186,2458.84927020888
77,59,2458.84927020888,2455.881276711462
77,60,2455.881276711462,2452.6012766750173
77,61,2452.6012766750173,2455.7423239596615
77,62,2455.7423239596615,2456.427295141844
77,63,2456.427295141844,2455.8610320268945
77,64,2455.8610320268945,2455.8888402840976
77,65,2455.8888402840976,2449.9237366031875
77,66,2449.9237366031875,2449.447330817045
77,67,2449.447330817045,2447.564713969062
77,68,2447.564713969062,2449.8598930530993
77,69,2449.8598930530993,2452.3474699990593
77,70,2452.3474699990593,2453.789170584384
77,71,2453.789170584384,2454.7778172063818
77,72,2454.7778172063818,2451.034450334581
77,73,2451.034450334581,2452.511058034573
77,74,2452.511058034573,2454.0845528983814
77,75,2454.0845528983814,2457.1975345328033
77,76,2457.1975345328033,2462.4930590638787
77,77,2462.4930590638787,2458.2616573799496
77,78,2458.2616573799496,2457.290465315904
77,79,2457.290465315904,2455.43479872301
77,80,2455.43479872301,2455.8660666939727
77,81,2455.8660666939727,2455.899571339518
77,82,2455.899571339518,2455.3143661568174
77,83,2455.3143661568174,2457.8833770603205
77,84,2457.8833770603205,2455.1298415323686
77,85,2455.1298415323686,2452.527037863887
77,86,2452.527037863887,2449.9664746861417
77,87,2449.9664746861417,2449.0656557175766
77,88,2449.0656557175766,2445.994180177797
77,89,2445.994180177797,2445.8727514557986
77,90,2445.8727514557986,2445.4590259692213
77,91,2445.4590259692213,2443.4927381842235
77,92,2443.4927381842235,2445.677153819364
77,93,2445.677153819364,2445.528402498647
77,94,2445.528402498647,2448.1850209087265
77,95,2448.1850209087265,2447.6973962807156
77,96,2447.6973962807156,2447.636909060137
77,97,2447.636909060137,2446.229953048433
77,98,2446.229953048433,2446.212336697094
78,0,2497.0145556698358,2498.3105855761723
78,1,2498.3105855761723,2496.278718173558
78,2,2496.278718173558,2498.1763445873635
78,3,2498.1763445873635,2496.7265800190835
78,4,2496.7265800190835,2498.8557797021563
78,5,2498.8557797021563,2499.0082210582405
78,6,2499.0082210582405,2500.0
78,7,2500.0,2497.1148306843643
78,8,2497.1148306843643,2493.4243887510847
78,9,2493.4243887510847,2491.883845636146
78,10,2491.883845636146,2488.4223182660603
78,11,2488.4223182660603,2484.9654810299894
78,12,2484.9654810299894,2486.519357931139
78,13,2486.519357931139,2486.5089109476075
78,14,2486.5089109476075,2485.309708505847
78,15,2485.309708505847,2484.3423020125833
78,16,2484.3423020125833,2482.8492078517675
78,17,2482.8492078517675,2486.975130771315
78,18,2486.975130771315,2485.1363665022072
78,19,2485.1363665022072,2481.831031756999
78,20,2481.831031756999,2483.8211583007146
78,21,2483.8211583007146,2483.281769242345
78,22,2483.281769242345,2488.3787034643897
78,23,2488.3787034643897,2487.0631893674044
78,24,2487.0631893674044,2489.1781498167966
78,25,2489.1781498167966,2491.8836431432946
78,26,2491.8836431432946,2490.5803035627896
78,27,2490.5803035627896,2488.723001643017
78,28,2488.723001643017,2490.576417970344
78,29,2490.576417970344,2492.013647765129
78,30,2492.013647765129,2488.4871225133516
78,31,2488.4871225133516,2485.66603342259
78,32,2485.66603342259,2479.32495841022
78,33,2479.32495841022,2480.813425545167
78,34,2480.813425545167,2480.1588575623273
78,35,2480.1588575623273,2479.7534815098893
78,36,2479.7534815098893,2475.524871265635
78,37,2475.524871265635,2472.7796153829113
78,38,2472.7796153829113,2471.5847181014924
78,39,2471.5847181014924,2469.903904101123
78,40,2469.903904101123,2470.198494289917
78,41,2470.198494289917,2471.6571646064967
78,42,2471.6571646064967,2477.3311960297096
78,43,2477.3311960297096,2477.281153454632
78,44,2477.281153454632,2480.0696601123745
78,45,2480.0696601123745,2477.994728169925
78,46,2477.994728169925,2473.8073623824866
78,47,2473.8073623824866,2472.9266082657114
78,48,2472.9266082657114,2468.9323039710257
78,49,2468.9323039710257,2468.9689868889486
78,50,2468.9689868889486,2467.017851577677
78,51,2467.017851577677,2462.1321731107905
78,52,2462.1321731107905,2466.472235975441
78,53,2466.472235975441,2465.1283316926774
78,54,2465.1283316926774,2461.034283435317
78,55,2461.034283435317,2463.279712911585
78,56,2463.279712911585,2461.458177005237
78,57,2461.458177005237,2464.1835920894637
78,58,2464.1835920894637,2462.3501062527685
78,59,2462.3501062527685,2460.9978620271113
78,60,2460.9978620271113,2461.8599413008037
78,61,2461.8599413008037,2463.342989752564
78,62,2463.342989752564,2465.2641990959155
78,63,2465.2641990959155,2465.039846249092
78,64,2465.039846249092,2466.3613880529783
78,65,2466.3613880529783,2468.225459570287
78,66,2468.225459570287,2468.726882416704
78,67,2468.726882416704,2468.3702371335435
78,68,2468.3702371335435,2464.7569997629657
78,69,2464.7569997629657,2466.2549351549155
78,70,2466.2549351549155,2466.3603694027684
78,71,2466.3603694027684,2465.326329771892
78,72,2465.326329771892,2468.5207456808707
78,73,2468.5207456808707,2464.9511615985875
78,74,2464.9511615985875,2469.061252387
78,75,2469.061252387,2469.005569190414
78,76,2469.005569190414,2469.7993646366713
78,77,2469.7993646366713,2468.8117543503454
78,78,2468.8117543503454,2464.644072069037
78,79,2464.644072069037,2464.2950473228725
78,80,2464.2950473228725,2465.1319095901044
78,81,2465.1319095901044,2466.8224732061108
78,82,2466.8224732061108,2466.3273902100136
78,83,2466.3273902100136,2460.8460406070026
78,84,2460.8460406070026,2456.991887245546
78,85,2456.991887245546,2462.121936304954
78,86,2462.121936304954,2459.3905963455236
78,87,2459.3905963455236,2462.9582199911215
78,88,2462.9582199911215,2460.6230031475775
78,89,2460.6230031475775,2460.166863373258
78,90,2460.166863373258,2461.7298840222575
78,91,2461.7298840222575,2459.679397905805
78,92,2459.679397905805,2463.659935745203
78,93,2463.659935745203,2463.849256640374
78,94,2463.849256640374,2465.001383756123
78,95,2465.001383756123,2464.332366236075
78,96,2464.332366236075,2465.9791669536176
78,97,2465.9791669536176,2469.926148803242
78,98,2469.926148803242,2469.597933959184
79,0,2494.938760272958,2496.8490003713373
79,1,2496.8490003713373,2498.071786211945
79,2,2498.071786211945,2495.400331030239
79,3,2495.400331030239,2495.9348552918323
79,4,2495.9348552918323,2495.9532701364583
79,5,2495.9532701364583,2493.820289695766
79,6,2493.820289695766,2494.7152957812514
79,7,2494.7152957812514,2495.0810196465227
79,8,2495.0810196465227,2494.8995522782548
79,9,2494.8995522782548,2494.728108605608
79,10,2494.728108605608,2494.5030829582993
79,11,2494.5030829582993,2493.5838339051834
79,12,2493.5838339051834,2493.933419142721
79,13,2493.933419142721,2492.3236336118116
79,14,2492.3236336118116,2498.965657340487
79,15,2498.965657340487,2495.4423242268235
79,16,2495.4423242268235,2493.9804840337374
79,17,2493.9804840337374,2492.716128772295
79,18,2492.716128772295,2497.8173623081066
79,19,2497.8173623081066,2494.517025683163
79,20,2494.517025683163,2495.581831428128
79,21,2495.581831428128,2496.2028165907445
79,22,2496.2028165907445,2497.036822352431
79,23,2497.036822352431,2500.0
79,24,2500.0,2500.0
79,25,2500.0,2498.8726079337
79,26,2498.8726079337,2499.3576515574346
79,27,2499.3576515574346,2494.697396477054
79,28,2494.697396477054,2494.945128998359
79,29,2494.945128998359,2492.960155428779
79,30,2492.960155428779,2492.494199363878
79,31,2492.494199363878,2488.2807697018366
79,32,2488.2807697018366,2489.292950418634
79,33,2489.292950418634,2485.051528679695
79,34,2485.051528679695,2485.422240196674
79,35,2485.422240196674,2482.3559762141176
79,36,2482.3559762141176,2480.231873626278
79,37,2480.231873626278,2483.1187038826406
79,38,2483.1187038826406,2484.5884987474246
79,39,2484.5884987474246,2487.461506591601
79,40,2487.461506591601,2491.360824422854
79,41,2491.360824422854,2489.4287276550044
79,42,2489.4287276550044,2493.1761568111065
79,43,2493.1761568111065,2489.512392670659
79,44,2489.512392670659,2491.3776435070213
79,45,2491.3776435070213,2490.144299220521
79,46,2490.144299220521,2487.818548863923
79,47,2487.818548863923,2489.354723532184
79,48,2489.354723532184,2491.717102345107
79,49,2491.717102345107,2494.005273311723
79,50,2494.005273311723,2494.54242303396
79,51,2494.54242303396,2494.872316287283
79,52,2494.872316287283,2496.1894827515325
79,53,2496.1894827515325,2496.9488929403255
79,54,2496.9488929403255,2498.3022825392904
79,55,2498.3022825392904,2498.812281192067
79,56,2498.812281192067,2500.0
79,57,2500.0,2495.931980483624
79,58,2495.931980483624,2495.6037967959082
79,59,2495.6037967959082,2492.1441805612944
79,60,2492.1441805612944,2492.8359356053065
79,61,2492.8359356053065,2496.9407610449407
79,62,2496.9407610449407,2495.755549090073
79,63,2495.755549090073,2496.073679165816
79,64,2496.073679165816,2497.96489595312
79,65,2497.96489595312,2492.7955886237037
79,66,2492.7955886237037,2491.4903124183434
79,67,2491.4903124183434,2492.4016015665256
79,68,2492.4016015665256,2485.1591147523823
79,69,2485.1591147523823,2482.717093519695
79,70,2482.717093519695,2485.469238453148
79,71,2485.469238453148,2487.976730704275
79,72,2487.976730704275,2488.9125262727002
79,73,2488.9125262727002,2491.118020372558
79,74,2491.118020372558,2491.6557809586116
79,75,2491.6557809586116,2493.0442682272173
79,76,2493.0442682272173,2492.255133955116
79,77,2492.255133955116,2492.5446656624213
79,78,2492.5446656624213,2490.9637396963817
79,79,2490.9637396963817,2494.1224480568376
79,80,2494.1224480568376,2497.926346580593
79,81,2497.926346580593,2500.0
79,82,2500.0,2498.9797280958055
79,83,2498.9797280958055,2496.595292997393
79,84,2496.595292997393,2499.787727149268
79,85,2499.787727149268,2500.0
79,86,2500.0,2500.0
79,87,2500.0,2498.415919787637
79,88,2498.415919787637,2499.480079319229
79,89,2499.480079319229,2496.7668841700743
79,90,2496.7668841700743,2498.352040060272
79,91,2498.352040060272,2500.0
79,92,2500.0,2500.0
79,93,2500.0,2500.0
79,94,2500.0,2496.5449461259473
79,95,2496.5449461259473,2497.0382714533125
79,96,2497.0382714533125,2500.0
79,97,2500.0,2497.8284710238945
79,98,2497.8284710238945,2497.680517091619
80,0,2438.6900038219874,2444.8903946332002
80,1,2444.8903946332002,2443.058221175129
80,2,2443.058221175129,2440.583831710777
80,3,2440.583831710777,2443.644145300365
80,4,2443.644145300365,2440.654448729686
80,5,2440.654448729686,2440.162528757642
80,6,2440.162528757642,2439.9984123954932
80,7,2439.9984123954932,2442.588386078958
80,8,2442.588386078958,2444.124055999021
80,9,2444.124055999021,2445.266718284463
80,10,2445.266718284463,2444.2606410897088
80,11,2444.2606410897088,2447.2981511374137
80,12,2447.2981511374137,2457.362711244232
80,13,2457.362711244232,2459.0909164915392
80,14,2459.0909164915392,2459.340097010406
80,15,2459.340097010406,2456.095439582926
80,16,2456.095439582926,2454.5017359596327
80,17,2454.5017359596327,2453.9674603747644
80,18,2453.9674603747644,2452.6309597740965
80,19,2452.6309597740965,2452.590765187779
80,20,2452.590765187779,2457.0358053797972
80,21,2457.0358053797972,2460.1537226732203
80,22,2460.1537226732203,2459.75664088205
80,23,2459.75664088205,2456.7359410203853
80,24,2456.7359410203853,2460.0793601276414
80,25,2460.0793601276414,2459.956724443988
80,26,2459.956724443988,2455.6404733799823
80,27,2455.6404733799823,2457.421548676215
80,28,2457.421548676215,2459.985765386799
80,29,2459.985765386799,2453.920994374462
80,30,2453.920994374462,2451.85960776913
80,31,2451.85960776913,2451.5834727408605
80,32,2451.5834727408605,2453.419750019132
80,33,2453.419750019132,2452.130383557572
80,34,2452.130383557572,2450.050028802637
80,35,2450.050028802637,2451.8679519268376
80,36,2451.8679519268376,2450.697145993552
80,37,2450.697145993552,2452.052282619924
80,38,2452.052282619924,2449.2734934824875
80,39,2449.2734934824875,2445.8926609343966
80,40,2445.8926609343966,2447.7808338283226
80,41,2447.7808338283226,2448.4121336041158
80,42,2448.4121336041158,2450.718272937206
80,43,2450.718272937206,2449.3867904349027
80,44,2449.3867904349027,2447.3990271787034
80,45,2447.3990271787034,2450.8008243975555
80,46,2450.8008243975555,2446.9934274875695
80,47,2446.9934274875695,2450.122079260521
80,48,2450.122079260521,2453.423341029227
80,49,2453.423341029227,2455.573564814892
80,50,2455.573564814892,2453.8540460223658
80,51,2453.8540460223658,2451.8127364305524
80,52,2451.8127364305524,2451.287596998057
80,53,2451.287596998057,2448.0499978059784
80,54,2448.0499978059784,2445.6457628090943
80,55,2445.6457628090943,2447.257598537867
80,56,2447.257598537867,2448.8809713234277
80,57,2448.8809713234277,2446.2570342570903
80,58,2446.2570342570903,2447.9473390953403
80,59,2447.9473390953403,2449.08309735969
80,60,2449.08309735969,2452.8578129961325
80,61,2452.8578129961325,2454.2806541008013
80,62,2454.2806541008013,2456.9271067351374
80,63,2456.9271067351374,2458.119800712463
80,64,2458.119800712463,2460.569623486706
80,65,2460.569623486706,2457.3518305952866
80,66,2457.3518305952866,2457.047469452509
80,67,2457.047469452509,2456.9500125319405
80,68,2456.9500125319405,2456.340637664602
80,69,2456.340637664602,2457.450354240394
80,70,2457.450354240394,2459.0363033766334
80,71,2459.0363033766334,2460.0169460693114
80,72,2460.0169460693114,2459.5745863662582
80,73,2459.5745863662582,2457.7352611666456
80,74,2457.7352611666456,2460.478226352036
80,75,2460.478226352036,2461.3525583935707
80,76,2461.3525583935707,2458.806023747572
80,77,2458.806023747572,2458.3218048934477
80,78,2458.3218048934477,2453.9635556991793
80,79,2453.9635556991793,2454.051982235048
80,80,2454.051982235048,2453.5560323785517
80,81,2453.5560323785517,2452.119865002663
80,82,2452.119865002663,2456.081365477172
80,83,2456.081365477172,2453.1909801783167
80,84,2453.1909801783167,2454.9569625575227
80,85,2454.9569625575227,2460.4237329598523
80,86,2460.4237329598523,2463.116902719144
80,87,2463.116902719144,2463.0380557638996
80,88,2463.0380557638996,2460.2028841653414
80,89,2460.2028841653414,2456.7977287238805
80,90,2456.7977287238805,2455.7688494864865
80,91,2455.7688494864865,2454.0513476517017
80,92,2454.0513476517017,2452.2524803793062
80,93,2452.2524803793062,2451.436696740628
80,94,2451.436696740628,2451.1810790084137
80,95,2451.1810790084137,2452.394108877527
80,96,2452.394108877527,2449.2996183288706
80,97,2449.2996183288706,2447.594008838538
80,98,2447.594008838538,2447.1948286314814
81,0,2446.8877868147565,2447.468403296566
81,1,2447.468403296566,2443.4344287666677
81,2,2443.4344287666677,2444.4798821706345
81,3,2444.4798821706345,2445.8440414774946
81,4,2445.8440414774946,2445.5312214068827
81,5,2445.5312214068827,2442.4977297208598
81,6,2442.4977297208598,2446.8928664591435
81,7,2446.8928664591435,2444.2181566751906
81,8,2444.2181566751906,2445.8700871912306
81,9,2445.8700871912306,2446.3702135138906
81,10,2446.3702135138906,2447.872239886465
81,11,2447.872239886465,2452.1393846968836
81,12,2452.1393846968836,2453.543481877236
81,13,2453.543481877236,2452.1468213096273
81,14,2452.1468213096273,2454.911801997447
81,15,2454.911801997447,2453.3340533723367
81,16,2453.3340533723367,2453.742948400825
81,17,2453.742948400825,2450.510239380785
81,18,2450.510239380785,2447.9270363124433
81,19,2447.9270363124433,2448.0555029885336
81,20,2448.0555029885336,2448.9757197599856
81,21,2448.9757197599856,2444.719743203258
81,22,2444.719743203258,2445.9629616232596
81,23,2445.9629616232596,2443.914389181764
81,24,2443.914389181764,2447.1136092209417
81,25,2447.1136092209417,2446.2336981488806
81,26,2446.2336981488806,2443.424642475006
81,27,2443.424642475006,2443.614153869904
81,28,2443.614153869904,2441.323566367207
81,29,2441.323566367207,2444.49592922079
81,30,2444.49592922079,2444.497254739623
81,31,2444.497254739623,2444.1180631818897
81,32,2444.1180631818897,2445.5975657292174
81,33,2445.5975657292174,2443.085197131217
81,34,2443.085197131217,2439.8623129928956
81,35,2439.8623129928956,2440.8831919414997
81,36,2440.8831919414997,2438.1340151714776
81,37,2438.1340151714776,2435.383989787104
81,38,2435.383989787104,2437.475879865156
81,39,2437.475879865156,2438.788540140116
81,40,2438.788540140116,2435.6539662839837
81,41,2435.6539662839837,2434.1061261766304
81,42,2434.1061261766304,2431.8467972867647
81,43,2431.8467972867647,2436.2875955318664
81,44,2436.2875955318664,2438.552621600793
81,45,2438.552621600793,2437.5005094857797
81,46,2437.5005094857797,2438.9409962091386
81,47,2438.9409962091386,2435.5505307443113
81,48,2435.5505307443113,2433.8689153663377
81,49,2433.8689153663377,2434.131073531192
81,50,2434.131073531192,2435.261650404057
81,51,2435.261650404057,2435.018002590273
81,52,2435.018002590273,2435.6380363670587
81,53,2435.6380363670587,2435.8338775169414
81,54,2435.8338775169414,2435.4249340118854
81,55,2435.4249340118854,2434.6845700314084
81,56,2434.6845700314084,2433.618907849714
81,57,2433.618907849714,2434.1987516212857
81,58,2434.1987516212857,2435.2257905942843
81,59,2435.2257905942843,2435.7216885125813
81,60,2435.7216885125813,2432.775195887579
81,61,2432.775195887579,2430.277876259721
81,62,2430.277876259721,2431.275080774591
81,63,2431.275080774591,2434.9542640262684
81,64,2434.9542640262684,2435.335302680165
81,65,2435.335302680165,2434.3061316489725
81,66,2434.3061316489725,2434.866982787579
81,67,2434.866982787579,2432.0249292312956
81,68,2432.0249292312956,2435.2972871226366
81,69,2435.2972871226366,2435.7637724839065
81,70,2435.7637724839065,2434.09012945088
81,71,2434.09012945088,2433.673140785648
81,72,2433.673140785648,2432.3555502054887
81,73,2432.3555502054887,2435.634725147531
81,74,2435.634725147531,2435.1291249239134
81,75,2435.1291249239134,2435.5175392892024
81,76,2435.5175392892024,2436.9518554308306
81,77,2436.9518554308306,2435.0999389214194
81,78,2435.0999389214194,2435.584212586757
81,79,2435.584212586757,2436.2703015102425
81,80,2436.2703015102425,2432.385104457691
81,81,2432.385104457691,2433.016845679635
81,82,2433.016845679635,2432.9024405172772
81,83,2432.9024405172772,2433.227356247567
81,84,2433.227356247567,2433.3164305312935
81,85,2433.3164305312935,2433.9643552136686
81,86,2433.9643552136686,2437.307713277859
81,87,2437.307713277859,2434.358944747646
81,88,2434.358944747646,2433.503563908895
81,89,2433.503563908895,2435.1701104813023
81,90,2435.1701104813023,2436.3724251506223
81,91,2436.3724251506223,2437.5209390339774
81,92,2437.5209390339774,2444.4048820731605
81,93,2444.4048820731605,2445.940220883452
81,94,2445.940220883452,2448.76756537409
81,95,2448.76756537409,2447.9998852269587
81,96,2447.9998852269587,2445.5176042922153
81,97,2445.5176042922153,2444.7318107191313
81,98,2444.7318107191313,2446.5117111474897
82,0,2483.703610366077,2483.167749399084
82,1,2483.167749399084,2482.2332428520517
82,2,2482.2332428520517,2481.7835997413185
82,3,2481.7835997413185,2483.594788366732
82,4,2483.594788366732,2485.696606937158
82,5,2485.696606937158,2483.18100281298
82,6,2483.18100281298,2485.0868592115585
82,7,2485.0868592115585,2483.460056134668
82,8,2483.460056134668,2484.6323602642706
82,9,2484.6323602642706,2484.1524459081143
82,10,2484.1524459081143,2488.0669172812118
82,11,2488.0669172812118,2487.0217307087587
82,12,2487.0217307087587,2487.4682603109954
82,13,2487.4682603109954,2488.984743204894
82,14,2488.984743204894,2486.799846079587
82,15,2486.799846079587,2486.61770344102
82,16,2486.61770344102,2485.951241229462
82,17,2485.951241229462,2484.666707520947
82,18,2484.666707520947,2483.567400017239
82,19,2483.567400017239,2486.3474365125808
82,20,2486.3474365125808,2484.85105967568
82,21,2484.85105967568,2486.267079382359
82,22,2486.267079382359,2487.053566887437
82,23,2487.053566887437,2483.561116597999
82,24,2483.561116597999,2484.859040194065
82,25,2484.859040194065,2481.3252571696707
82,26,2481.3252571696707,2482.8954867400835
82,27,2482.8954867400835,2481.6275076322563
82,28,2481.6275076322563,2481.6484257653974
82,29,2481.6484257653974,2478.412725891332
82,30,2478.412725891332,2478.718681700344
82,31,2478.718681700344,2481.0360577452707
82,32,2481.0360577452707,2479.018644175214
82,33,2479.018644175214,2477.500726459854
82,34,2477.500726459854,2478.6372790187725
82,35,2478.6372790187725,2479.8363248278897
82,36,2479.8363248278897,2473.7508765818684
82,37,2473.7508765818684,2478.7893924913255
82,38,2478.7893924913255,2480.1107762001966
82,39,2480.1107762001966,2481.853072856329
82,40,2481.853072856329,2481.4942217396742
82,41,2481.4942217396742,2476.8558379682936
82,42,2476.8558379682936,2478.542643121419
82,43,2478.542643121419,2477.129673050842
82,44,2477.129673050842,2478.4895022863
82,45,2478.4895022863,2477.942499610643
82,46,2477.942499610643,2478.537598058434
82,47,2478.537598058434,2476.600107104911
82,48,2476.600107104911,2478.761079461608
82,49,2478.761079461608,2475.790131862964
82,50,2475.790131862964,2481.404055426312
82,51,2481.404055426312,2486.9989270137794
82,52,2486.9989270137794,2491.0806759774455
82,53,2491.0806759774455,2494.2693734418817
82,54,2494.2693734418817,2494.0580025462978
82,55,2494.0580025462978,2496.9743693106657
82,56,2496.9743693106657,2496.7339280649753
82,57,2496.7339280649753,2492.850134209362
82,58,2492.850134209362,2496.6081377444384
82,59,2496.6081377444384,2499.4301989017445
82,60,2499.4301989017445,2499.351851132606
82,61,2499.351851132606,2496.288890489278
82,62,2496.288890489278,2494.8233887978304
82,63,2494.8233887978304,2490.2705248356115
82,64,2490.2705248356115,2492.6332269671566
82,65,2492.6332269671566,2488.6249545499963
82,66,2488.6249545499963,2489.342031725363
82,67,2489.342031725363,2487.232798355914
82,68,2487.232798355914,2483.6660397434152
82,69,2483.6660397434152,2484.2619274766116
82,70,2484.2619274766116,2483.4274290133317
82,71,2483.4274290133317,2485.522901776895
82,72,2485.522901776895,2482.3538886050733
82,73,2482.3538886050733,2480.4606019913886
82,74,2480.4606019913886,2474.491496470161
82,75,2474.491496470161,2469.0306297643415
82,76,2469.0306297643415,2473.526110789288
82,77,2473.526110789288,2478.735106399537
82,78,2478.735106399537,2478.9669219125967
82,79,2478.9669219125967,2476.9073499978304
82,80,2476.9073499978304,2476.161227684105
82,81,2476.161227684105,2478.3451631903213
82,82,2478.3451631903213,2477.0591906407662
82,83,2477.0591906407662,2477.6532753083707
82,84,2477.6532753083707,2477.6213851821676
82,85,2477.6213851821676,2476.1993535069605
82,86,2476.1993535069605,2474.883871641981
82,87,2474.883871641981,2475.6171738211947
82,88,2475.6171738211947,2473.174953480226
82,89,2473.174953480226,2474.3042768442847
82,90,2474.3042768442847,2473.1253294451617
82,91,2473.1253294451617,2473.4437477067822
82,92,2473.4437477067822,2476.9036541222035
82,93,2476.9036541222035,2476.4831740091363
82,94,2476.4831740091363,2478.7826848596164
82,95,2478.7826848596164,2474.3026027199066
82,96,2474.3026027199066,2473.126695185805
82,97,2473.126695185805,2473.1959167384953
82,98,2473.1959167384953,2478.0042434365114
83,0,2435.952024122821,2439.5937462501115
83,1,2439.5937462501115,2437.631195236944
83,2,2437.631195236944,2437.09909821088
83,3,2437.09909821088,2437.928445673519
83,4,2437.928445673519,2438.389717057826
83,5,2438.389717057826,2442.304143246462
83,6,2442.304143246462,2443.4253277716452
83,7,2443.4253277716452,2446.7447600104306
83,8,2446.7447600104306,2445.8447391171558
83,9,2445.8447391171558,2443.99342558903
83,10,2443.99342558903,2443.4291176064808
83,11,2443.4291176064808,2440.531359873062
83,12,2440.531359873062,2441.740139113587
83,13,2441.740139113587,2440.775443831699
83,14,2440.775443831699,2439.0959715817553
83,15,2439.0959715817553,2440.342617605808
83,16,2440.342617605808,2437.483328160872
83,17,2437.483328160872,2439.4095836955116
83,18,2439.4095836955116,2438.2137402242834
83,19,2438.2137402242834,2441.111481334519
83,20,2441.111481334519,2440.129637388945
83,21,2440.129637388945,2441.7094115553396
83,22,2441.7094115553396,2442.158317489772
83,23,2442.158317489772,2444.018072174058
83,24,2444.018072174058,2444.292939404427
83,25,2444.292939404427,2440.134445873569
83,26,2440.134445873569,2442.656429721674
83,27,2442.656429721674,2442.4372224155295
83,28,2442.4372224155295,2444.4110126089167
83,29,2444.4110126089167,2446.136628801089
83,30,2446.136628801089,2444.2033875985608
83,31,2444.2033875985608,2441.9163990856227
83,32,2441.9163990856227,2443.554786839245
83,33,2443.554786839245,2442.796664265719
83,34,2442.796664265719,2445.1377374643853
83,35,2445.1377374643853,2444.6922351072276
83,36,2444.6922351072276,2447.250759550848
83,37,2447.250759550848,2448.309020761371
83,38,2448.309020761371,2449.028958245656
83,39,2449.028958245656,2448.0939302488055
83,40,2448.0939302488055,2448.674999283959
83,41,2448.674999283959,2451.6571310713407
83,42,2451.6571310713407,2451.5215924246822
83,43,2451.5215924246822,2452.8495285338918
83,44,2452.8495285338918,2452.965428724516
83,45,2452.965428724516,2453.2769388313795
83,46,2453.2769388313795,2457.585465723725
83,47,2457.585465723725,2460.589790801324
83,48,2460.589790801324,2460.788300339313
83,49,2460.788300339313,2461.3244355591532
83,50,2461.3244355591532,2459.569759300276
83,51,2459.569759300276,2459.1373304346134
83,52,2459.1373304346134,2459.910824903485
83,53,2459.910824903485,2462.0373588774078
83,54,2462.0373588774078,2463.9104111196853
83,55,2463.9104111196853,2461.137263479924
83,56,2461.137263479924,2463.579720306621
83,57,2463.579720306621,2463.357786108177
83,58,2463.357786108177,2460.8903077189834
83,59,2460.8903077189834,2464.2312695625633
83,60,2464.2312695625633,2467.889467054408
83,61,2467.889467054408,2468.54883451026
83,62,2468.54883451026,2470.320818515023
83,63,2470.320818515023,2472.239441536884
83,64,2472.239441536884,2475.7288719189146
83,65,2475.7288719189146,2477.549043232494
83,66,2477.549043232494,2474.2298225388977
83,67,2474.2298225388977,2479.2543419113254
83,68,2479.2543419113254,2481.9184841350257
83,69,2481.9184841350257,2480.6446736218436
83,70,2480.6446736218436,2478.0706109409502
83,71,2478.0706109409502,2479.3326445169605
83,72,2479.3326445169605,2478.6369944210414
83,73,2478.6369944210414,2479.461982806039
83,74,2479.461982806039,2481.3204999092345
83,75,2481.3204999092345,2479.9043951892427
83,76,2479.9043951892427,2477.1141252075317
83,77,2477.1141252075317,2478.078671377212
83,78,2478.078671377212,2476.745201739019
83,79,2476.745201739019,2477.11044120335
83,80,2477.11044120335,2473.7521251109442
83,81,2473.7521251109442,2473.121668299758
83,82,2473.121668299758,2474.909048027358
83,83,2474.909048027358,2476.423879296475
83,84,2476.423879296475,2474.452984369292
83,85,2474.452984369292,2471.532323445997
83,86,2471.532323445997,2471.5717326703766
83,87,2471.5717326703766,2472.9743146629253
83,88,2472.9743146629253,2473.9872525134065
83,89,2473.9872525134065,2472.706852902503
83,90,2472.706852902503,2473.45141400872
83,91,2473.45141400872,2477.2073026869098
83,92,2477.2073026869098,2477.7201644051825
83,93,2477.7201644051825,2473.637294565636
83,94,2473.637294565636,2474.1452954108872
83,95,2474.1452954108872,2479.2551878389186
83,96,2479.2551878389186,2476.0367108061296
83,97,2476.0367108061296,2476.1110224607023
83,98,2476.1110224607023,2475.545183878122
84,0,2426.140464886451,2428.990394851608
84,1,2428.990394851608,2429.20235306761
84,2,2429.20235306761,2432.39550196064
84,3,2432.39550196064,2432.101362813674
84,4,2432.101362813674,2431.2260208787375
84,5,2431.2260208787375,2429.553063421141
84,6,2429.553063421141,2425.0103458483404
84,7,2425.0103458483404,2425.699799378155
84,8,2425.699799378155,2430.8348000993346
84,9,2430.8348000993346,2431.980388792549
84,10,2431.980388792549,2433.6972571779534
84,11,2433.6972571779534,2432.664678865417
84,12,2432.664678865417,2432.0538453872327
84,13,2432.0538453872327,2434.5154491080657
84,14,2434.5154491080657,2439.5371832087903
84,15,2439.5371832087903,2443.2570530482826
84,16,2443.2570530482826,2445.270164622603
84,17,2445.270164622603,2445.3580410710792
84,18,2445.3580410710792,2445.8823383567474
84,19,2445.8823383567474,2443.998570058177
84,20,2443.998570058177,2440.3781512549203
84,21,2440.3781512549203,2437.5611553605204
84,22,2437.5611553605204,2437.6856554468254
84,23,2437.6856554468254,2436.955674793259
84,24,2436.955674793259,2433.28207053146
84,25,2433.28207053146,2433.1887620838356
84,26,2433.1887620838356,2432.3926862726707
84,27,2432.3926862726707,2429.4605641344606
84,28,2429.4605641344606,2428.5351166079104
84,29,2428.5351166079104,2427.7327341061196
84,30,2427.7327341061196,2426.1911412563086
84,31,2426.1911412563086,2428.5078166682483
84,32,2428.5078166682483,2423.750562763015
84,33,2423.750562763015,2418.7860652862373
84,34,2418.7860652862373,2418.79427974736
84,35,2418.79427974736,2419.034597720841
84,36,2419.034597720841,2420.0451355608884
84,37,2420.0451355608884,2418.697701790191
84,38,2418.697701790191,2416.40289227746
84,39,2416.40289227746,2416.384601945723
84,40,2416.384601945723,2415.2806566073527
84,41,2415.2806566073527,2419.158335118992
84,42,2419.158335118992,2418.347766994179
84,43,2418.347766994179,2418.214804114886
84,44,2418.214804114886,2424.403349463881
84,45,2424.403349463881,2423.9164488970546
84,46,2423.9164488970546,2425.306841060052
84,47,2425.306841060052,2426.922614643518
84,48,2426.922614643518,2428.7511187528135
84,49,2428.7511187528135,2429.4748369163417
84,50,2429.4748369163417,2429.9594389023678
84,51,2429.9594389023678,2430.2102746269607
84,52,2430.2102746269607,2428.770289871376
84,53,2428.770289871376,2429.584086878474
84,54,2429.584086878474,2434.6557014720356
84,55,2434.6557014720356,2437.6824062444443
84,56,2437.6824062444443,2438.4422013000058
84,57,2438.4422013000058,2440.581775795271
84,58,2440.581775795271,2438.408836023444
84,59,2438.408836023444,2437.7575556379447
84,60,2437.7575556379447,2440.127180248405
84,61,2440.127180248405,2443.84509823205
84,62,2443.84509823205,2441.9179328018117
84,63,2441.9179328018117,2440.708962028254
84,64,2440.708962028254,2446.1624015129505
84,65,2446.1624015129505,2446.403054637373
84,66,2446.403054637373,2450.9614595691237
84,67,2450.9614595691237,2451.478602862313
84,68,2451.478602862313,2452.0940535681266
84,69,2452.0940535681266,2451.330326348977
84,70,2451.330326348977,2453.6867142027527
84,71,2453.6867142027527,2457.0811580785125
84,72,2457.0811580785125,2454.4936525031603
84,73,2454.4936525031603,2453.6125261226093
84,74,2453.6125261226093,2455.900222433545
84,75,2455.900222433545,2455.576350839084
84,76,2455.576350839084,2454.342887167751
84,77,2454.342887167751,2456.8667425524245
84,78,2456.8667425524245,2459.6253755642056
84,79,2459.6253755642056,2458.501270337525
84,80,2458.501270337525,2459.032186657495
84,81,2459.032186657495,2456.0109996677343
84,82,2456.0109996677343,2453.7722973915374
84,83,2453.7722973915374,2454.082710471871
84,84,2454.082710471871,2454.1612274408208
84,85,2454.1612274408208,2451.7440372114943
84,86,2451.7440372114943,2449.9541023996803
84,87,2449.9541023996803,2447.291491474791
84,88,2447.291491474791,2448.4291411170743
84,89,2448.4291411170743,2443.5100431253445
84,90,2443.5100431253445,2440.981100051444
84,91,2440.981100051444,2436.3237461818635
84,92,2436.3237461818635,2437.3712976915085
84,93,2437.3712976915085,2432.864463816372
84,94,2432.864463816372,2432.9437868127106
84,95,2432.9437868127106,2437.042596852079
84,96,2437.042596852079,2441.226181805256
84,97,2441.226181805256,2436.711412882309
84,98,2436.711412882309,2437.4574368863864
85,0,2429.8599702561996,2429.5762953702247
85,1,2429.5762953702247,2432.6470232625575
85,2,2432.6470232625575,2434.1461704481085
85,3,2434.1461704481085,2432.3583181269014
85,4,2432.3583181269014,2434.120903120426
85,5,2434.120903120426,2428.511632290722
85,6,2428.511632290722,2426.629267794639
85,7,2426.629267794639,2424.5695389328857
85,8,2424.5695389328857,2424.765340662233
85,9,2424.765340662233,2424.2582707530833
85,10,2424.2582707530833,2423.9045930190337
85,11,2423.9045930190337,2423.4677941937684
85,12,2423.4677941937684,2423.523812296241
85,13,2423.523812296241,2424.8741397136364
85,14,2424.8741397136364,2425.247467278892
85,15,2425.247467278892,2424.5365877373806
85,16,2424.5365877373806,2425.5409584368927
85,17,2425.5409584368927,2427.6062672960247
85,18,2427.6062672960247,2426.2162025692182
85,19,2426.2162025692182,2426.0676957425367
85,20,2426.0676957425367,2428.972462150153
85,21,2428.972462150153,2426.215560456985
85,22,2426.215560456985,2430.7273159476244
85,23,2430.7273159476244,2427.3794285107756
85,24,2427.3794285107756,2426.5160169827636
85,25,2426.5160169827636,2424.1405419905736
85,26,2424.1405419905736,2429.6103594827473
85,27,2429.6103594827473,2428.3519844106295
85,28,2428.3519844106295,2427.099881519308
85,29,2427.099881519308,2426.173009669458
85,30,2426.173009669458,2426.412016689193
85,31,2426.412016689193,2425.5909122419316
85,32,2425.5909122419316,2425.2586952303755
85,33,2425.2586952303755,2416.435670347816
85,34,2416.435670347816,2416.5785699378207
85,35,2416.5785699378207,2416.6230864915374
85,36,2416.6230864915374,2419.219508485068
85,37,2419.219508485068,2422.4921608557665
85,38,2422.4921608557665,2422.022890702287
85,39,2422.022890702287,2424.063463406472
85,40,2424.063463406472,2421.30954145536
85,41,2421.30954145536,2423.2278973121
85,42,2423.2278973121,2421.7967078142638
85,43,2421.7967078142638,2418.8349641439386
85,44,2418.8349641439386,2418.3709924484283
85,45,2418.3709924484283,2421.8721735664226
85,46,2421.8721735664226,2422.3246874082497
85,47,2422.3246874082497,2426.065907777446
85,48,2426.065907777446,2424.194075992906
85,49,2424.194075992906,2426.813703754276
85,50,2426.813703754276,2425.183303661184
85,51,2425.183303661184,2425.7466253399066
85,52,2425.7466253399066,2426.288332411555
85,53,2426.288332411555,2427.9420617463657
85,54,2427.9420617463657,2428.568913296144
85,55,2428.568913296144,2426.720951951589
85,56,2426.720951951589,2428.9217193318204
85,57,2428.9217193318204,2433.250860817634
85,58,2433.250860817634,2431.791352261994
85,59,2431.791352261994,2427.203272070881
85,60,2427.203272070881,2428.4515709917655
85,61,2428.4515709917655,2427.623620006635
85,62,2427.623620006635,2427.295862866747
85,63,2427.295862866747,2428.6863072560745
85,64,2428.6863072560745,2427.5453261815105
85,65,2427.5453261815105,2426.8731962531515
85,66,2426.8731962531515,2426.6228974608102
85,67,2426.6228974608102,2430.2972823057726
85,68,2430.2972823057726,2430.3724563160567
85,69,2430.3724563160567,2427.2832723640195
85,70,2427.2832723640195,2424.2935761611666
85,71,2424.2935761611666,2424.6416509653154
85,72,2424.6416509653154,2421.818080963588
85,73,2421.818080963588,2417.912322246277
85,74,2417.912322246277,2419.501162223612
85,75,2419.501162223612,2421.2124082307837
85,76,2421.2124082307837,2420.292066896049
85,77,2420.292066896049,2421.0262151239285
85,78,2421.0262151239285,2421.496519234417
85,79,2421.496519234417,2423.0025676993396
85,80,2423.0025676993396,2424.514442459189
85,81,2424.514442459189,2417.999970990371
85,82,2417.999970990371,2417.398723594165
85,83,2417.398723594165,2418.6934840646104
85,84,2418.6934840646104,2417.667342587013
85,85,2417.667342587013,2417.7578491851627
85,86,2417.7578491851627,2419.6345991393578
85,87,2419.6345991393578,2419.836912222488
85,88,2419.836912222488,2423.6067107655754
85,89,2423.6067107655754,2426.424176396278
85,90,2426.424176396278,2426.1277660138494
85,91,2426.1277660138494,2425.6326505870375
85,92,2425.6326505870375,2418.506840324034
85,93,2418.506840324034,2417.6905848318074
85,94,2417.6905848318074,2414.307412600031
85,95,2414.307412600031,2414.8604864550325
85,96,2414.8604864550325,2415.2426632328325
85,97,2415.2426632328325,2416.9823026228996
85,98,2416.9823026228996,2420.47397880277
86,0,2480.899729596644,2481.480858209694
86,1,2481.480858209694,2478.2053172254023
86,2,2478.2053172254023,2476.800137537627
86,3,2476.800137537627,2475.8682707868575
86,4,2475.8682707868575,2477.348588664741
86,5,2477.348588664741,2474.9804639141676
86,6,2474.9804639141676,2474.235524207144
86,7,2474.235524207144,2473.8329235051538
86,8,2473.8329235051538,2472.712621486015
86,9,2472.712621486015,2474.7411599402144
86,10,2474.7411599402144,2476.344463411378
86,11,2476.344463411378,2479.260881249138
86,12,2479.260881249138,2478.43331829636
86,13,2478.43331829636,2481.4396372154797
86,14,2481.4396372154797,2478.029644500537
86,15,2478.029644500537,2474.5586837480623
86,16,2474.5586837480623,2471.5241795328343
86,17,2471.5241795328343,2471.5472087644143
86,18,2471.5472087644143,2474.5531540558586
86,19,2474.5531540558586,2473.0477988542593
86,20,2473.0477988542593,2471.856065341848
86,21,2471.856065341848,2471.3160204535748
86,22,2471.3160204535748,2472.748090762044
86,23,2472.748090762044,2471.5540275036574
86,24,2471.5540275036574,2470.2204851088663
86,25,2470.2204851088663,2466.856996950472
86,26,2466.856996950472,2465.4276941725293
86,27,2465.4276941725293,2468.371348554868
86,28,2468.371348554868,2468.598663576064
86,29,2468.598663576064,2466.749027300444
86,30,2466.749027300444,2469.8393872322663
86,31,2469.8393872322663,2468.376353477116
86,32,2468.376353477116,2471.9262424258222
86,33,2471.9262424258222,2475.4352598705723
86,34,2475.4352598705723,2475.575288936509
86,35,2475.575288936509,2471.8289151180797
86,36,2471.8289151180797,2477.552666656444
86,37,2477.552666656444,2478.520856797106
86,38,2478.520856797106,2477.7111392353045
86,39,2477.7111392353045,2480.101459022242
86,40,2480.101459022242,2481.8572159897953
86,41,2481.8572159897953,2485.1345618645114
86,42,2485.1345618645114,2483.478692392812
86,43,2483.478692392812,2484.274875924748
86,44,2484.274875924748,2481.3102003491354
86,45,2481.3102003491354,2482.9760363384885
86,46,2482.9760363384885,2482.9186729144203
86,47,2482.9186729144203,2483.6211960531373
86,48,2483.6211960531373,2483.255321743536
86,49,2483.255321743536,2482.6278496920654
86,50,2482.6278496920654,2480.4572717570286
86,51,2480.4572717570286,2482.433347293739
86,52,2482.433347293739,2486.1576073855927
86,53,2486.1576073855927,2484.7659364883175
86,54,2484.7659364883175,2486.1497877507454
86,55,2486.1497877507454,2487.230246812396
86,56,2487.230246812396,2487.2504913407683
86,57,2487.2504913407683,2483.4340020073564
86,58,2483.4340020073564,2480.18000862958
86,59,2480.18000862958,2478.2275537517007
86,60,2478.2275537517007,2472.8800419427707
86,61,2472.8800419427707,2476.400118767535
86,62,2476.400118767535,2477.319376840484
86,63,2477.319376840484,2477.244474219486
86,64,2477.244474219486,2471.7688846713168
86,65,2471.7688846713168,2467.209207533766
86,66,2467.209207533766,2467.203354063299
86,67,2467.203354063299,2472.129578977009
86,68,2472.129578977009,2470.3829684873263
86,69,2470.3829684873263,2472.542463523357
86,70,2472.542463523357,2471.3427075041695
86,71,2471.3427075041695,2471.4808056523916
86,72,2471.4808056523916,2474.5175152746237
86,73,2474.5175152746237,2473.6526361992073
86,74,2473.6526361992073,2471.927373929077
86,75,2471.927373929077,2475.472550314389
86,76,2475.472550314389,2475.586444867173
86,77,2475.586444867173,2478.3144575936385
86,78,2478.3144575936385,2476.601335360177
86,79,2476.601335360177,2480.1180208825795
86,80,2480.1180208825795,2480.802089068916
86,81,2480.802089068916,2481.8890581344526
86,82,2481.8890581344526,2482.2181314130257
86,83,2482.2181314130257,2480.9544439580345
86,84,2480.9544439580345,2480.950236931797
86,85,2480.950236931797,2479.8437613368237
86,86,2479.8437613368237,2482.2426264934356
86,87,2482.2426264934356,2481.734983575764
86,88,2481.734983575764,2477.9937155062794
86,89,2477.9937155062794,2473.795156168806
86,90,2473.795156168806,2469.478360788005
86,91,2469.478360788005,2471.02328768189
86,92,2471.02328768189,2468.1445269034566
86,93,2468.1445269034566,2468.894741343053
86,94,2468.894741343053,2469.2361776367816
86,95,2469.2361776367816,2469.074406149507
86,96,2469.074406149507,2470.170419157963
86,97,2470.170419157963,2470.5661780006894
86,98,2470.5661780006894,2463.791853643737
87,0,2443.8822278868415,2447.982934913729
87,1,2447.982934913729,2452.199078955185
87,2,2452.199078955185,2448.791202671222
87,3,2448.791202671222,2447.91688942294
87,4,2447.91688942294,2444.00160238867
87,5,2444.00160238867,2447.8013150764455
87,6,2447.8013150764455,2450.3334555968167
87,7,2450.3334555968167,2451.2099253139745
87,8,2451.2099253139745,2451.625162467125
87,9,2451.625162467125,2455.0767402179986
87,10,2455.0767402179986,2458.105053204899
87,11,2458.105053204899,2461.0001649465394
87,12,2461.0001649465394,2462.1418645959952
87,13,2462.1418645959952,2461.26879384721
87,14,2461.26879384721,2463.186605927254
87,15,2463.186605927254,2465.2267106903914
87,16,2465.2267106903914,2464.7501170164114
87,17,2464.7501170164114,2463.871994719326
87,18,2463.871994719326,2466.705277893221
87,19,2466.705277893221,2470.8655681651453
87,20,2470.8655681651453,2468.9920787128585
87,21,2468.9920787128585,2468.3336370242387
87,22,2468.3336370242387,2469.2109697153755
87,23,2469.2109697153755,2470.427467209747
87,24,2470.427467209747,2469.121551311644
87,25,2469.121551311644,2473.830352887504
87,26,2473.830352887504,2474.885591051367
87,27,2474.885591051367,2476.2140495725434
87,28,2476.2140495725434,2480.6112597763226
87,29,2480.6112597763226,2479.488605713211
87,30,2479.488605713211,2479.2675260221054
87,31,2479.2675260221054,2476.1342204495513
87,32,2476.1342204495513,2475.7033442689176
87,33,2475.7033442689176,2471.9810254590793
87,34,2471.9810254590793,2473.8506488445623
87,35,2473.8506488445623,2474.900640719737
87,36,2474.900640719737,2474.2079674521406
87,37,2474.2079674521406,2473.9569081825957
87,38,2473.9569081825957,2475.860574220568
87,39,2475.860574220568,2473.0210840033433
87,40,2473.0210840033433,2473.5315036719744
87,41,2473.5315036719744,2475.2802781881214
87,42,2475.2802781881214,2470.8245929946033
87,43,2470.8245929946033,2472.536938008858
87,44,2472.536938008858,2468.3517818507044
87,45,2468.3517818507044,2468.0577956410757
87,46,2468.0577956410757,2465.1493178808378
87,47,2465.1493178808378,2468.727434329063
87,48,2468.727434329063,2465.834631693682
87,49,2465.834631693682,2461.7091569637682
87,50,2461.7091569637682,2462.042537317759
87,51,2462.042537317759,2461.008279867707
87,52,2461.008279867707,2457.2467667960473
87,53,2457.2467667960473,2458.5613047939346
87,54,2458.5613047939346,2453.5825571378105
87,55,2453.5825571378105,2450.9919547063528
87,56,2450.9919547063528,2449.553909030301
87,57,2449.553909030301,2451.5594650106887
87,58,2451.5594650106887,2454.7981359282217
87,59,2454.7981359282217,2457.5550915465406
87,60,2457.5550915465406,2457.171907070385
87,61,2457.171907070385,2451.103636458397
87,62,2451.103636458397,2452.0807690114434
87,63,2452.0807690114434,2455.7572033595047
87,64,2455.7572033595047,2458.841679379039
87,65,2458.841679379039,2459.999051903398
87,66,2459.999051903398,2457.025294992552
87,67,2457.025294992552,2455.712027483481
87,68,2455.712027483481,2460.5465634803454
87,69,2460.5465634803454,2457.0047396436853
87,70,2457.0047396436853,2454.1351365733094
87,71,2454.1351365733094,2456.4915154512228
87,72,2456.4915154512228,2455.413617339209
87,73,2455.413617339209,2452.4592295336975
87,74,2452.4592295336975,2456.279157480505
87,75,2456.279157480505,2457.431797425868
87,76,2457.431797425868,2456.477294514925
87,77,2456.477294514925,2453.612857425176
87,78,2453.612857425176,2458.731373834826
87,79,2458.731373834826,2458.6702442879596
87,80,2458.6702442879596,2462.1635644441335
87,81,2462.1635644441335,2464.397648305657
87,82,2464.397648305657,2463.095394401499
87,83,2463.095394401499,2461.8130416140248
87,84,2461.8130416140248,2465.4288288588596
87,85,2465.4288288588596,2469.0851221904095
87,86,2469.0851221904095,2464.392832250108
87,87,2464.392832250108,2465.7672829025632
87,88,2465.7672829025632,2465.4642458907542
87,89,2465.4642458907542,2462.880937983408
87,90,2462.880937983408,2463.535303220201
87,91,2463.535303220201,2460.161311242735
87,92,2460.161311242735,2458.9951728561196
87,93,2458.9951728561196,2456.998988524195
87,94,2456.998988524195,2455.749510363805
87,95,2455.749510363805,2455.57081412965
87,96,2455.57081412965,2453.031897474886
87,97,2453.031897474886,2456.9648450470695
87,98,2456.9648450470695,2458.198053130555
88,0,2445.7622366962396,2444.390261790497
88,1,2444.390261790497,2448.7863008267295
88,2,2448.7863008267295,2447.3411514770446
88,3,2447.3411514770446,2446.8954214220716
88,4,2446.8954214220716,2448.695539948315
88,5,2448.695539948315,2445.6012254275715
88,6,2445.6012254275715,2447.3794621395555
88,7,2447.3794621395555,2448.837829804967
88,8,2448.837829804967,2452.0111431000614
88,9,2452.0111431000614,2454.236254357587
88,10,2454.236254357587,2457.486200239781
88,11,2457.486200239781,2457.2101454885096
88,12,2457.2101454885096,2455.053469691742
88,13,2455.053469691742,2460.3284332269504
88,14,2460.3284332269504,2456.5116941881456
88,15,2456.5116941881456,2452.9454114909613
88,16,2452.9454114909613,2454.3582315922336
88,17,2454.3582315922336,2458.420696712677
88,18,2458.420696712677,2458.8945738274624
88,19,2458.8945738274624,2461.392833076718
88,20,2461.392833076718,2456.4033262580383
88,21,2456.4033262580383,2455.1544638525856
88,22,2455.1544638525856,2450.4695943347274
88,23,2450.4695943347274,2452.420621730299
88,24,2452.420621730299,2448.5525434138262
88,25,2448.5525434138262,2445.3579962987446
88,26,2445.3579962987446,2446.643059311148
88,27,2446.643059311148,2449.2976201911924
88,28,2449.2976201911924,2448.9001999206193
88,29,2448.9001999206193,2450.3256311808905
88,30,2450.3256311808905,2451.6701015980734
88,31,2451.6701015980734,2451.1315344494674
88,32,2451.1315344494674,2448.3947707422517
88,33,2448.3947707422517,2449.8069992594633
88,34,2449.8069992594633,2451.339738486401
88,35,2451.339738486401,2453.5747994941266
88,36,2453.5747994941266,2454.354965554324
88,37,2454.354965554324,2451.4337157706254
88,38,2451.4337157706254,2453.1595661740485
88,39,2453.1595661740485,2453.1561134734775
88,40,2453.1561134734775,2451.949269862669
88,41,2451.949269862669,2451.212680269685
88,42,2451.212680269685,2449.487037323709
88,43,2449.487037323709,2451.709146770845
88,44,2451.709146770845,2448.1638599368953
88,45,2448.1638599368953,2445.680145099879
88,46,2445.680145099879,2444.8582128882
88,47,2444.8582128882,2448.8925900087975
88,48,2448.8925900087975,2451.5282913815295
88,49,2451.5282913815295,2447.4261893734115
88,50,2447.4261893734115,2450.8045570952927
88,51,2450.8045570952927,2454.178107637752
88,52,2454.178107637752,2451.243086822695
88,53,2451.243086822695,2444.939441146204
88,54,2444.939441146204,2444.758887090336
88,55,2444.758887090336,2447.5649481135856
88,56,2447.5649481135856,2451.543103038086
88,57,2451.543103038086,2449.3660348771828
88,58,2449.3660348771828,2453.7459826388404
88,59,2453.7459826388404,2448.1761516492984
88,60,2448.1761516492984,2447.256025114725
88,61,2447.256025114725,2446.2129984416856
88,62,2446.2129984416856,2449.093841003996
88,63,2449.093841003996,2452.3395971688456
88,64,2452.3395971688456,2454.725156307429
88,65,2454.725156307429,2451.3487811855643
88,66,2451.3487811855643,2453.5053287650617
88,67,2453.5053287650617,2454.7779336865456
88,68,2454.7779336865456,2450.5998477233466
88,69,2450.5998477233466,2445.4323131513424
88,70,2445.4323131513424,2448.0272863763944
88,71,2448.0272863763944,2447.5770381239463
88,72,2447.5770381239463,2444.364082892809
88,73,2444.364082892809,2443.8436530710374
88,74,2443.8436530710374,2444.7537557738206
88,75,2444.7537557738206,2444.5466279571515
88,76,2444.5466279571515,2440.6666625743364
88,77,2440.6666625743364,2445.3805548332466
88,78,2445.3805548332466,2447.8910997557164
88,79,2447.8910997557164,2447.052656126533
88,80,2447.052656126533,2446.314919486777
88,81,2446.314919486777,2447.21363797356
88,82,2447.21363797356,2444.389584484209
88,83,2444.389584484209,2445.1962755755517
88,84,2445.1962755755517,2441.8694444833995
88,85,2441.8694444833995,2441.6931089412865
88,86,2441.6931089412865,2438.7716801916445
88,87,2438.7716801916445,2435.9764702358275
88,88,2435.9764702358275,2440.090776769873
88,89,2440.090776769873,2440.2388415055843
88,90,2440.2388415055843,2440.7573577190874
88,91,2440.7573577190874,2435.728908066384
88,92,2435.728908066384,2434.2364036700815
88,93,2434.2364036700815,2435.3894339668423
88,94,2435.3894339668423,2435.874774631711
88,95,2435.874774631711,2430.4897000783267
88,96,2430.4897000783267,2431.0075448699695
88,97,2431.0075448699695,2431.923941878844
88,98,2431.923941878844,2435.1333468743405
89,0,2423.755638593818,2421.263711714305
89,1,2421.263711714305,2418.5210491171333
89,2,2418.5210491171333,2420.362821311583
89,3,2420.362821311583,2413.5709798405946
89,4,2413.5709798405946,2412.450088690413
89,5,2412.450088690413,2416.014577374356
89,6,2416.014577374356,2416.03260853144
89,7,2416.03260853144,2418.273400571881
89,8,2418.273400571881,2414.1689047380037
89,9,2414.1689047380037,2410.163930954988
89,10,2410.163930954988,2413.757037099601
89,11,2413.757037099601,2414.0100755139943
89,12,2414.0100755139943,2414.2682614195173
89,13,2414.2682614195173,2411.47287934925
89,14,2411.47287934925,2411.7248336716257
89,15,2411.7248336716257,2408.8599897507756
89,16,2408.8599897507756,2411.8271658730396
89,17,2411.8271658730396,2418.64674264771
89,18,2418.64674264771,2419.8565952818735
89,19,2419.8565952818735,2418.2692293182195
89,20,2418.2692293182195,2411.935083491983
89,21,2411.935083491983,2407.7239232056268
89,22,2407.7239232056268,2411.6110777831946
89,23,2411.6110777831946,2409.038098175017
89,24,2409.038098175017,2408.1110109708006
89,25,2408.1110109708006,2409.7493259072485
89,26,2409.7493259072485,2413.455050405653
89,27,2413.455050405653,2412.9560831027434
89,28,2412.9560831027434,2411.944415928578
89,29,2411.944415928578,2412.123468499855
89,30,2412.123468499855,2410.5543739582567
89,31,2410.5543739582567,2409.1198259500243
89,32,2409.1198259500243,2410.149526243859
89,33,2410.149526243859,2410.612755038445
89,34,2410.612755038445,2415.9417683048414
89,35,2415.9417683048414,2417.03889034643
89,36,2417.03889034643,2419.9167542166647
89,37,2419.9167542166647,2417.2385412748567
89,38,2417.2385412748567,2418.5514344999324
89,39,2418.5514344999324,2416.7439811334298
89,40,2416.7439811334298,2417.7326142916713
89,41,2417.7326142916713,2419.4539007869585
89,42,2419.4539007869585,2419.578572896962
89,43,2419.578572896962,2425.5968872006492
89,44,2425.5968872006492,2429.1668366234203
89,45,2429.1668366234203,2432.109949955493
89,46,2432.109949955493,2434.020665436418
89,47,2434.020665436418,2438.429067480743
89,48,2438.429067480743,2434.83664423707
89,49,2434.83664423707,2438.2623520320462
89,50,2438.2623520320462,2435.7842412520477
89,51,2435.7842412520477,2434.3733934543807
89,52,2434.3733934543807,2435.776874564535
89,53,2435.776874564535,2438.8599249783115
89,54,2438.8599249783115,2435.9759833991066
89,55,2435.9759833991066,2434.6946212049124
89,56,2434.6946212049124,2434.9384513861655
89,57,2434.9384513861655,2434.4725363744265
89,58,2434.4725363744265,2436.6076165275144
89,59,2436.6076165275144,2445.1974355674756
89,60,2445.1974355674756,2446.24573733879
89,61,2446.24573733879,2444.4077462433843
89,62,2444.4077462433843,2441.166475416787
89,63,2441.166475416787,2440.353340632823
89,64,2440.353340632823,2438.0027159177507
89,65,2438.0027159177507,2439.171590397689
89,66,2439.171590397689,2440.3016444871496
89,67,2440.3016444871496,2439.143723975837
89,68,2439.143723975837,2444.1061115102966
89,69,2444.1061115102966,2442.2674932121968
89,70,2442.2674932121968,2441.968915542451
89,71,2441.968915542451,2443.566822207176
89,72,2443.566822207176,2445.7969594416004
89,73,2445.7969594416004,2448.9909007454585
89,74,2448.9909007454585,2450.0621419429417
89,75,2450.0621419429417,2452.6894236949115
89,76,2452.6894236949115,2451.0266532648416
89,77,2451.0266532648416,2453.3218581657175
89,78,2453.3218581657175,2455.5836810411083
89,79,2455.5836810411083,2459.365897727992
89,80,2459.365897727992,2455.194807747421
89,81,2455.194807747421,2452.926849958418
89,82,2452.926849958418,2454.9847023818365
89,83,2454.9847023818365,2448.356291182133
89,84,2448.356291182133,2449.586306616604
89,85,2449.586306616604,2452.235817678932
89,86,2452.235817678932,2450.794879560056
89,87,2450.794879560056,2449.719404559776
89,88,2449.719404559776,2447.0340611916763
89,89,2447.0340611916763,2445.7301933923477
89,90,2445.7301933923477,2444.498772137443
89,91,2444.498772137443,2442.7916689512795
89,92,2442.7916689512795,2440.9474735068184
89,93,2440.9474735068184,2440.269961544597
89,94,2440.269961544597,2439.562200755457
89,95,2439.562200755457,2444.24753050511
89,96,2444.24753050511,2443.2620676473175
89,97,2443.2620676473175,2444.122443187797
89,98,2444.122443187797,2442.6802357716065
90,0,2474.5448198937147,2470.616404274187
90,1,2470.616404274187,2467.5989085750543
90,2,2467.5989085750543,2468.0581506619546
90,3,2468.0581506619546,2470.748584800166
90,4,2470.748584800166,2466.281923482927
90,5,2466.281923482927,2464.9092314795553
90,6,2464.9092314795553,2461.4920047061796
90,7,2461.4920047061796,2460.831311970846
90,8,2460.831311970846,2463.520735705114
90,9,2463.520735705114,2462.403529701094
90,10,2462.403529701094,2462.284737270595
90,11,2462.284737270595,2465.922808261576
90,12,2465.922808261576,2467.0675605878455
90,13,2467.0675605878455,2465.1673309483035
90,14,2465.1673309483035,2465.564619162893
90,15,2465.564619162893,2463.495746634387
90,16,2463.495746634387,2464.546951666227
90,17,2464.546951666227,2465.8353020514087
90,18,2465.8353020514087,2462.4174028001626
90,19,2462.4174028001626,2462.855276343627
90,20,2462.855276343627,2462.561343198637
90,21,2462.561343198637,2463.9230366915676
90,22,2463.9230366915676,2466.0014043191154
90,23,2466.0014043191154,2467.195028329427
90,24,2467.195028329427,2466.4370449459775
90,25,2466.4370449459775,2468.7703699981375
90,26,2468.7703699981375,2466.5877130573617
90,27,2466.5877130573617,2463.2864080739378
90,28,2463.2864080739378,2455.298191362536
90,29,2455.298191362536,2455.122838983193
90,30,2455.122838983193,2453.0689728844595
90,31,2453.0689728844595,2454.063359074648
90,32,2454.063359074648,2449.135290589537
90,33,2449.135290589537,2447.517344212288
90,34,2447.517344212288,2448.6930189769496
90,35,2448.6930189769496,2446.118428611077
90,36,2446.118428611077,2447.141570482609
90,37,2447.141570482609,2445.749013994939
90,38,2445.749013994939,2445.666993220489
90,39,2445.666993220489,2447.1548882365314
90,40,2447.1548882365314,2449.5368807943196
90,41,2449.5368807943196,2449.768111822621
90,42,2449.768111822621,2447.733086085424
90,43,2447.733086085424,2446.5879889294747
90,44,2446.5879889294747,2448.180377337192
90,45,2448.180377337192,2445.6272433784857
90,46,2445.6272433784857,2445.182076886885
90,47,2445.182076886885,2444.2173666409817
90,48,2444.2173666409817,2443.9589621826844
90,49,2443.9589621826844,2441.435755859561
90,50,2441.435755859561,2436.8058949790307
90,51,2436.8058949790307,2438.10775151893
90,52,2438.10775151893,2440.5180800776516
90,53,2440.5180800776516,2436.037642683906
90,54,2436.037642683906,2436.959958086222
90,55,2436.959958086222,2439.667915373335
90,56,2439.667915373335,2441.157692990241
90,57,2441.157692990241,2440.1160175435507
90,58,2440.1160175435507,2437.757276619174
90,59,2437.757276619174,2437.9597218175486
90,60,2437.9597218175486,2438.579184464666
90,61,2438.579184464666,2438.818703242556
90,62,2438.818703242556,2438.368366667262
90,63,2438.368366667262,2435.6617373569547
90,64,2435.6617373569547,2436.7184580852268
90,65,2436.7184580852268,2437.8955943212604
90,66,2437.8955943212604,2438.3976496349146
90,67,2438.3976496349146,2438.6751337475926
90,68,2438.6751337475926,2442.873257466958
90,69,2442.873257466958,2441.3123105055247
90,70,2441.3123105055247,2444.515898249166
90,71,2444.515898249166,2442.6808370761114
90,72,2442.6808370761114,2445.4532135085024
90,73,2445.4532135085024,2448.536632383704
90,74,2448.536632383704,2447.804004375199
90,75,2447.804004375199,2451.956412010351
90,76,2451.956412010351,2453.1290017272163
90,77,2453.1290017272163,2450.935820624365
90,78,2450.935820624365,2450.000429138392
90,79,2450.000429138392,2452.8323349036586
90,80,2452.8323349036586,2455.1399966583504
90,81,2455.1399966583504,2452.494895654902
90,82,2452.494895654902,2452.146752374426
90,83,2452.146752374426,2452.655559831367
90,84,2452.655559831367,2451.3865483586783
90,85,2451.3865483586783,2457.281047667115
90,86,2457.281047667115,2457.8652070256285
90,87,2457.8652070256285,2457.710676548371
90,88,2457.710676548371,2460.687804159016
90,89,2460.687804159016,2459.7747703219193
90,90,2459.7747703219193,2462.2933393484627
90,91,2462.2933393484627,2458.1240083595053
90,92,2458.1240083595053,2456.9898732438915
90,93,2456.9898732438915,2459.6125492898345
90,94,2459.6125492898345,2463.538043591309
90,95,2463.538043591309,2461.604804308794
90,96,2461.604804308794,2459.3802502182475
90,97,2459.3802502182475,2460.798866294174
90,98,2460.798866294174,2459.2412815568796
91,0,2454.7074870534993,2453.3472315994645
91,1,2453.3472315994645,2448.4336672206255
91,2,2448.4336672206255,2445.180956131611
91,3,2445.180956131611,2445.2058450959116
91,4,2445.2058450959116,2440.547287224729
91,5,2440.547287224729,2439.804386181486
91,6,2439.804386181486,2436.3241448908757
91,7,2436.3241448908757,2440.42399240804
91,8,2440.42399240804,2445.836848894954
91,9,2445.836848894954,2443.191356139099
91,10,2443.191356139099,2443.833252839194
91,11,2443.833252839194,2441.4322435092017
91,12,2441.4322435092017,2440.6589545040656
91,13,2440.6589545040656,2445.167627823955
91,14,2445.167627823955,2444.000906454639
91,15,2444.000906454639,2443.285812799046
91,16,2443.285812799046,2440.929489630977
91,17,2440.929489630977,2443.794963075139
91,18,2443.794963075139,2435.636796318829
91,19,2435.636796318829,2434.529803015
91,20,2434.529803015,2434.4150877796615
91,21,2434.4150877796615,2432.762394455034
91,22,2432.762394455034,2434.921258224362
91,23,2434.921258224362,2437.9263264342885
91,24,2437.9263264342885,2434.3962276520897
91,25,2434.3962276520897,2439.6299442865165
91,26,2439.6299442865165,2436.071797225633
91,27,2436.071797225633,2439.293373929823
91,28,2439.293373929823,2439.667943176162
91,29,2439.667943176162,2438.4086904333776
91,30,2438.4086904333776,2437.385273109188
91,31,2437.385273109188,2437.301491132537
91,32,2437.301491132537,2437.8225357871966
91,33,2437.8225357871966,2435.522149908768
91,34,2435.522149908768,2434.937300014572
91,35,2434.937300014572,2433.010617957253
91,36,2433.010617957253,2429.9729941395685
91,37,2429.9729941395685,2427.929714883424
91,38,2427.929714883424,2425.0547783016855
91,39,2425.0547783016855,2424.004391019809
91,40,2424.004391019809,2425.08557828348
91,41,2425.08557828348,2425.387354168925
91,42,2425.387354168925,2430.3232161105766
91,43,2430.3232161105766,2424.7970835762767
91,44,2424.7970835762767,2425.9704359918123
91,45,2425.9704359918123,2425.986486588123
91,46,2425.986486588123,2428.025662444053
91,47,2428.025662444053,2429.816825454829
91,48,2429.816825454829,2429.404346079491
91,49,2429.404346079491,2429.8359742916327
91,50,2429.8359742916327,2427.9758012593365
91,51,2427.9758012593365,2429.510001207723
91,52,2429.510001207723,2424.812811077416
91,53,2424.812811077416,2426.7548771740394
91,54,2426.7548771740394,2426.696943563449
91,55,2426.696943563449,2425.4792884688713
91,56,2425.4792884688713,2424.8979554702546
91,57,2424.8979554702546,2424.499964883784
91,58,2424.499964883784,2427.743224284985
91,59,2427.743224284985,2435.8269584431064
91,60,2435.8269584431064,2438.8766355034822
91,61,2438.8766355034822,2437.463321038758
91,62,2437.463321038758,2439.037775599471
91,63,2439.037775599471,2440.721098514615
91,64,2440.721098514615,2438.4081967084967
91,65,2438.4081967084967,2435.256198465445
91,66,2435.256198465445,2435.097996143153
91,67,2435.097996143153,2437.117265149907
91,68,2437.117265149907,2433.0877444809034
91,69,2433.0877444809034,2431.2854998117673
91,70,2431.2854998117673,2432.7171290842434
91,71,2432.7171290842434,2432.82143811742
91,72,2432.82143811742,2436.3621221689173
91,73,2436.3621221689173,2432.8337035337263
91,74,2432.8337035337263,2438.71411586735
91,75,2438.71411586735,2434.869134758426
91,76,2434.869134758426,2429.7962254613553
91,77,2429.7962254613553,2429.6489435126123
91,78,2429.6489435126123,2426.812796191997
91,79,2426.812796191997,2426.715907031885
91,80,2426.715907031885,2426.5315898344984
91,81,2426.5315898344984,2426.04215430423
91,82,2426.04215430423,2423.9361267237377
91,83,2423.9361267237377,2425.017767105187
91,84,2425.017767105187,2424.224424318269
91,85,2424.224424318269,2426.983586495156
91,86,2426.983586495156,2426.5326558638353
91,87,2426.5326558638353,2424.1210373066688
91,88,2424.1210373066688,2419.9017609270604
91,89,2419.9017609270604,2419.4714873484395
91,90,2419.4714873484395,2416.298475920033
91,91,2416.298475920033,2412.923571285021
91,92,2412.923571285021,2414.2422145578885
91,93,2414.2422145578885,2409.79803940498
91,94,2409.79803940498,2413.3285228508125
91,95,2413.3285228508125,2413.7278138118013
91,96,2413.7278138118013,2413.618207234239
91,97,2413.618207234239,2411.0312923828624
91,98,2411.0312923828624,2412.94222312372
92,0,2460.8385933516433,2461.3381550932722
92,1,2461.3381550932722,2457.1311914546736
92,2,2457.1311914546736,2453.042873625801
92,3,2453.042873625801,2450.2424084125482
92,4,2450.2424084125482,2451.1162265815724
92,5,2451.1162265815724,2451.1080807770572
92,6,2451.1080807770572,2453.7305289409464
92,7,2453.7305289409464,2451.430554310525
92,8,2451.430554310525,2452.8672239117286
92,9,2452.8672239117286,2452.5825475307406
92,10,2452.5825475307406,2450.224934543888
92,11,2450.224934543888,2451.1882037206706
92,12,2451.1882037206706,2451.0231740750573
92,13,2451.0231740750573,2449.4503760896937
92,14,2449.4503760896937,2449.555373807554
92,15,2449.555373807554,2449.231547842711
92,16,2449.231547842711,2448.847327671417
92,17,2448.847327671417,2447.8158447966402
92,18,2447.8158447966402,2444.5534734494063
92,19,2444.5534734494063,2444.7403869891436
92,20,2444.7403869891436,2442.73360105484
92,21,2442.73360105484,2440.18277888573
92,22,2440.18277888573,2439.5810292754736
92,23,2439.5810292754736,2441.416095635904
92,24,2441.416095635904,2441.880129405132
92,25,2441.880129405132,2440.552273884238
92,26,2440.552273884238,2439.1239087395684
92,27,2439.1239087395684,2440.7134418950404
92,28,2440.7134418950404,2434.7216024714226
92,29,2434.7216024714226,2436.7150149444215
92,30,2436.7150149444215,2432.0299755070955
92,31,2432.0299755070955,2428.491455736288
92,32,2428.491455736288,2427.20579115813
92,33,2427.20579115813,2432.631101515457
92,34,2432.631101515457,2436.8246499154925
92,35,2436.8246499154925,2438.5908693049855
92,36,2438.5908693049855,2439.4822252507242
92,37,2439.4822252507242,2434.826532830693
92,38,2434.826532830693,2435.218428237895
92,39,2435.218428237895,2433.845374441495
92,40,2433.845374441495,2431.8037011074384
92,41,2431.8037011074384,2432.190708832375
92,42,2432.190708832375,2431.012933808758
92,43,2431.012933808758,2433.1861826736804
92,44,2433.1861826736804,2428.3462957546485
92,45,2428.3462957546485,2428.5338243105134
92,46,2428.5338243105134,2426.3360812517285
92,47,2426.3360812517285,2425.3119916794394
92,48,2425.3119916794394,2426.0735577281375
92,49,2426.0735577281375,2423.280288071612
92,50,2423.280288071612,2423.6908684198934
92,51,2423.6908684198934,2423.1600229068704
92,52,2423.1600229068704,2421.5085557439284
92,53,2421.5085557439284,2420.332124528901
92,54,2420.332124528901,2419.945744800934
92,55,2419.945744800934,2418.026153519526
92,56,2418.026153519526,2418.0438897078398
92,57,2418.0438897078398,2417.348448153675
92,58,2417.348448153675,2415.8202418110072
92,59,2415.8202418110072,2419.794847395765
92,60,2419.794847395765,2420.832947202169
92,61,2420.832947202169,2419.876166620612
92,62,2419.876166620612,2420.2408176976737
92,63,2420.2408176976737,2417.67376735574
92,64,2417.67376735574,2416.5818383387937
92,65,2416.5818383387937,2415.781644712698
92,66,2415.781644712698,2412.6646599379233
92,67,2412.6646599379233,2413.6330450579094
92,68,2413.6330450579094,2412.3690133013774
92,69,2412.3690133013774,2411.480346632759
92,70,2411.480346632759,2410.0585469849507
92,71,2410.0585469849507,2417.4562734615583
92,72,2417.4562734615583,2415.7997355861235
92,73,2415.7997355861235,2410.6280432014087
92,74,2410.6280432014087,2406.6282132740116
92,75,2406.6282132740116,2408.52646983075
92,76,2408.52646983075,2411.867601559958
92,77,2411.867601559958,2410.163108581526
92,78,2410.163108581526,2413.3604827556146
92,79,2413.3604827556146,2415.214457755221
92,80,2415.214457755221,2414.7407574277554
92,81,2414.7407574277554,2414.089641718329
92,82,2414.089641718329,2414.541817284368
92,83,2414.541817284368,2416.735456839752
92,84,2416.735456839752,2417.7286932537395
92,85,2417.7286932537395,2416.0366724992427
92,86,2416.0366724992427,2415.601154881677
92,87,2415.601154881677,2420.5543135184816
92,88,2420.5543135184816,2421.1823480117223
92,89,2421.1823480117223,2423.355661578929
92,90,2423.355661578929,2424.705374047052
92,91,2424.705374047052,2425.388768407046
92,92,2425.388768407046,2425.6605156570836
92,93,2425.6605156570836,2427.903992220396
92,94,2427.903992220396,2429.7005978086727
92,95,2429.7005978086727,2430.3603315037017
92,96,2430.3603315037017,2428.625925189832
92,97,2428.625925189832,2429.589822203703
92,98,2429.589822203703,2429.4223023625327
93,0,2459.500604688652,2455.6529764193824
93,1,2455.6529764193824,2458.0492585670263
93,2,2458.0492585670263,2455.8925812063917
93,3,2455.8925812063917,2456.22056992975
93,4,2456.22056992975,2462.6420387274757
93,5,2462.6420387274757,2460.2361162404154
93,6,2460.2361162404154,2458.4264346033474
93,7,2458.4264346033474,2458.3826502604684
93,8,2458.3826502604684,2456.26460786639
93,9,2456.26460786639,2458.4747487437407
93,10,2458.4747487437407,2457.1384251535824
93,11,2457.1384251535824,2458.7734492539557
93,12,2458.7734492539557,2455.4504764244557
93,13,2455.4504764244557,2450.93339766907
93,14,2450.93339766907,2450.360935221687
93,15,2450.360935221687,2446.439665626593
93,16,2446.439665626593,2450.2353379085066
93,17,2450.2353379085066,2446.410829182269
93,18,2446.410829182269,2443.8166124630925
93,19,2443.8166124630925,2444.850662176779
93,20,2444.850662176779,2443.3847523016243
93,21,2443.3847523016243,2439.5887823769554
93,22,2439.5887823769554,2444.688692777135
93,23,2444.688692777135,2442.1846082692364
93,24,2442.1846082692364,2441.693963750495
93,25,2441.693963750495,2441.17098245023
93,26,2441.17098245023,2442.9467553301465
93,27,2442.9467553301465,2444.102636481824
93,28,2444.102636481824,2442.0356338874963
93,29,2442.0356338874963,2441.221065843888
93,30,2441.221065843888,2440.6537597600336
93,31,2440.6537597600336,2442.52615850553
93,32,2442.52615850553,2439.6053537183834
93,33,2439.6053537183834,2444.6506301102727
93,34,2444.6506301102727,2442.752671641624
93,35,2442.752671641624,2442.730798149733
93,36,2442.730798149733,2439.8308245505
93,37,2439.8308245505,2436.5854270213986
93,38,2436.5854270213986,2434.3993559987043
93,39,2434.3993559987043,2431.9730479545437
93,40,2431.9730479545437,2430.9374053941565
93,41,2430.9374053941565,2428.489992822247
93,42,2428.489992822247,2430.228873875483
93,43,2430.228873875483,2428.271414137187
93,44,2428.271414137187,2426.036875403557
93,45,2426.036875403557,2425.054453243264
93,46,2425.054453243264,2427.5365504400047
93,47,2427.5365504400047,2428.0737408740306
93,48,2428.0737408740306,2427.824517049312
93,49,2427.824517049312,2424.24190512439
93,50,2424.24190512439,2421.3851339747307
93,51,2421.3851339747307,2418.1891091246316
93,52,2418.1891091246316,2421.4562371838124
93,53,2421.4562371838124,2422.7826449916415
93,54,2422.7826449916415,2420.628593719331
93,55,2420.628593719331,2419.217664609767
93,56,2419.217664609767,2417.1544391691737
93,57,2417.1544391691737,2414.939786128222
93,58,2414.939786128222,2416.090538706262
93,59,2416.090538706262,2415.371698154301
93,60,2415.371698154301,2420.574617515045
93,61,2420.574617515045,2423.7005170763373
93,62,2423.7005170763373,2426.974217927504
93,63,2426.974217927504,2428.6526103648744
93,64,2428.6526103648744,2427.5959626886065
93,65,2427.5959626886065,2429.0904398999305
93,66,2429.0904398999305,2428.218358163609
93,67,2428.218358163609,2432.29404829043
93,68,2432.29404829043,2433.3047467480546
93,69,2433.3047467480546,2433.960647644562
93,70,2433.960647644562,2434.2783293006355
93,71,2434.2783293006355,2438.6289953690375
93,72,2438.6289953690375,2435.0446195344457
93,73,2435.0446195344457,2439.6403391036174
93,74,2439.6403391036174,2439.174954584982
93,75,2439.174954584982,2435.659582145443
93,76,2435.659582145443,2433.7790578163354
93,77,2433.7790578163354,2429.6520396595265
93,78,2429.6520396595265,2431.2861815234905
93,79,2431.2861815234905,2428.6904491476243
93,80,2428.6904491476243,2429.1121183131363
93,81,2429.1121183131363,2431.947660888551
93,82,2431.947660888551,2430.2676185671357
93,83,2430.2676185671357,2429.597359334575
93,84,2429.597359334575,2426.338942809785
93,85,2426.338942809785,2425.3680500374066
93,86,2425.3680500374066,2431.80310910059
93,87,2431.80310910059,2433.747942010866
93,88,2433.747942010866,2433.086115963632
93,89,2433.086115963632,2431.556895873178
93,90,2431.556895873178,2431.450312384037
93,91,2431.450312384037,2431.775439264521
93,92,2431.775439264521,2430.727764996657
93,93,2430.727764996657,2432.0529129860847
93,94,2432.0529129860847,2429.669294260934
93,95,2429.669294260934,2427.273325073473
93,96,2427.273325073473,2428.198813716099
93,97,2428.198813716099,2425.277209332188
93,98,2425.277209332188,2427.099752464344
94,0,2400.0,2400.2737478139024
94,1,2400.2737478139024,2400.0
94,2,2400.0,2401.7334050241393
94,3,2401.7334050241393,2401.1116192010127
94,4,2401.1116192010127,2405.7393297422796
94,5,2405.7393297422796,2408.417611853211
94,6,2408.417611853211,2405.7658805876313
94,7,2405.7658805876313,2400.7140309280276
94,8,2400.7140309280276,2400.0
94,9,2400.0,2400.0
94,10,2400.0,2404.5643452171926
94,11,2404.5643452171926,2404.5385585689924
94,12,2404.5385585689924,2406.8721055794504
94,13,2406.8721055794504,2406.159528298074
94,14,2406.159528298074,2405.7103595773724
94,15,2405.7103595773724,2405.6287920211003
94,16,2405.6287920211003,2408.3951403175815
94,17,2408.3951403175815,2409.174202206768
94,18,2409.174202206768,2406.5308675980764
94,19,2406.5308675980764,2410.5871529432925
94,20,2410.5871529432925,2409.855114195827
94,21,2409.855114195827,2408.716313886135
94,22,2408.716313886135,2401.6425506305127
94,23,2401.6425506305127,2403.228549608416
94,24,2403.228549608416,2403.4810812075707
94,25,2403.4810812075707,2403.7308953490756
94,26,2403.7308953490756,2402.7238336712985
94,27,2402.7238336712985,2401.2857890709665
94,28,2401.2857890709665,2400.3618380038906
94,29,2400.3618380038906,2401.519740181709
94,30,2401.519740181709,2403.1175346142923
94,31,2403.1175346142923,2402.539955643356
94,32,2402.539955643356,2404.9122993791475
94,33,2404.9122993791475,2404.714863926604
94,34,2404.714863926604,2403.4542978812947
94,35,2403.4542978812947,2403.9503368185633
94,36,2403.9503368185633,2400.5518707723286
94,37,2400.5518707723286,2401.1336665450267
94,38,2401.1336665450267,2400.0
94,39,2400.0,2400.0
94,40,2400.0,2400.0
94,41,2400.0,2400.0
94,42,2400.0,2404.024084255773
94,43,2404.024084255773,2403.7313926030693
94,44,2403.7313926030693,2405.340356051652
94,45,2405.340356051652,2411.221140794933
94,46,2411.221140794933,2412.2312804152334
94,47,2412.2312804152334,2410.3182503037633
94,48,2410.3182503037633,2408.7493287969237
94,49,2408.7493287969237,2408.750974317481
94,50,2408.750974317481,2407.1687377043286
94,51,2407.1687377043286,2405.773520204795
94,52,2405.773520204795,2408.236654977944
94,53,2408.236654977944,2410.8020456798745
94,54,2410.8020456798745,2406.684814474753
94,55,2406.684814474753,2404.639390680002
94,56,2404.639390680002,2403.4793797127186
94,57,2403.4793797127186,2404.977102078132
94,58,2404.977102078132,2407.834791049396
94,59,2407.834791049396,2414.5897108850804
94,60,2414.5897108850804,2413.4255276443737
94,61,2413.4255276443737,2412.3862058585187
94,62,2412.3862058585187,2413.857630897613
94,63,2413.857630897613,2412.152089100226
94,64,2412.152089100226,2411.7996844464997
94,65,2411.7996844464997,2410.762089174541
94,66,2410.762089174541,2404.2079543697805
94,67,2404.2079543697805,2404.5160374451593
94,68,2404.5160374451593,2404.0601350469024
94,69,2404.0601350469024,2407.2382126725447
94,70,2407.2382126725447,2407.2519386913855
94,71,2407.2519386913855,2404.1150699956
94,72,2404.1150699956,2403.4698228131515
94,73,2403.4698228131515,2400.0
94,74,2400.0,2400.0
94,75,2400.0,2401.5887649203823
94,76,2401.5887649203823,2400.9704138204984
94,77,2400.9704138204984,2403.2766844192433
94,78,2403.2766844192433,2400.0
94,79,2400.0,2400.0
94,80,2400.0,2400.0
94,81,2400.0,2402.389621456533
94,82,2402.389621456533,2404.0715283769496
94,83,2404.0715283769496,2405.6771587521703
94,84,2405.6771587521703,2409.5306838473807
94,85,2409.5306838473807,2408.6104660741644
94,86,2408.6104660741644,2411.948168162416
94,87,2411.948168162416,2409.337652785217
94,88,2409.337652785217,2406.6354584108026
94,89,2406.6354584108026,2408.5173248395486
94,90,2408.5173248395486,2404.7554729935264
94,91,2404.7554729935264,2406.1873870645736
94,92,2406.1873870645736,2406.440670048877
94,93,2406.440670048877,2409.120301870514
94,94,2409.120301870514,2408.971691958127
94,95,2408.971691958127,2409.111814323866
94,96,2409.111814323866,2410.384976806178
94,97,2410.384976806178,2408.728352931029
94,98,2408.728352931029,2406.9628371623035
95,0,2402.5939804417994,2401.575695648539
95,1,2401.575695648539,2401.3687353992946
95,2,2401.3687353992946,2405.3551341688903
95,3,2405.3551341688903,2404.2475881520404
95,4,2404.2475881520404,2403.067539118835
95,5,2403.067539118835,2400.0
95,6,2400.0,2400.0
95,7,2400.0,2401.642208778101
95,8,2401.642208778101,2403.732704067303
95,9,2403.732704067303,2404.0032480713794
95,10,2404.0032480713794,2406.392832004082
95,11,2406.392832004082,2408.2209080087823
95,12,2408.2209080087823,2411.003283583013
95,13,2411.003283583013,2413.464040221707
95,14,2413.464040221707,2417.3889857119752
95,15,2417.3889857119752,2416.9647527955594
95,16,2416.9647527955594,2413.6471076896555
95,17,2413.6471076896555,2415.306404548869
95,18,2415.306404548869,2417.257787522176
95,19,2417.257787522176,2421.182776005629
95,20,2421.182776005629,2424.386001896053
95,21,2424.386001896053,2429.2496830357145
95,22,2429.2496830357145,2430.7993179865307
95,23,2430.7993179865307,2431.371344466377
95,24,2431.371344466377,2427.9088866630627
95,25,2427.9088866630627,2428.679127999348
95,26,2428.679127999348,2427.29786960717
95,27,2427.29786960717,2427.826644640751
95,28,2427.826644640751,2427.962927606525
95,29,2427.962927606525,2429.1422615786505
95,30,2429.1422615786505,2428.8989348048044
95,31,2428.8989348048044,2431.236485281636
95,32,2431.236485281636,2424.4285994994484
95,33,2424.4285994994484,2424.903583437343
95,34,2424.903583437343,2427.9098078852244
95,35,2427.9098078852244,2432.584929156365
95,36,2432.584929156365,2434.4148325023275
95,37,2434.4148325023275,2438.6270400587837
95,38,2438.6270400587837,2439.0493800481804
95,39,2439.0493800481804,2439.056536487998
95,40,2439.056536487998,2440.3800755960674
95,41,2440.3800755960674,2440.3720898888396
95,42,2440.3720898888396,2438.4161962187964
95,43,2438.4161962187964,2437.1280956084665
95,44,2437.1280956084665,2434.347713343276
95,45,2434.347713343276,2435.668656080439
95,46,2435.668656080439,2435.6971356116906
95,47,2435.6971356116906,2434.7964203197953
95,48,2434.7964203197953,2433.379710927702
95,49,2433.379710927702,2434.642351793201
95,50,2434.642351793201,2436.5934722447264
95,51,2436.5934722447264,2433.7671872534634
95,52,2433.7671872534634,2430.5479755790243
95,53,2430.5479755790243,2432.9342504680767
95,54,2432.9342504680767,2429.4964173718554
95,55,2429.4964173718554,2430.8651344564114
95,56,2430.8651344564114,2434.9074074532964
95,57,2434.9074074532964,2438.9554944617794
95,58,2438.9554944617794,2440.8001759383596
95,59,2440.8001759383596,2442.572199726665
95,60,2442.572199726665,2448.201968352156
95,61,2448.201968352156,2442.3659791949217
95,62,2442.3659791949217,2441.2051400047203
95,63,2441.2051400047203,2443.3263696274116
95,64,2443.3263696274116,2442.4831521078067
95,65,2442.4831521078067,2445.582597879324
95,66,2445.582597879324,2445.4842127285488
95,67,2445.4842127285488,2445.8135723793926
95,68,2445.8135723793926,2445.126885718778
95,69,2445.126885718778,2443.820608321758
95,70,2443.820608321758,2442.4528334138886
95,71,2442.4528334138886,2443.1307491559805
95,72,2443.1307491559805,2441.1943367414233
95,73,2441.1943367414233,2443.5773489501516
95,74,2443.5773489501516,2445.210413761659
95,75,2445.210413761659,2447.9589548640834
95,76,2447.9589548640834,2445.136643974101
95,77,2445.136643974101,2440.887952607135
95,78,2440.887952607135,2440.8774882180555
95,79,2440.8774882180555,2448.124489751954
95,80,2448.124489751954,2451.2900116971905
95,81,2451.2900116971905,2449.9038959259237
95,82,2449.9038959259237,2450.965176262002
95,83,2450.965176262002,2452.7841435306113
95,84,2452.7841435306113,2449.363172928779
95,85,2449.363172928779,2452.7872376013656
95,86,2452.7872376013656,2452.3686772843134
95,87,2452.3686772843134,2452.141975172794
95,88,2452.141975172794,2452.2014368213786
95,89,2452.2014368213786,2455.0627871696483
95,90,2455.0627871696483,2453.174831774145
95,91,2453.174831774145,2448.9074067621837
95,92,2448.9074067621837,2449.7147949944338
95,93,2449.7147949944338,2444.605649779001
95,94,2444.605649779001,2443.8528907911623
95,95,2443.8528907911623,2446.8200765158094
95,96,2446.8200765158094,2448.267811274581
95,97,2448.267811274581,2450.8737014388944
95,98,2450.8737014388944,2452.4245798519014
96,0,2408.100633696292,2409.0959628888127
96,1,2409.0959628888127,2408.000661710781
96,2,2408.000661710781,2410.392664885568
96,3,2410.392664885568,2410.238727695442
96,4,2410.238727695442,2414.535839894052
96,5,2414.535839894052,2413.2088000055473
96,6,2413.2088000055473,2416.7266163198396
96,7,2416.7266163198396,2418.2094651461994
96,8,2418.2094651461994,2418.128312473482
96,9,2418.128312473482,2419.4844183181317
96,10,2419.4844183181317,2420.137579286955
96,11,2420.137579286955,2421.0274659875845
96,12,2421.0274659875845,2420.5102883048485
96,13,2420.5102883048485,2418.756317035961
96,14,2418.756317035961,2417.9186392360543
96,15,2417.9186392360543,2413.710776791184
96,16,2413.710776791184,2415.8156476225154
96,17,2415.8156476225154,2412.7277376920765
96,18,2412.7277376920765,2412.1836200539874
96,19,2412.1836200539874,2413.80373265769
96,20,2413.80373265769,2415.90222445044
96,21,2415.90222445044,2411.4655946083467
96,22,2411.4655946083467,2411.235974420284
96,23,2411.235974420284,2412.385336168906
96,24,2412.385336168906,2412.515376442062
96,25,2412.515376442062,2415.875563836246
96,26,2415.875563836246,2413.8210465864595
96,27,2413.8210465864595,2408.698443760984
96,28,2408.698443760984,2410.7242588029053
96,29,2410.7242588029053,2409.381543503859
96,30,2409.381543503859,2404.985192009894
96,31,2404.985192009894,2404.588911033478
96,32,2404.588911033478,2407.665305973307
96,33,2407.665305973307,2404.507174428775
96,34,2404.507174428775,2410.3471643136436
96,35,2410.3471643136436,2408.252460327302
96,36,2408.252460327302,2408.4699874626162
96,37,2408.4699874626162,2405.422156417997
96,38,2405.422156417997,2405.526182289737
96,39,2405.526182289737,2405.19181273534
96,40,2405.19181273534,2401.4680779795126
96,41,2401.4680779795126,2408.53264540189
96,42,2408.53264540189,2407.294302479343
96,43,2407.294302479343,2406.058146086078
96,44,2406.058146086078,2408.480735784462
96,45,2408.480735784462,2413.016372992833
96,46,2413.016372992833,2415.832465162844
96,47,2415.832465162844,2412.8295148552775
96,48,2412.8295148552775,2413.364287379014
96,49,2413.364287379014,2408.660856173052
96,50,2408.660856173052,2410.9151188763576
96,51,2410.9151188763576,2406.8271485300315
96,52,2406.8271485300315,2404.8191452210085
96,53,2404.8191452210085,2404.8111414609302
96,54,2404.8111414609302,2405.923657863783
96,55,2405.923657863783,2405.2713213052944
96,56,2405.2713213052944,2409.0690304971267
96,57,2409.0690304971267,2410.8771294526073
96,58,2410.8771294526073,2412.4889413377678
96,59,2412.4889413377678,2409.415439082806
96,60,2409.415439082806,2413.6638588266696
96,61,2413.6638588266696,2411.6561959659734
96,62,2411.6561959659734,2416.0000520484414
96,63,2416.0000520484414,2421.0555396907553
96,64,2421.0555396907553,2422.3371810216645
96,65,2422.3371810216645,2424.917213765863
96,66,2424.917213765863,2417.209914358221
96,67,2417.209914358221,2416.722408319495
96,68,2416.722408319495,2419.477822419294
96,69,2419.477822419294,2421.7890980900793
96,70,2421.7890980900793,2418.7397897448295
96,71,2418.7397897448295,2418.00548464516
96,72,2418.00548464516,2411.664570882157
96,73,2411.664570882157,2412.697052982589
96,74,2412.697052982589,2407.988731979522
96,75,2407.988731979522,2410.814926586491
96,76,2410.814926586491,2413.7717387382845
96,77,2413.7717387382845,2412.5858217022683
96,78,2412.5858217022683,2413.8890115284034
96,79,2413.8890115284034,2413.3462647182523
96,80,2413.3462647182523,2413.9510357057893
96,81,2413.9510357057893,2411.0828871476815
96,82,2411.0828871476815,2412.639118705781
96,83,2412.639118705781,2408.53615563022
96,84,2408.53615563022,2403.9613302243965
96,85,2403.9613302243965,2403.656509432729
96,86,2403.656509432729,2403.1284012337005
96,87,2403.1284012337005,2403.80915556008
96,88,2403.80915556008,2402.1853868344892
96,89,2402.1853868344892,2406.8996159989533
96,90,2406.8996159989533,2407.301128472402
96,91,2407.301128472402,2407.8833329186928
96,92,2407.8833329186928,2408.3764176122104
96,93,2408.3764176122104,2410.883692284581
96,94,2410.883692284581,2412.323735820792
96,95,2412.323735820792,2413.428780570063
96,96,2413.428780570063,2415.2687408322267
96,97,2415.2687408322267,2410.707204239609
96,98,2410.707204239609,2406.2400851131447
97,0,2412.426561756654,2413.8760863667744
97,1,2413.8760863667744,2413.926128622233
97,2,2413.926128622233,2415.380790958369
97,3,2415.380790958369,2412.2668027844657
97,4,2412.2668027844657,2412.239941358444
97,5,2412.239941358444,2408.8872995135494
97,6,2408.8872995135494,2409.854444349478
97,7,2409.854444349478,2405.1587317435697
97,8,2405.1587317435697,2406.029506989922
97,9,2406.029506989922,2402.357008537679
97,10,2402.357008537679,2401.3981890546247
97,11,2401.3981890546247,2403.635508283248
97,12,2403.635508283248,2404.203958254744
97,13,2404.203958254744,2400.089807695433
97,14,2400.089807695433,2400.0
97,15,2400.0,2400.0
97,16,2400.0,2400.0
97,17,2400.0,2400.294157940335
97,18,2400.294157940335,2401.6949037992354
97,19,2401.6949037992354,2402.7964186010245
97,20,2402.7964186010245,2404.302985638224
97,21,2404.302985638224,2404.2732085110097
97,22,2404.2732085110097,2403.589732964135
97,23,2403.589732964135,2400.907059646479
97,24,2400.907059646479,2400.0
97,25,2400.0,2400.0
97,26,2400.0,2400.0
97,27,2400.0,2400.222317176095
97,28,2400.222317176095,2400.0
97,29,2400.0,2407.661820094737
97,30,2407.661820094737,2404.297331100974
97,31,2404.297331100974,2403.984584298895
97,32,2403.984584298895,2400.4252540208854
97,33,2400.4252540208854,2400.0
97,34,2400.0,2400.0
97,35,2400.0,2402.112200065583
97,36,2402.112200065583,2400.988033717538
97,37,2400.988033717538,2400.509734717398
97,38,2400.509734717398,2400.0
97,39,2400.0,2400.0
97,40,2400.0,2400.0
97,41,2400.0,2400.0
97,42,2400.0,2400.184564708516
97,43,2400.184564708516,2401.5819329265782
97,44,2401.5819329265782,2400.9954416523005
97,45,2400.9954416523005,2400.365000992347
97,46,2400.365000992347,2400.0
97,47,2400.0,2401.349336293141
97,48,2401.349336293141,2400.0
97,49,2400.0,2401.867808095574
97,50,2401.867808095574,2405.15890796521
97,51,2405.15890796521,2404.6891203984774
97,52,2404.6891203984774,2402.1308421965628
97,53,2402.1308421965628,2402.089095663847
97,54,2402.089095663847,2402.9608506588934
97,55,2402.9608506588934,2402.1720506557767
97,56,2402.1720506557767,2400.7619546323285
97,57,2400.7619546323285,2402.1707851590722
97,58,2402.1707851590722,2403.4147308458078
97,59,2403.4147308458078,2402.54900674499
97,60,2402.54900674499,2400.0
97,61,2400.0,2401.1409454634486
97,62,2401.1409454634486,2400.0
97,63,2400.0,2400.5358526884256
97,64,2400.5358526884256,2400.9137457676234
97,65,2400.9137457676234,2400.0
97,66,2400.0,2400.202704211029
97,67,2400.202704211029,2401.489035524465
97,68,2401.489035524465,2403.0819165627413
97,69,2403.0819165627413,2403.375330940482
97,70,2403.375330940482,2400.0
97,71,2400.0,2403.1927026554667
97,72,2403.1927026554667,2404.2202593243233
97,73,2404.2202593243233,2401.211961000897
97,74,2401.211961000897,2400.0
97,75,2400.0,2400.578060523236
97,76,2400.578060523236,2402.277521006482
97,77,2402.277521006482,2401.057613865613
97,78,2401.057613865613,2403.1214273840606
97,79,2403.1214273840606,2400.0
97,80,2400.0,2400.0
97,81,2400.0,2400.0
97,82,2400.0,2400.0
97,83,2400.0,2403.7701929613604
97,84,2403.7701929613604,2408.9146985478237
97,85,2408.9146985478237,2409.5011747184
97,86,2409.5011747184,2407.9051017002284
97,87,2407.9051017002284,2407.351001948101
97,88,2407.351001948101,2408.5343516751836
97,89,2408.5343516751836,2404.626899546086
97,90,2404.626899546086,2403.1956516061327
97,91,2403.1956516061327,2406.7828842922586
97,92,2406.7828842922586,2404.1686091189376
97,93,2404.1686091189376,2402.296046870784
97,94,2402.296046870784,2402.3290310107373
97,95,2402.3290310107373,2403.036886659499
97,96,2403.036886659499,2401.4743765440003
97,97,2401.4743765440003,2401.6667875021303
97,98,2401.6667875021303,2403.186636336479
98,0,2412.0662983191105,2411.9630550307593
98,1,2411.9630550307593,2415.781685895708
98,2,2415.781685895708,2414.4087712499627
98,3,2414.4087712499627,2411.0978886680573
98,4,2411.0978886680573,2411.7235111072046
98,5,2411.7235111072046,2414.413948669924
98,6,2414.413948669924,2415.316566507923
98,7,2415.316566507923,2415.074027364055
98,8,2415.074027364055,2411.453043931218
98,9,2411.453043931218,2411.307120818047
98,10,2411.307120818047,2414.390008133838
98,11,2414.390008133838,2411.3047154299898
98,12,2411.3047154299898,2410.6928474954816
98,13,2410.6928474954816,2409.7241356650857
98,14,2409.7241356650857,2407.9798742384914
98,15,2407.9798742384914,2408.599681749789
98,16,2408.599681749789,2409.707944852929
98,17,2409.707944852929,2410.7900121149123
98,18,2410.7900121149123,2408.3479877058744
98,19,2408.3479877058744,2404.23302847004
98,20,2404.23302847004,2404.888999561367
98,21,2404.888999561367,2403.6242019576607
98,22,2403.6242019576607,2408.2199829068777
98,23,2408.2199829068777,2412.931257146915
98,24,2412.931257146915,2417.907981632905
98,25,2417.907981632905,2415.5577043803182
98,26,2415.5577043803182,2416.9811270971736
98,27,2416.9811270971736,2419.1585083903024
98,28,2419.1585083903024,2421.0543939741633
98,29,2421.0543939741633,2420.168399113679
98,30,2420.168399113679,2423.3663113710923
98,31,2423.3663113710923,2423.3674988370085
98,32,2423.3674988370085,2423.687764149347
98,33,2423.687764149347,2419.8431805199043
98,34,2419.8431805199043,2421.455092943837
98,35,2421.455092943837,2420.8040636599058
98,36,2420.8040636599058,2421.966010815157
98,37,2421.966010815157,2422.5537950646685
98,38,2422.5537950646685,2423.006136506328
98,39,2423.006136506328,2422.891852575161
98,40,2422.891852575161,2424.858351911812
98,41,2424.858351911812,2424.3611205695993
98,42,2424.3611205695993,2420.723127020967
98,43,2420.723127020967,2422.1455160369014
98,44,2422.1455160369014,2420.1230022246223
98,45,2420.1230022246223,2416.812347617917
98,46,2416.812347617917,2414.256739282561
98,47,2414.256739282561,2414.965070230953
98,48,2414.965070230953,2414.723773223216
98,49,2414.723773223216,2409.392065649034
98,50,2409.392065649034,2408.4329257914023
98,51,2408.4329257914023,2411.3560038538394
98,52,2411.3560038538394,2410.227764676506
98,53,2410.227764676506,2409.814073292937
98,54,2409.814073292937,2412.4215518862547
98,55,2412.4215518862547,2414.410275031766
98,56,2414.410275031766,2416.9646527508953
98,57,2416.9646527508953,2410.033268725761
98,58,2410.033268725761,2414.367076321866
98,59,2414.367076321866,2415.958077410436
98,60,2415.958077410436,2422.1117684454966
98,61,2422.1117684454966,2420.155953368561
98,62,2420.155953368561,2415.7473268544386
98,63,2415.7473268544386,2415.7653729962517
98,64,2415.7653729962517,2415.0769421718587
98,65,2415.0769421718587,2416.7111021308956
98,66,2416.7111021308956,2419.3984229923617
98,67,2419.3984229923617,2419.180187630163
98,68,2419.180187630163,2418.578417515631
98,69,2418.578417515631,2419.8852170644213
98,70,2419.8852170644213,2419.24439540019
98,71,2419.24439540019,2418.394440147948
98,72,2418.394440147948,2420.987277494636
98,73,2420.987277494636,2424.136722136895
98,74,2424.136722136895,2426.846637746553
98,75,2426.846637746553,2426.426063464739
98,76,2426.426063464739,2421.076590995356
98,77,2421.076590995356,2420.706075779374
98,78,2420.706075779374,2418.811125747681
98,79,2418.811125747681,2418.4868132001548
98,80,2418.4868132001548,2416.8090859683607
98,81,2416.8090859683607,2416.7572363296968
98,82,2416.7572363296968,2414.1590472566177
98,83,2414.1590472566177,2410.9572536648216
98,84,2410.9572536648216,2414.013982371249
98,85,2414.013982371249,2411.58983833783
98,86,2411.58983833783,2411.5906674009707
98,87,2411.5906674009707,2413.9769545174777
98,88,2413.9769545174777,2416.2627148330516
98,89,2416.2627148330516,2418.24983534534
98,90,2418.24983534534,2419.007001631594
98,91,2419.007001631594,2420.817009902936
98,92,2420.817009902936,2424.249730234452
98,93,2424.249730234452,2425.31228671944
98,94,2425.31228671944,2420.7192808524046
98,95,2420.7192808524046,2419.3979478370293
98,96,2419.3979478370293,2421.1388730163344
98,97,2421.1388730163344,2419.5711331820607
98,98,2419.5711331820607,2423.621398530707
99,0,2452.9727933832783,2455.7846538805325
99,1,2455.7846538805325,2455.3275291372593
99,2,2455.3275291372593,2455.7682217265797
99,3,2455.7682217265797,2458.0160304365772
99,4,2458.0160304365772,2454.335353896993
99,5,2454.335353896993,2453.6221084910244
99,6,2453.6221084910244,2455.6949917294723
99,7,2455.6949917294723,2455.858992100329
99,8,2455.858992100329,2459.5273266305226
99,9,2459.5273266305226,2455.587518235055
99,10,2455.587518235055,2451.3625138151897
99,11,2451.3625138151897,2453.2867301067463
99,12,2453.2867301067463,2455.4512481440784
99,13,2455.4512481440784,2454.9681231269988
99,14,2454.9681231269988,2455.969109127113
99,15,2455.969109127113,2457.8321265711916
99,16,2457.8321265711916,2455.7974685565623
99,17,2455.7974685565623,2454.0303476189392
99,18,2454.0303476189392,2454.504663066936
99,19,2454.504663066936,2456.76488546667
99,20,2456.76488546667,2453.849993150775
99,21,2453.849993150775,2453.3551240709376
99,22,2453.3551240709376,2452.7445324916766
99,23,2452.7445324916766,2453.7894302542836
99,24,2453.7894302542836,2453.7676843292616
99,25,2453.7676843292616,2452.4029753697546
99,26,2452.4029753697546,2455.524389821648
99,27,2455.524389821648,2454.1762461175963
99,28,2454.1762461175963,2453.4460052100426
99,29,2453.4460052100426,2449.4672611202436
99,30,2449.4672611202436,2447.6831964281287
99,31,2447.6831964281287,2448.9733866189763
99,32,2448.9733866189763,2449.7748915098637
99,33,2449.7748915098637,2451.273683985028
99,34,2451.273683985028,2452.651139699892
99,35,2452.651139699892,2457.87042479063
99,36,2457.87042479063,2456.0007777220126
99,37,2456.0007777220126,2451.952218363426
99,38,2451.952218363426,2449.325835873247
99,39,2449.325835873247,2447.566706283668
99,40,2447.566706283668,2445.1308889421257
99,41,2445.1308889421257,2445.3650410612377
99,42,2445.3650410612377,2448.4966783251302
99,43,2448.4966783251302,2452.345826007555
99,44,2452.345826007555,2453.6065972621714
99,45,2453.6065972621714,2458.9597778008065
99,46,2458.9597778008065,2458.0688451593905
99,47,2458.0688451593905,2453.9875475543845
99,48,2453.9875475543845,2456.620492724105
99,49,2456.620492724105,2452.0240067447326
99,50,2452.0240067447326,2450.136499187983
99,51,2450.136499187983,2451.43677976904
99,52,2451.43677976904,2451.180826068918
99,53,2451.180826068918,2450.7034441617393
99,54,2450.7034441617393,2447.7514690796893
99,55,2447.7514690796893,2447.7244631061058
99,56,2447.7244631061058,2450.2336193279502
99,57,2450.2336193279502,2450.2835391192903
99,58,2450.2835391192903,2448.2079744201874
99,59,2448.2079744201874,2445.089128268694
99,60,2445.089128268694,2443.065141811305
99,61,2443.065141811305,2444.0459761923407
99,62,2444.0459761923407,2444.90498184824
99,63,2444.90498184824,2442.9037140967507
99,64,2442.9037140967507,2437.3768155417956
99,65,2437.3768155417956,2438.426847450976
99,66,2438.426847450976,2436.182578953538
99,67,2436.182578953538,2437.905235151076
99,68,2437.905235151076,2436.0149610457565
99,69,2436.0149610457565,2433.545209911582
99,70,2433.545209911582,2433.928139679731
99,71,2433.928139679731,2439.822387754797
99,72,2439.822387754797,2441.6949627325885
99,73,2441.6949627325885,2442.0355109806032
99,74,2442.0355109806032,2442.9326398215558
99,75,2442.9326398215558,2438.554850167842
99,76,2438.554850167842,2435.7489992409605
99,77,2435.7489992409605,2429.4716770783425
99,78,2429.4716770783425,2433.796361814784
99,79,2433.796361814784,2437.6148268876736
99,80,2437.6148268876736,2438.596873203211
99,81,2438.596873203211,2438.9346609609215
99,82,2438.9346609609215,2435.0556859546778
99,83,2435.0556859546778,2434.507436054051
99,84,2434.507436054051,2438.988415750061
99,85,2438.988415750061,2439.3169557455503
99,86,2439.3169557455503,2437.9053395800206
99,87,2437.9053395800206,2433.5101629300116
99,88,2433.5101629300116,2436.9609272493385
99,89,2436.9609272493385,2436.7857177467695
99,90,2436.7857177467695,2432.3938831133623
99,91,2432.3938831133623,2430.0832189081834
99,92,2430.0832189081834,2426.889373864788
99,93,2426.889373864788,2426.560015050508
99,94,2426.560015050508,2427.07836247454
99,95,2427.07836247454,2425.8203198138435
99,96,2425.8203198138435,2427.7629363050605
99,97,2427.7629363050605,2427.9599419062415
99,98,2427.9599419062415,2430.615722869422
