frequency_mhz,power_db,bandwidth_mhz,pulse_width_ms,pulse_interval_ms,frequency_variation_mhz,duration_sec,spectral_entropy,class
2486.6275773415973,-51.90424913939294,8.969287022623405,0.0,0.0,2.0632120594573236,15.2787114815858,0.22336590181487462,STABLE
2448.542721921698,-55.2197125011305,72.59935733290094,0.0,0.0,9.050037594521873,4.121548601757341,0.8670703059672372,WIDEBAND
2470.127080710936,-51.77539687463598,11.944391903887627,0.0,0.0,1.3486034427452867,16.21852403222263,0.20245889736163925,STABLE
2434.9303725871973,-51.44544639817338,85.06517991516128,0.0,0.0,10.74418342090302,2.602357606594791,0.7679229482271104,WIDEBAND
2411.689683853529,-45.87014672668182,18.246517737786576,0.47119793756703476,5.279221197482293,27.168498438381597,11.182516957341777,0.6110602213517288,AGILE
2492.779543017228,-53.813259508348885,10.178434993421586,0.0,0.0,2.562148905814153,5.602269493205997,0.20383268999157253,STABLE
2476.0275468200666,-43.37574047023508,19.681981328144367,0.9062212989753706,6.313343301566655,4.112829724051701,8.368607240968219,0.43845666375167724,PULSED
2445.1046500185257,-45.89924405716451,6.406178021406619,0.0,0.0,1.7415765940154169,13.315985350696455,0.21229091619179263,STABLE
2422.079792120893,-57.17956388541283,7.490783660467939,0.0,0.0,0.2941394817815619,13.49630976214467,0.1983494992885858,STABLE
2450.6374069486565,-54.81060599626051,7.3032312978753575,0.0,0.0,2.481832917313754,9.327389047129216,0.268789936439941,STABLE
2494.6947456134467,-49.83825605665807,52.42220320288914,0.0,0.0,8.276632900065767,3.7117567241289597,0.7389391582029216,WIDEBAND
2415.4876656438432,-42.03468437022449,98.6037731709726,0.0,0.0,7.020924747670724,6.3817998400890055,0.98,WIDEBAND
2436.83839375588,-43.69741974416791,10.529223467251665,0.7713135734999774,5.233287052328682,1.7107995244263656,13.618764165550868,0.33725044899531664,PULSED
2434.014086964374,-31.80843212789538,27.9534489719802,0.5649722747413217,5.683242904090513,5.7419050345029685,14.422764892850836,0.4216481644644913,PULSED
2402.421050951704,-57.63190683579534,66.2692957224888,0.0,0.0,1.9452496211552788,2.339611044364535,0.8322722347024328,WIDEBAND
2490.2049331146077,-39.024655820399005,84.21890438387267,0.0,0.0,16.38194812173331,8.532889410609119,0.7469348356252502,WIDEBAND
2476.835250585048,-55.1241514817108,20.462957758224363,0.7172833995488895,4.800082030820459,6.096528752781619,8.112924084710993,0.5580947462767201,PULSED
2493.0711181205647,-54.34778708311954,11.452264749339019,0.0,0.0,0.03245213157519533,5.303916923062087,0.16743740010561112,STABLE
2496.4282648704107,-49.37486246950145,7.330135925452786,0.0,0.0,2.190473962888727,17.532695561464916,0.2606229608505948,STABLE
2497.0201572569845,-52.38724998425549,6.439133090711097,0.0,0.0,1.9078565662208944,6.172342098280824,0.07497040715817604,STABLE
2439.667259892508,-37.274345904716654,17.098138737358468,0.5588381442833527,2.9747473377879374,3.655781137103257,5.076239425433203,0.34200305167961775,PULSED
2477.635734076783,-28.374172976075478,8.996284632875678,0.48910485186503433,5.260129756031372,7.538845812029206,16.614576073008166,0.5061713481843325,PULSED
2410.7184351365177,-58.81736098998871,47.4060307416764,0.0,0.0,8.34110035986419,11.653475836613591,0.7400101746110288,WIDEBAND
2432.5134662689698,-46.444606998303215,16.433761073391015,0.9191365773096666,4.220410939510237,1.3663627667449876,6.543853200353039,0.4139238991981254,PULSED
2482.3218418914043,-32.5634551662885,10.962196608735706,0.5149706601716479,3.111548780604825,41.042143051102066,9.463898935226105,0.5020189114641505,AGILE
2409.983105717679,-63.268055661087196,4.378762640039211,0.0,0.0,0.299827022361286,6.829534463144343,0.32949734076289783,STABLE
2408.5478458682132,-49.83727121764946,62.42332995455191,0.0,0.0,3.5133224284046944,3.788950189231114,0.8121704939048647,WIDEBAND
2437.7510581863326,-55.46368599246024,72.22705343605328,0.0,0.0,12.140625528305815,9.419068287671422,0.8953475224212547,WIDEBAND
2460.780626518514,-45.881456210069516,16.416275624629606,0.7722642042434527,2.5157059223955662,22.13922697336183,4.212059651011003,0.6308884976037568,AGILE
2462.5505215415105,-50.972345233937915,19.790012170970634,0.8365723865271294,4.91289566323134,3.86284506188263,11.13394524866327,0.4205840303002938,PULSED
2479.576913962688,-35.985235201467546,21.39842176236047,0.5827066676383524,2.4403477763927657,22.008680537166313,12.55087377692842,0.6004783762485492,AGILE
2416.7691214469455,-43.69648896349306,7.840334049781482,0.7966941060378605,5.373715248560077,3.4339256382580325,8.017495112572684,0.46789793266609636,PULSED
2417.817132596784,-46.410421377784076,78.1952235949848,0.0,0.0,9.018194019256105,9.055560799091019,0.8243358090007836,WIDEBAND
2409.4129382152732,-47.35644636287999,25.525678658429257,0.6459022910975862,3.7127642037186863,32.24652308226694,4.169794068160339,0.5920547071198036,AGILE
2474.8893270723984,-34.33232109131958,14.650914918036325,0.785839822014538,4.829747721393859,29.930483730010835,11.840604378030648,0.4671359075097985,AGILE
2487.671079726462,-53.64664096293892,9.8952992196966,0.0,0.0,0.6111160792659533,19.29498699151972,0.18440056852675707,STABLE
2499.139804888562,-42.64140460396156,7.62250259627125,0.0,0.0,3.1925038640500034,13.310292531060657,0.1455522141192236,STABLE
2443.693813019518,-60.05533308784797,24.259526059179795,0.8195145535656051,5.2477137475839415,1.5018924955991788,14.070095295660225,0.5349841600907987,PULSED
2488.7166079512876,-35.64247798416172,27.125071244920917,0.9530654681617889,2.0277975054142225,15.696011410332597,14.040430842695661,0.5580286541007377,AGILE
2451.8142827150486,-46.46282620972922,46.70994804060334,0.0,0.0,11.88819833023371,10.822170863049728,0.800801419852276,WIDEBAND
2407.593457524976,-50.26340076047663,19.344272539423503,0.8642430662952338,4.660620531609695,29.072963089062075,6.146073037803289,0.5164359734849483,AGILE
2477.3300008009396,-38.951694617480385,21.033665887058632,0.2,5.654290645314148,1.9930411809918325,9.018379036055865,0.4349221271701149,PULSED
2467.5689508624205,-49.26392807356408,100.0,0.0,0.0,8.607377836356974,7.215060826982759,0.7782350923809513,WIDEBAND
2444.4835759281864,-67.24515310388512,8.63658240530623,0.0,0.0,0.8527205862440734,12.076785802445398,0.28243657017682455,STABLE
2485.030495997659,-39.04110382757912,68.12838922782082,0.0,0.0,9.537184946453007,3.9035537820796056,0.8618445317539123,WIDEBAND
2476.357115145556,-44.48290960355293,36.01218790290403,0.0,0.0,4.039140042336782,6.7401982445293775,0.757623334228685,WIDEBAND
2425.1120556155547,-41.470372990837745,17.62057495497139,0.9758951115144401,4.675709509521949,2.612098473171753,11.962581470527171,0.4339865304748637,PULSED
2458.5961374096055,-55.922110626172106,10.908100362914917,0.0,0.0,1.134823084620222,17.90854878941564,0.21133797278721864,STABLE
2434.192693854566,-63.96643371891584,9.398393463389775,0.0,0.0,3.142147985556713,9.445430855167473,0.22976049027588963,STABLE
2490.404246449012,-43.40329979297571,42.254160642644464,0.0,0.0,11.963087363637165,3.1734527197305455,0.7603386553139673,WIDEBAND
2415.992759186843,-45.49197345410045,11.002971408587895,0.8963289878683729,4.98797972586044,7.8286508172075635,10.335117580323402,0.5434402708261273,PULSED
2402.001868832907,-56.18501178547283,71.94669131396861,0.0,0.0,8.998489611941505,10.662250572224071,0.8164801588151731,WIDEBAND
2417.860417569712,-50.92885629159983,7.2584436610758765,0.0,0.0,1.6884558965119152,8.041856789137382,0.21629160738846462,STABLE
2477.822386558688,-43.87206653750587,15.760826689525224,0.7105488024708722,3.0064737166722404,3.9511275302673567,6.710214626116775,0.45459406198237484,PULSED
2403.509076592281,-51.24872841652321,7.441558161576633,0.0,0.0,0.7279898201763917,18.534548073770413,0.26355159017899316,STABLE
2441.666941096255,-42.73106050914012,6.747839072855215,0.0,0.0,1.3090530215492175,6.158990453804805,0.27015074037314946,STABLE
2488.363085311557,-45.036528565048364,18.881274305520385,0.41681391316132305,3.20398911488334,20.500333493678497,7.055380984634179,0.615575495681809,AGILE
2470.5516260937734,-50.72118191720528,12.250126836522803,0.6949612718123703,5.518969886562099,4.241420708355925,7.463472304765252,0.27316375890240663,PULSED
2426.8570106143043,-33.239069468054794,85.80635500935483,0.0,0.0,6.752047137354555,4.739889467315695,0.7533561765839799,WIDEBAND
2496.711449161901,-53.917958148014044,63.921577480325155,0.0,0.0,10.059085250348218,7.544092857895081,0.855571065309583,WIDEBAND
2422.700548717731,-41.99342083333783,68.84785880986396,0.0,0.0,3.3916033565228787,4.641245366356209,0.9334941358325674,WIDEBAND
2413.0046440084866,-59.31451287333077,9.22026100759422,0.0,0.0,1.4652394923928593,18.37832302762725,0.2714285154657323,STABLE
2476.916405583132,-47.38789930233811,10.374123165189944,0.4506937081382408,3.924524756090934,29.17126979930827,9.339304231490395,0.6407674615028229,AGILE
2426.077205371573,-38.56235425220303,42.51971486827936,0.0,0.0,12.080381272181521,10.937523257545704,0.8015790947222469,WIDEBAND
2402.302250157234,-43.33460712818437,17.852921784853805,0.5308077247225931,4.116632294523941,32.366371820746195,7.803273978875952,0.6577095563366422,AGILE
2408.8811882014006,-39.431575192568246,23.108755438258555,0.2,7.080227646130533,5.272800870855858,5.663432062489042,0.3874139175380573,PULSED
2443.3055823419486,-37.37143087324005,66.1632071569257,0.0,0.0,16.87331373907939,7.565215457140424,0.9510589209419921,WIDEBAND
2434.801301467107,-63.337140113308756,10.916341614958219,0.0,0.0,1.5561084146929018,5.583662311613224,0.15113337153373174,STABLE
2436.586861408699,-48.407184876660814,16.555156485416475,0.9425542110110885,4.761444322945772,6.233421101290779,16.734643764362033,0.3590908994827611,PULSED
2472.235935059645,-52.07816511528651,7.061195319594552,0.0,0.0,1.50999529498215,7.284681540697527,0.27679187056179666,STABLE
2469.8096708349412,-42.87365147137966,20.7067791979299,0.8509998652776786,6.011340589407636,0.7455843868991443,16.934250547685902,0.3392922804923531,PULSED
2403.671131095108,-41.14428421919336,73.3243378975882,0.0,0.0,7.975662429563484,6.929449916388078,0.8210982395036008,WIDEBAND
2495.4501244301314,-46.40906928541583,79.79545237579644,0.0,0.0,9.83081583219262,9.931172187323229,0.8375598094884836,WIDEBAND
2419.990820247511,-54.59452558306665,8.578238797379969,0.0,0.0,2.0050305806708324,15.577480679395027,0.23081972701856193,STABLE
2414.775344507211,-40.43516773397434,8.204845621437823,0.0,0.0,2.6694726875148795,16.78166033501256,0.2474748369018168,STABLE
2495.9453074386706,-48.15159546526179,82.7453852715517,0.0,0.0,6.71010859170275,9.73781739842174,0.7366868393966614,WIDEBAND
2474.333468994426,-47.46101994739877,37.98668184452711,0.0,0.0,12.807390408315095,3.216671110749025,0.7321213076269839,WIDEBAND
2440.423023293286,-53.18049227495079,21.6450862643127,0.7964298469007667,2.806508937539344,4.218998251121894,5.207260829147737,0.505468960772453,PULSED
2407.186216584096,-46.12322713688684,7.61985665419851,0.0,0.0,0.14380904614023504,5.164020816659956,0.2987041425997901,STABLE
2463.53007444227,-57.37944305891337,20.47346566772628,1.121865565962118,5.691768967797053,2.64789439439153,4.7660789730588355,0.4739881875339263,PULSED
2406.7640870595537,-50.37102784024253,24.638719838553484,0.6023261243463497,4.8865564283747736,23.993136873223776,14.732773341464112,0.6609235800040778,AGILE
2453.33585875147,-48.37302984876659,8.857930782254398,0.0,0.0,1.2257242776721307,5.504149537793764,0.26922697083076225,STABLE
2492.429841301447,-46.339237200393114,15.848410187638903,0.4497370639856978,4.217477153848271,3.2361265698323645,16.70145620773714,0.494715782977986,PULSED
2427.5762075495068,-55.08600402707147,9.947992675518973,0.0,0.0,1.130451848586376,8.241680826232567,0.3686185220867908,STABLE
2436.7120410635293,-51.266679986899675,83.13570452908733,0.0,0.0,4.334594547519133,7.638054327272889,0.7697759411350321,WIDEBAND
2423.786403643862,-49.8016155978544,8.500646586380926,0.0,0.0,1.9042140127462166,8.66804863627709,0.3570968873728083,STABLE
2499.024334740695,-53.07205713143833,47.85954432478443,0.0,0.0,5.407393418823025,10.445732493547894,0.7966405209659344,WIDEBAND
2409.9377311435705,-34.33833558635467,10.954567047332542,0.9213415443863862,7.077589293105544,5.371043852945645,17.22840955993963,0.3474735592867676,PULSED
2414.5100749548355,-39.16078415576408,17.478513485232867,0.929702515030599,1.0,22.634195568100534,10.361406044198251,0.465484035272018,AGILE
2496.568181075694,-40.50115524932312,23.603894513771195,0.8954995129813845,3.317001482342678,19.71137974544457,11.493476080533178,0.34809979040771644,AGILE
2467.4471435205164,-50.71668533535905,18.774015449873296,0.6822224976383253,6.043159455162621,0.12809046477466524,12.80841036194716,0.3796722221188765,PULSED
2435.3343855939925,-42.15382942106168,10.28109023466909,0.36720401227548677,4.946980433160904,27.830664193007202,11.718618688432434,0.6132612556501829,AGILE
2479.792981170102,-46.288165575424586,95.76176993737366,0.0,0.0,9.895196678069851,11.73171695676596,0.8018346262048879,WIDEBAND
2420.872688343696,-58.89473872982955,6.582081957908317,0.0,0.0,0.47348175791707203,15.945229903914706,0.23829973734073484,STABLE
2408.091598247595,-59.616582187532465,11.449351726382188,0.5468344376551499,6.120860352934603,5.6100149673125514,6.179119384764864,0.4061192165105942,PULSED
2497.9662451655563,-39.681701188873,13.620800229884543,0.6783944067001929,5.001256623299044,4.242448367378713,15.994230081427627,0.4315355307609587,PULSED
2442.002973918315,-44.753945944266434,19.04859457133662,0.6116231701429364,3.262198974436812,1.746403284480118,5.8375741822097895,0.4266406190858658,PULSED
2400.2650664491616,-53.976111310690015,71.69117152333095,0.0,0.0,8.242673923171008,5.141512036080663,0.90723123173297,WIDEBAND
2442.8378815992537,-50.541956271582,8.856857948312975,0.3696593634130785,4.356244227057518,2.73262403172268,16.570055534951425,0.2682252959651319,PULSED
2415.3284316624495,-57.29912392681592,10.922888584484404,0.0,0.0,0.6143634543652096,9.654855093501421,0.2885996076813427,STABLE
2492.3312562310257,-53.01074982919784,9.500296526464668,0.0,0.0,2.1975803997752057,19.33790801283388,0.15298243599010325,STABLE
2474.811461636938,-46.68153840103004,16.72728106082665,0.5477833085318474,4.436823881975334,25.77614214098284,6.614682369277303,0.43748134577848585,AGILE
2449.076337453488,-31.3531860741289,18.568044314115514,0.7321919089274087,4.9420867641133395,24.839274950659043,8.24325726816917,0.4701223781436979,AGILE
2434.2713642754957,-53.62310970721836,9.471166184856747,0.0,0.0,1.7995091613650105,5.603806099098857,0.16574385411455506,STABLE
2431.69679658833,-42.6640911487298,15.080218400593388,0.8631870619696581,3.1327487021356033,23.236350253751205,12.946850122707593,0.6537609811421666,AGILE
2421.5131218078272,-57.643047165087964,10.645008663046244,0.0,0.0,2.0295580715444133,14.392389287607038,0.2223384231651497,STABLE
2497.1826426060966,-55.030731200320425,7.673114202950975,0.0,0.0,1.7700596390391468,8.444840449982829,0.2554350944141047,STABLE
2442.3495394679653,-58.576533397937,8.017011253446308,0.0,0.0,2.135945802332502,14.790301023038829,0.21063670380154195,STABLE
2420.3239731867257,-49.57616523131874,64.5066417037651,0.0,0.0,7.854165068191345,2.152147174269551,0.732436691404977,WIDEBAND
2499.1286575485865,-45.71997981569223,68.63641631056842,0.0,0.0,3.1924964883035987,8.256967612153247,0.8278032756597405,WIDEBAND
2408.70560570302,-53.790864683183344,67.07544737043153,0.0,0.0,10.826169171371799,7.062107016733953,0.7540248120623467,WIDEBAND
2448.7266296656635,-45.55938220874551,26.53981596705369,0.9337420764851045,4.381612125754588,4.657802338569463,8.432506013063104,0.44315068488684234,PULSED
2472.639177269087,-43.908634256710684,53.491897048575034,0.0,0.0,1.2962723415537711,6.165200986968786,0.7747735437522031,WIDEBAND
2403.5375396724207,-46.81579482351744,18.062763615551425,0.6064667645376539,4.755538663276451,5.7761018716265395,14.073483545464219,0.45000712247709107,PULSED
2422.708778129277,-39.68664604134453,15.100470863440364,1.0129199683072627,5.073171850920398,7.041907466782127,17.69836762669906,0.3319058581350506,PULSED
2425.997073188089,-50.037688183351406,70.863446478023,0.0,0.0,15.325016799114916,5.821036547354239,0.7584442220257053,WIDEBAND
2418.034209837494,-54.55133926518693,8.902174567407645,0.0,0.0,1.29086303426157,16.97011782326879,0.35065416699252466,STABLE
2435.179826164179,-52.160649497264984,15.575009608545656,0.5417551935753673,3.524066614090132,5.3341337010499,14.7980297733248,0.4541893058552109,PULSED
2430.965203002718,-53.29935138553218,5.9317777209405795,0.0,0.0,1.2560622632486702,14.255343652408412,0.2861137389163865,STABLE
2438.559725603737,-47.422183808235324,63.844375051678824,0.0,0.0,6.448908338335887,7.109073546698561,0.8890576991281132,WIDEBAND
2484.2119609650435,-47.463916787549394,15.725213760880292,1.0768259147759784,6.408423260894715,2.304196388450393,16.4433864030514,0.4098475603278853,PULSED
2497.656501276083,-43.16690275658036,26.687278945285325,0.3583707771617491,7.434305867269825,17.453598105370762,5.679684776417879,0.7188304825323472,AGILE
2406.373548757488,-31.318563616269866,27.48947116196306,0.6871907679373641,4.190961178162419,0.7192759188804403,12.881930854491173,0.46296102015904955,PULSED
2420.83201461299,-36.685645440229514,17.437809360548222,0.3604570629643571,2.727724323948639,30.195846399519457,13.54744761811099,0.4872795585789891,AGILE
2466.055008307296,-55.68726501125487,65.64886229038908,0.0,0.0,8.728608171627542,9.65489933453338,0.8240139457107329,WIDEBAND
2409.307806889904,-38.37683154469374,29.75401647058286,0.5470917141568299,2.7951253734327755,13.242061318778282,10.415481533600744,0.6162107996516134,AGILE
2410.391616486886,-38.882432220697964,25.706483247070143,0.41519637978523827,3.2943467080700066,3.356878866737574,12.79915207629883,0.43414340655202677,PULSED
2466.5592073703124,-36.26062064125441,54.10265490949032,0.0,0.0,6.313806739852197,5.53713027632807,0.8380017315792834,WIDEBAND
2489.628510077615,-50.4028961988983,7.521002728826507,0.0,0.0,1.1973718261086348,8.376147886618863,0.3345069306547813,STABLE
2438.1530170540645,-51.03869223094942,28.54992707041681,0.41832609611950833,3.2881843053514306,5.130256081017663,15.838839156474702,0.46516406767313323,PULSED
2424.4332613904608,-46.47010762219802,23.509783582792338,0.6341006658612455,3.17536095136378,18.72490811331901,6.453270958250808,0.5278347594437945,AGILE
2449.3634338457287,-48.50628858053698,70.81932759923248,0.0,0.0,5.852726848629716,2.384762572961339,0.7797588849631788,WIDEBAND
2409.3938215171784,-39.837066092775764,17.78568208778733,0.17346005865645758,1.0,41.60944951808598,7.961265537834489,0.49159268609137385,AGILE
2460.2633343312086,-35.03038032866495,25.58467246594798,0.4352323025221242,1.02613144619826,16.429951846442165,4.2519223222916045,0.7041670846809194,AGILE
2401.667206828834,-48.56432881078234,20.458740961008345,1.2956492588715773,2.6664912513157266,8.548370060636802,13.354717028304819,0.4778246945738064,PULSED
2470.199324509225,-43.276441584294,22.28799389074716,0.7016422797755034,4.205068643115338,14.628163692236216,5.5793419526490755,0.46552738176765834,AGILE
2426.7036705437986,-58.62873037126707,63.58875470642859,0.0,0.0,12.382448148506816,3.7162482236878827,0.6812839960327293,WIDEBAND
2404.7161805260794,-43.52841759640476,56.50172488659338,0.0,0.0,7.560252094326836,8.49958090222649,0.7142916547824916,WIDEBAND
2485.91784786969,-50.69590925434794,5.61931302366326,0.0,0.0,1.8924855219647105,8.047243627510955,0.29354247899912334,STABLE
2438.0673764633816,-37.27419330333955,13.979862394359545,1.0724162030592341,5.12198149870557,8.652384272628556,9.460050675984451,0.4422465144296588,PULSED
2400.315812429953,-44.97699643596793,26.8231003634358,0.49365514210203365,5.7079353742694945,16.80703545929063,12.425000683030117,0.5238087902079495,AGILE
2432.6099889588713,-46.32636091690262,16.697768581147322,0.8452175566039134,6.052946986584369,4.794589131190044,16.785508520776148,0.4360634362378952,PULSED
2416.6101212737103,-45.07604622688737,11.525165107627839,1.1866084740390128,5.091568173018856,3.4216712031787755,13.242461400475811,0.40314307768086516,PULSED
2439.5912679040703,-56.974322032289294,7.488353731514835,0.0,0.0,2.1833918884614665,14.906917179656855,0.2641173825501922,STABLE
2453.943775866439,-60.324782948452956,5.680321428466069,0.0,0.0,1.1464719863362478,11.064146844956735,0.2113475049768131,STABLE
2424.129345168953,-49.527085624139325,6.556010920526576,0.0,0.0,1.6794315195335396,14.156109791502098,0.21133265410703703,STABLE
2481.7392294841006,-44.80526107744442,8.637795535285779,0.5439858713737906,4.720410022368559,27.735689216488367,6.333874537376927,0.6993989014356679,AGILE
2436.4384405897044,-48.876356076853135,10.989520019786175,0.6124061729183803,6.7981043307803874,3.5868014788650067,11.487226784525625,0.2516994785679333,PULSED
2422.4354230381095,-35.29877137561159,24.132310481674445,0.46616029918226637,4.61366529869506,35.0637875097436,8.565013142951962,0.49354411635680046,AGILE
2443.809496782043,-60.85762523552107,61.66277070614439,0.0,0.0,12.597261092224773,11.12652577932754,0.7514420939218356,WIDEBAND
2492.0734151882143,-38.873338301204974,10.232213691100881,0.8144754774567348,4.677858362925054,3.825558629005615,4.1821142490632015,0.39716414555139873,PULSED
2467.9878407252945,-33.47175612995272,28.394163931139712,0.4073202967465118,4.986070787397157,25.60162451960335,7.430697332900182,0.41127083756055494,AGILE
2418.5375272802485,-46.85127342479644,9.01615821039813,0.0,0.0,1.6562104251838181,18.614073370857234,0.22697194445753527,STABLE
2491.245648963665,-43.7458553475668,28.317859671090773,0.9912783368910227,4.768838040212003,18.797938721940028,9.501574405145275,0.4053261287006663,AGILE
2483.666055846778,-50.656330730306244,55.818505401758344,0.0,0.0,5.46595071163291,4.254478347711352,0.7344377929812228,WIDEBAND
2429.191954097718,-49.16347595125969,79.9856517126016,0.0,0.0,4.767224850660961,8.702765034711515,0.7612487023032743,WIDEBAND
2471.512402345702,-46.666082060159155,12.60211639831374,1.047690433641964,7.517012736853481,0.47636607812760445,9.621281157523867,0.5511823877640029,PULSED
2491.374005664779,-47.86190176617253,67.53094681837354,0.0,0.0,2.425698946819794,9.301336396102805,0.7702406860981331,WIDEBAND
2486.991727178954,-45.73460541990149,13.550174278347757,0.6910862704983984,3.674539616899218,31.324484485194713,7.888114002312531,0.5710853882139779,AGILE
2480.1156574819147,-47.297535620789134,5.681571911793759,0.75837836847123,5.662940796191749,34.5214243695321,6.937130888111197,0.5345933141772686,AGILE
2496.471348164949,-56.8291236461813,70.7042468838628,0.0,0.0,8.315554234691588,6.384378731826416,0.8006717632827854,WIDEBAND
2412.5294982534097,-44.72260660783699,46.43972753741696,0.0,0.0,15.836668646567858,11.124332954520726,0.8014857036144044,WIDEBAND
2471.7743873541785,-37.38022267755857,27.36000185982045,1.1864778956885642,5.059941975756301,21.323952148150223,11.29122041319284,0.732920229786523,AGILE
2401.261757048147,-43.43163482747202,20.5484586389689,0.5369991811338671,4.332969593231506,21.099114353464806,14.766241444281702,0.5247986256702649,AGILE
2477.8750903965793,-50.57490658919748,6.1327646399802465,0.0,0.0,1.335649953705896,6.445864432302489,0.22965801544596626,STABLE
2482.2423005548985,-41.961109905544184,52.52324822213271,0.0,0.0,4.637985864160385,6.231642112903254,0.8937046751979523,WIDEBAND
2413.294310327404,-42.69477587638196,13.840565251680921,0.8011262663773377,5.370216037535949,0.6260675227829204,11.757249438702264,0.42575550517074495,PULSED
2466.798556409701,-44.76542429458307,14.472213103220621,0.3725446436901112,3.9990910753377125,25.16556787397089,5.870334503895089,0.7793505323325864,AGILE
2456.744811354932,-56.523776068286686,7.244386934483456,0.0,0.0,2.233049152859653,19.531284820423984,0.301720003024728,STABLE
2458.4021950826186,-47.64836624166732,16.87634122893339,0.8406015127106817,4.8488474809436015,1.938968995224791,9.274758598154293,0.5295258536004717,PULSED
2401.9216804556613,-40.01627880059617,20.034139274145875,0.90081284264972,4.742786735843446,3.2523947623740495,17.187488840239553,0.507958036013217,PULSED
2470.8944519021616,-47.98437934557897,5.660647997951163,0.0,0.0,2.1038895139792344,8.520083981923912,0.23031284972800348,STABLE
2422.210276295738,-60.50795887374501,52.60813634630058,0.0,0.0,8.325177490294163,9.4029039885441,0.8452800862682828,WIDEBAND
2432.8779911305737,-48.0394429201387,10.092104502095799,0.0,0.0,1.124107800624342,5.674463637482412,0.2949859332194874,STABLE
2459.186690239143,-33.890495944164115,25.334524591257917,0.1,5.073243452974698,29.753184371247478,9.479991792621492,0.46646960530368353,AGILE
2484.826535984998,-51.71562310469322,15.69445211210144,0.9550043035233946,7.058308523195086,0.5493070514819536,17.7992667104428,0.38668429930174664,PULSED
2452.545086925814,-40.971596652518826,14.049050857800172,0.7637227894944703,5.327602819967605,20.770810330767237,5.536315232731788,0.5390260402515967,AGILE
2410.279769614475,-59.69907917029101,5.726154837179131,0.0,0.0,0.22481843403998503,5.638277264701648,0.2151043639431037,STABLE
2475.294002372694,-49.44076754671518,24.537547694300315,0.8462462567777664,5.755036453100412,21.942570268923728,14.262761777131878,0.5851681416470785,AGILE
2497.02309937986,-54.07471421366665,70.80862890017059,0.0,0.0,13.13436405786075,10.083719145370235,0.9251870016232336,WIDEBAND
2421.2448682300305,-45.676422761167146,29.83968135694728,0.9617157669202159,4.7561402598769735,9.590945308403796,13.565318891039528,0.49853052426044536,AGILE
2497.0432917090325,-44.178439742325814,8.11406978025205,1.1192702655466593,5.493227201051097,1.5933613412590453,15.292675699312415,0.46849793674356166,PULSED
2491.4666400170836,-50.96313675695757,62.808512406642016,0.0,0.0,5.335976672342972,7.946401803677884,0.6791117573121628,WIDEBAND
2495.21925363959,-46.415680626129415,18.776828730577964,0.943431614162823,4.111080075482549,4.3874189322703145,13.21755323041098,0.3256736943183503,PULSED
2494.8440562087617,-55.413961251510514,68.62085191996673,0.0,0.0,1.0,8.415030138798876,0.8052318714395891,WIDEBAND
2432.006409442988,-42.81650342000025,36.38263134790059,0.0,0.0,3.491106514600024,9.912596731223783,0.7969129873570583,WIDEBAND
2475.880867066863,-40.714843496369426,70.83058862241201,0.0,0.0,6.350636161127351,9.581548837985808,0.7942655958536814,WIDEBAND
2422.9651370713736,-33.27544703366661,20.044022454986738,1.1585436702065124,5.119247850239361,17.795587523010454,6.0479446360165365,0.5347497973784933,AGILE
2453.8393490086623,-62.92253888106646,3.5261490025479576,0.0,0.0,1.304713025182319,7.423679365572829,0.21092223241839134,STABLE
2411.812622661452,-52.196065085275556,21.60830979904745,1.0709326951518436,3.851128728710729,4.048154812967823,12.632086729795885,0.43550241389556166,PULSED
2464.6841968055433,-37.07001885720348,19.941135069167395,0.6578131387764727,3.6380414759750925,33.02489387470119,11.941404718204325,0.5552259499349259,AGILE
2450.1968119784547,-47.10358899664944,64.36448104783402,0.0,0.0,13.544297715531865,6.6379133953459695,0.7776886875476302,WIDEBAND
2407.411274175806,-45.90881135296456,54.7677785709149,0.0,0.0,10.862450441040272,10.466505764833101,0.7690131165626845,WIDEBAND
2423.319350729579,-29.827398664064873,19.561866434600375,0.9136033264796402,4.753872793760008,4.931569847436047,13.729277629313101,0.38272635465118165,PULSED
2423.1112944226857,-57.641352984251746,19.49204800815478,0.5527571759048864,3.56823675714769,3.773060091219852,15.97097902355593,0.49797270993762865,PULSED
2422.1161419207306,-40.46497427759446,21.43433480667428,0.9515575514710864,3.343708828026604,2.247762336601723,16.50726142237253,0.391930876600542,PULSED
2492.062600326511,-47.64162140701694,35.0,0.0,0.0,10.7153198334162,8.802418233218624,0.8348578249235402,WIDEBAND
2494.6081282548384,-40.21243717623609,17.39230283011841,0.6585574228615425,4.51671621508758,33.65426933731299,14.198251702418244,0.6824984353654193,AGILE
2454.5798285739465,-54.567894148497686,5.40931763106793,0.0,0.0,2.8648734065021113,14.295790840694604,0.26781495224416674,STABLE
2436.660838493261,-50.75890215460569,9.325331940770967,0.0,0.0,1.808030350124881,12.238587628809409,0.2677850800485196,STABLE
2434.8339783639076,-46.93104835581165,16.477578780176337,0.39027138399604633,4.3708212664299575,23.755255260114286,4.613930343980794,0.7853788076462314,AGILE
2427.540491927491,-41.20426726607729,58.721107511372274,0.0,0.0,6.414741585331168,9.673611209441333,0.8665207116263303,WIDEBAND
2462.19255250835,-44.056430770983965,25.1469632005066,0.5774239210281759,4.808958877247558,3.193928571271912,6.4557750587593015,0.4695698112891425,PULSED
2444.2959403996488,-51.14124008806385,73.74447826860992,0.0,0.0,11.717403219507972,11.875584131524992,0.8864188719288442,WIDEBAND
2477.316749931002,-59.601564568477315,11.892636908662945,0.8217343203499782,4.053941380494633,21.98846539689377,14.025547400178759,0.3503457460364908,AGILE
2462.856117099808,-46.15643584512067,13.71291276824223,0.8837849873206138,4.653509900096734,2.190399832522548,12.482514073085422,0.45792076981618746,PULSED
2448.665833083816,-37.516825203956024,8.828818866551993,0.0,0.0,0.7083695039745086,12.102341015854307,0.26606268774063013,STABLE
2448.230893155066,-48.0969177609355,68.06116250049203,0.0,0.0,6.6538929044898865,10.856307962923227,0.8571294382965163,WIDEBAND
2476.4009037584724,-41.50336940652736,89.81251533069121,0.0,0.0,2.5126320392636616,5.8966475296156835,0.9365397741690445,WIDEBAND
2414.018832463565,-37.614168878812464,14.942040815977894,0.6561959730872872,3.9847746460491664,1.7249809598430246,16.721886373294495,0.4391911362935617,PULSED
2484.626086341246,-35.06765765913287,19.962494685008068,0.6231191759990136,4.862653987618031,5.01930152641256,14.817702324853963,0.40724235026299194,PULSED
2477.6709987159675,-54.08111394506472,59.91713539851767,0.0,0.0,1.7538684059860037,7.598539007417025,0.8022307226494697,WIDEBAND
2404.2141664914475,-41.55539376264499,10.900699449574677,0.6636302497476532,3.0445106529681905,12.875183665100153,5.01029360279628,0.6782918734206864,AGILE
2421.9678631179213,-52.72039007604596,21.80786174428329,0.5545873845626916,5.1726318962567515,24.83336479075321,10.504204783053169,0.5233360377690289,AGILE
2430.582915566483,-39.71311589700722,19.26259955158607,1.0306139333090518,4.36088839889427,2.4097893950405096,16.13707368793181,0.3281632988804424,PULSED
2428.6892413563455,-55.04270113077109,8.340353886383864,0.0,0.0,1.1302983398620436,19.902837847187644,0.3059583305794672,STABLE
2457.1764003838716,-41.33467055831688,27.988167154491478,0.6378019713893773,5.98589149987102,10.010777748998299,8.272354788824211,0.5102138203319161,AGILE
2436.2472377778167,-40.07933899355703,33.10673536475452,0.3826637350798419,2.323531926078904,27.926666341314515,11.322916975516112,0.5838244774436945,AGILE
2417.6460141469306,-50.69364634749962,8.226741076050446,0.0,0.0,0.4951561657055694,10.84001008387475,0.33287674093353553,STABLE
2436.2075829212963,-40.928458754933146,56.43527959515734,0.0,0.0,9.588381428440751,7.97948729013385,0.818100495174994,WIDEBAND
2418.393445246902,-53.62618038601366,9.233015484935606,0.0,0.0,1.4987423964246431,14.573101078690438,0.18731146634160478,STABLE
2427.8417098501463,-44.11359350776398,7.773879402183649,0.4854483436262885,2.857815184468939,26.978193738124173,14.342343130792493,0.5824632662493087,AGILE
2462.287524907144,-46.22540797451333,23.998632350912636,0.12271567092932939,5.243564597532831,13.34734307994252,14.50580267148359,0.5832225329015819,AGILE
2402.3222555157045,-55.42249266754754,21.73924677096586,0.9049991875174981,4.667516831553752,3.7991525843643044,10.47407477684454,0.35913631304880816,PULSED
2452.496902170533,-58.9222996450663,13.034806484276396,0.357104410262857,3.0218666626864366,4.852710348238583,4.257932027529703,0.42932796356255015,PULSED
2481.2580231540965,-39.75805266510685,15.662992256028577,1.2298089538612542,7.462981775090182,24.118072148507633,6.572971921579985,0.5505199805047382,AGILE
2402.631753618289,-59.31172991847095,61.02133977719603,0.0,0.0,8.230950979422673,8.047081403026763,0.7391217549187091,WIDEBAND
2463.636985845866,-45.55647462986398,11.142494292779254,0.9679418041468663,4.130599769666091,3.2859347012936806,16.163328771698463,0.5307978919631244,PULSED
2462.2760169824237,-33.008631296062106,29.92714422587496,0.7914543740653749,3.5042942959434633,36.41521657391793,3.6346599838391005,0.4794214414289279,AGILE
2427.4067598695724,-33.020040407472564,12.978827369348979,0.564470294537307,6.933081123697252,5.2490968517767245,5.721225189629697,0.41396490897393173,PULSED
2467.7575471916175,-37.7177163744615,20.328323511391773,1.4508419442019098,5.3721234661936235,5.395376078028168,8.140612088541449,0.4420721126505506,PULSED
2497.5741128702934,-47.27791824409523,53.23941095432123,0.0,0.0,4.7638799303429895,2.6475175070008774,0.7291434619569479,WIDEBAND
2413.066888299846,-54.076382495494684,16.334968046541217,0.7220384132914253,7.316113440192103,4.440236692354734,12.725763060812275,0.4405747756407481,PULSED
2437.16624656,-31.85131718740331,7.090620591358594,0.49074331028497153,4.006238708171734,28.704463683380347,10.373543101974716,0.3756556339631035,AGILE
2423.484016325923,-64.13319565114857,10.055162141107644,0.0,0.0,0.6853475741109933,10.750141901157619,0.23544285715598354,STABLE
2496.321122354938,-56.76267352091278,5.855733957146281,0.0,0.0,2.071517186104527,15.986202544906815,0.17940311683424187,STABLE
2497.2808053569056,-57.911478956677236,16.092469901481447,0.6795613381588533,6.152085156705921,3.9129068612702147,17.83019010442613,0.502977070552511,PULSED
2469.492536113548,-44.08163157459623,30.842937595450927,0.5594077512939843,4.1313528142072835,3.9649725256967994,12.334574579721222,0.5207245080752241,PULSED
2472.481682224687,-62.166192884346756,5.8710545077476555,0.0,0.0,0.037283750846798025,9.504078682137902,0.35853487252496624,STABLE
2469.8296394588206,-36.972787761852125,18.322839871936953,1.4235057040954766,4.561882428787095,7.94579170956096,4.2757209503808795,0.5568838877806961,PULSED
2476.392050681463,-33.88799470301197,12.68946445621447,0.7979462548958776,5.807793926049761,3.619176485979909,17.263713314634952,0.41543683683913757,PULSED
2445.364455661327,-44.364950009019424,75.18939321004879,0.0,0.0,13.952683023116652,6.903743351453543,0.6932097413512984,WIDEBAND
2402.6240391149404,-45.35308478292591,19.742212628274824,0.7781710618725937,2.5203627340587134,15.373931290151171,12.9052929820283,0.4765144929567104,AGILE
2485.332751428197,-50.6579357869035,49.7007853183199,0.0,0.0,8.743949825951448,6.458535244618073,0.8744185714072051,WIDEBAND
2490.7085951918507,-49.48162106750252,65.17748777355851,0.0,0.0,8.0953799891101,3.08566975192137,0.676916760869408,WIDEBAND
2448.922906718999,-59.070099273046864,9.025189986862458,0.0,0.0,1.7061565770212443,17.747878223702042,0.2954898530336904,STABLE
2461.1922302775583,-55.07727995670471,69.41730321209903,0.0,0.0,7.5305168769686475,9.601066433109224,0.8010023613718479,WIDEBAND
2494.0019010807514,-54.284644833235646,6.857101561606525,0.0,0.0,1.3670737264402142,12.359118732678079,0.2398168122147773,STABLE
2419.4187200845427,-36.99402417207051,26.51424045983021,0.5102744320947604,2.3882360750060623,21.408320873592963,13.528861051853688,0.4871841115994979,AGILE
2469.8189725609914,-60.46344930352869,9.117097918548447,0.0,0.0,1.3227711074153596,11.249144496037218,0.24918119249228218,STABLE
2403.515531152714,-46.731383079675645,22.61254119749033,0.3082769372804881,4.7090463232114965,3.048975003224429,4.81433647852619,0.5038210214533299,PULSED
2463.2446234690788,-60.33882393609046,7.015505822469227,0.0,0.0,1.6606802378207441,9.09253965014686,0.2791181969837884,STABLE
2470.3209199293424,-44.046464905559034,19.794257681904842,0.3622210346286007,3.6531915550969325,1.0218577300942782,13.97257512237401,0.5721908823324598,PULSED
2421.807875003323,-47.88434877391395,75.06154614211036,0.0,0.0,11.380545375512,3.4787857045594723,0.6935555738373441,WIDEBAND
2455.3870593418533,-38.205349389581144,9.472301164589771,0.2376638570384944,4.805252120400889,23.219606265225362,9.418542541849822,0.5005267852677467,AGILE
2419.446753795215,-55.40825770200416,51.966793199391944,0.0,0.0,6.89732849347728,5.242981242097368,0.7986477390953027,WIDEBAND
2480.00252905254,-46.43717300300092,10.299339476814438,1.128423180300501,5.434186074903327,26.2548242263548,9.182101500117017,0.6121317028496521,AGILE
2487.927597219126,-52.65668754683146,11.277514878714094,0.4252569134879226,5.779097361353873,3.3241843038235133,8.743568445307723,0.4449528837853112,PULSED
2467.7933040698435,-35.51993567302647,49.60126883902818,0.0,0.0,1.0,9.143065696289597,0.7231892463037901,WIDEBAND
2419.04536712882,-60.054557820452075,71.9204454770587,0.0,0.0,1.4303357826811185,4.24819472905393,0.7213793627587985,WIDEBAND
2448.3549982430745,-58.86294408383502,9.269421284180009,0.0,0.0,1.3648566749402093,10.778705913356696,0.17654179539746429,STABLE
2465.319188502282,-60.46866173882374,9.64885412476996,0.0,0.0,2.2369205971158337,15.828601692690146,0.29472993439149897,STABLE
2483.8629983364854,-39.847607063831376,17.89752218913585,0.5353406830115759,2.4984730968151205,3.727052576243293,14.07563033490446,0.5839747733393116,PULSED
2422.7454314753136,-40.328637028025106,21.37123000046848,0.6133364465747876,5.076337618941498,31.988530541069416,14.948672383163043,0.4309657001694165,AGILE
2491.406874423333,-36.26003953469816,15.3037125918959,0.7269759092446366,3.090202836896452,2.5727482463082096,9.94092885336667,0.4756481565083888,PULSED
2449.571392949217,-30.829942614865672,10.987688460386352,0.6372238695265237,4.653557690327657,27.859993855583618,11.556735096319759,0.6446400317449675,AGILE
2492.0633328961385,-54.803564810999944,53.15693808614073,0.0,0.0,1.0,2.6043878497815935,0.8651807347179202,WIDEBAND
2441.7137375403527,-38.79528985203847,49.07785774829188,0.0,0.0,9.595110977460099,10.137904323232032,0.7998133582791156,WIDEBAND
2482.8475392974924,-45.60105977721473,58.67669804377965,0.0,0.0,14.811444768822494,4.003361907778585,0.7490965539268716,WIDEBAND
2439.1871248055054,-49.591798517701775,9.858302527977283,0.5895316699737071,4.025668042670571,10.041735220111207,3.4711709538626394,0.5425361248027002,AGILE
2496.979370775072,-62.26239236669673,9.957682682474399,0.0,0.0,1.56289413562543,13.144125586586112,0.2985128649761211,STABLE
2456.579860917587,-50.425128169034465,47.972839820548835,0.0,0.0,4.741630732533526,8.617316945440432,0.6483308419967048,WIDEBAND
2442.0304699878807,-46.32711643829868,17.072727574638478,0.7206091413184653,4.470262547580547,5.524393205873612,8.91568099363608,0.5759423887201011,PULSED
2491.862435021497,-44.86816795620934,18.56256865127091,0.6889133483190376,3.7098124555576275,14.464232828158892,5.392182722032844,0.5095601351214886,AGILE
2444.615701420261,-51.55093946719748,22.608067868146577,0.9990083995853661,3.7193677303745445,33.344871383060465,9.557348125062388,0.5872353253126851,AGILE
2479.9222921659057,-46.5947088381222,5.905425707232379,0.0,0.0,0.8614773137961329,9.138857630612199,0.27342729592323295,STABLE
2407.508938063319,-39.55851456083496,21.557318257837736,1.2530084727696964,4.177152054712432,4.4376387420936005,6.481739086637274,0.4231968781811746,PULSED
2493.701114001399,-49.495929668132504,55.17020138642468,0.0,0.0,9.028079407584858,3.672023798377885,0.625666171728093,WIDEBAND
2417.6439166319788,-36.60450236302799,14.602380850858648,0.574832254987007,5.2803516214931765,2.6279062856811537,14.51028645174563,0.5288791464046817,PULSED
2478.6407722139925,-37.84449608629758,29.109614642226777,0.2765154294584389,1.9478882683677101,17.431758497281272,5.675190790204206,0.40336215445885304,AGILE
2476.069187818832,-31.152430961967294,16.940307119731592,0.5202682746676163,3.653861577436353,14.467446626865271,5.142271849572377,0.47376552553215495,AGILE
2410.313885273027,-47.11339250091841,18.455449833925137,0.6974875956590404,7.107425681702168,1.6750678293494472,17.417947252450546,0.37761019120113176,PULSED
2436.751181011513,-49.81703191781087,7.342949553754212,0.0,0.0,1.4509405233369221,15.286150181839181,0.2299326296586474,STABLE
2436.6586919968786,-40.43037991277786,28.092637064402076,0.5726606238080425,1.2155987518520335,46.09894032855993,3.0726672733959726,0.44997913765982006,AGILE
2424.593388051245,-44.56399654056571,8.533938483895973,0.654587663991942,4.324282752224962,4.573990386175238,8.651409803138549,0.495752597253235,PULSED
2405.4500314991296,-61.24326363494521,8.949394176926404,0.0,0.0,1.3951306794498186,15.64367427650931,0.30569781949410907,STABLE
2481.292824733592,-42.655167368397876,15.939466636531975,1.0874259457419555,4.947223124274859,6.498459067440239,9.975122798277612,0.4397993232761474,PULSED
2418.1623261423497,-30.14791437513005,28.136974303316194,0.26218062438621564,2.869787687374042,23.94140123871704,13.009527022488983,0.5403420537089146,AGILE
2480.5816961350624,-56.178990522388645,9.654345599242443,0.0,0.0,0.43529819790920743,12.009100518385019,0.29942325562262756,STABLE
2433.553717707286,-28.64802832236913,13.810592027316691,0.8217527135314375,3.53704109858287,4.083220697392028,4.141021227443584,0.33084048781351305,PULSED
2478.6356846482818,-35.87562957807011,23.198806422250442,0.9490118249839221,4.742094646708496,23.419147585478928,5.526834883090031,0.3519386840761029,AGILE
2428.052420541449,-51.076313074462355,7.525952253920466,0.0,0.0,2.0720046487948585,12.21362168272221,0.17164105763274357,STABLE
2445.1215294157264,-50.38062411235141,9.935450773558948,0.0,0.0,1.9613666892347212,14.647513153100826,0.2401741537526679,STABLE
2429.8431050643326,-47.48344331263481,60.77402773979772,0.0,0.0,11.066646521901726,3.366159243797309,0.7664031999129566,WIDEBAND
2469.9946185428635,-46.93373869649796,21.77910752094186,0.8194903493650101,3.5171048257208577,5.345458756995491,7.680797009803819,0.6574838401655446,PULSED
2476.2416269172945,-54.14126936593969,65.99192713291772,0.0,0.0,13.367058271238141,2.8413751754970047,0.7776420508858953,WIDEBAND
2453.656801357709,-56.39361597954541,8.151426575913668,0.0,0.0,1.5048133443488572,19.28374573768525,0.3199184521328306,STABLE
2499.584089827399,-38.5412522339093,24.567492478081157,0.84754030002633,4.999817339756508,23.974318907975803,8.137071310546846,0.6392308487729546,AGILE
2455.538625157966,-42.22148770396069,9.979539991557186,0.8328767386132114,3.5562076329671015,3.148703000140282,14.104363532696128,0.5245739501792707,PULSED
2494.885792671534,-51.50406854807376,11.464623210819887,0.0,0.0,2.441929511182155,13.031521847450048,0.3546360715700675,STABLE
2417.5039888096812,-47.085831179665774,17.194798596019567,0.6879697980861141,5.973698458015662,5.282642776930712,7.344917979092535,0.42351798551110403,PULSED
2456.439268035918,-69.88425105990726,6.0071627479952205,0.0,0.0,2.486321547282157,10.549765517707968,0.22914859526838885,STABLE
2456.194092360118,-61.11750704900466,8.331224300465303,0.0,0.0,1.4552436543637854,13.943591143218995,0.2629304781581054,STABLE
2472.699461428688,-54.218352871162686,9.965479022046114,0.0,0.0,1.1005635211686784,8.453209863423211,0.1920929942660577,STABLE
2450.643354035991,-41.89871178020864,21.008606863028174,1.0729726322236655,3.6414518852845736,4.443237895698624,7.821227381261154,0.4421091964851711,PULSED
2425.9174917693003,-45.30460855489471,20.010462500346794,0.690827219917164,4.725631566647574,27.41129766508894,10.667188751118847,0.6496817020023224,AGILE
2459.739452907384,-51.4386718305666,11.07393130783529,0.0,0.0,2.659475840989043,10.887271013974157,0.2723831391060507,STABLE
2491.6976274528906,-47.068556933123745,22.821607803389497,0.4606278197391136,3.3188107542432497,13.69999679507761,3.408501374281716,0.6045034288534701,AGILE
2498.300549907619,-60.07463676835537,10.052851361094437,0.0,0.0,1.8099966782515688,17.39368431799193,0.3401269088796768,STABLE
2448.0609148492786,-50.388377407021785,6.885658945893801,0.0,0.0,2.543610957692441,10.193216830416372,0.31054598822404034,STABLE
2476.998238118684,-50.85077746777829,75.3057624564836,0.0,0.0,7.841429545257663,11.439746948171896,0.7515813972813746,WIDEBAND
2409.332531292163,-51.61282600825605,21.75800328784362,0.8921244938581763,4.600330358905783,24.395069161759267,11.580242816355009,0.6330841872099352,AGILE
2494.256840031434,-47.23894018924378,5.299801763747158,0.0,0.0,2.7833832837480115,10.673007845145216,0.18028393561719475,STABLE
2468.4212335232282,-44.828499473218606,86.19047171240024,0.0,0.0,4.200107243937877,11.737674939855436,0.7180288453000143,WIDEBAND
2476.0224825397027,-43.92081674742226,73.99533915595961,0.0,0.0,8.658167176695853,7.404020183392023,0.731872647161101,WIDEBAND
2470.3527645193362,-41.194188262768876,25.147811987739125,0.3926792992714527,7.282036336306487,0.8550491724131195,15.884140534831063,0.4003342762509528,PULSED
2481.6820067479102,-57.31503264766973,6.663459989389404,0.0,0.0,1.7054270252110855,14.039609784886775,0.29198039652117175,STABLE
2414.9220585893167,-46.11185343104471,62.44222845132948,0.0,0.0,4.794472783826272,2.810511530853878,0.8478607860100345,WIDEBAND
2467.201572229959,-53.70580771668428,7.916160577515343,0.0,0.0,1.844843594079721,14.656375732991938,0.25354559998150106,STABLE
2499.3248537303466,-54.88386327843721,75.01200448301059,0.0,0.0,6.574024559067521,10.80521684807963,0.9020120717880753,WIDEBAND
2448.258757038957,-46.6807536785389,62.3976935330167,0.0,0.0,10.809755498064469,7.994038461780721,0.7293840129766911,WIDEBAND
2430.3289711326865,-36.748705943497626,16.43137871857215,0.44105523700270943,3.8128032135184022,14.799858403567171,14.489389099697496,0.6549082036168264,AGILE
2405.539540916426,-53.606980662242464,6.889345562361968,0.0,0.0,1.8772308180361112,15.210717901992595,0.25932575966010796,STABLE
2458.7415057182716,-35.997748953748626,51.01103138059195,0.0,0.0,3.75526744198529,3.797225216191425,0.81449533642983,WIDEBAND
2476.031578621503,-37.80589157397024,26.114206236820976,0.3263884630207152,4.038328688913014,2.29153227805093,14.750192117333139,0.35241820256988377,PULSED
2478.2838155055783,-62.928184429871614,7.105854816264271,0.0,0.0,1.6684277366313975,8.233560654953276,0.26331896666057625,STABLE
2450.957783391795,-44.57951710353549,14.71222369376262,0.49316747831925967,6.810432674046621,33.899582906129424,8.462643065977735,0.47135362932251856,AGILE
2465.2048483204867,-51.56562935182389,9.766799137864854,0.0,0.0,2.1168289734078445,5.683709805013169,0.266353157378288,STABLE
2416.1683658488682,-49.17044065682092,24.993608261047278,1.064646654104057,3.9600598720668967,36.99583958385982,6.794519607635413,0.5470237380389565,AGILE
2477.1607600105867,-38.272806263660655,17.3742720564442,0.8294781674165078,1.5,3.2154927637276964,17.094881734621787,0.4872231900318672,PULSED
2485.834267209253,-57.8260015674955,6.6553682673591705,0.0,0.0,2.6757790116068363,12.97257097764123,0.29548479921640547,STABLE
2406.63541447566,-48.70657770897051,14.41632182783299,0.0,0.0,0.31854210409690054,19.58693276803058,0.1415102371843756,STABLE
2479.1847289791076,-43.72972520804122,6.662181319993161,0.0,0.0,1.4412170707276797,9.322989518008463,0.24859462244795108,STABLE
2454.7008006103197,-56.060163615402836,22.640638952679915,0.27636945455237105,4.4923363140006405,12.717549582710346,14.309161314649996,0.5066401198264318,AGILE
2465.648603523414,-54.995131779885135,81.09378170572464,0.0,0.0,11.094162371434503,8.332249923070632,0.8032058962720242,WIDEBAND
2448.8155594561777,-43.69836920771944,31.747395547735096,0.5457060013339745,3.838745732003698,31.713847526305855,10.533220068475673,0.5285008229810662,AGILE
2406.7155677734972,-51.38195887943994,7.253182126352235,0.0,0.0,3.196914722106934,14.83189089080002,0.1382509148425123,STABLE
2463.779004013458,-47.26042180829055,4.530777006125609,0.0,0.0,1.6437173446240427,15.302743486497002,0.22775737693161371,STABLE
2499.882963733366,-71.49805611778345,7.531748925434175,0.0,0.0,1.3492926981884934,16.871772317114335,0.31473274234178433,STABLE
2485.4886347775255,-33.18463066651609,23.191328715210798,0.9436797476239068,4.012745152207333,30.522648040036923,4.423688448407264,0.651903828001661,AGILE
2476.665168495407,-56.514249509721004,12.808125795855684,0.5061583752803872,2.930546273901021,12.193333686052702,12.51962442020881,0.5759756729557323,AGILE
2411.0719858186576,-38.6880644307435,9.824059307347689,0.5991996690976908,4.996158195162427,4.890013122282024,4.16710141525461,0.5715266941386306,PULSED
2427.8074039720022,-43.737181148010144,9.585014823345213,0.0,0.0,0.21595521679686103,19.568919744033025,0.22954620523329897,STABLE
2405.790409825628,-43.750613169511574,25.399347957284494,0.8764171970810465,5.389308794636006,27.690832713027316,12.185550013852405,0.3142175004600043,AGILE
2492.6465652721804,-51.544181211690415,19.36595069736074,0.7289140115267014,3.6760583476984623,30.261853777221365,7.6315602516573335,0.490449068088513,AGILE
2448.2633819562157,-35.7536442400836,27.274462586386633,1.0098906413076545,1.6164831666859931,14.063011739907745,4.033618137678644,0.678885700577001,AGILE
2423.5069527906144,-53.337507580764225,55.52421948201557,0.0,0.0,10.692063305170528,10.57610585374323,0.7744960368422584,WIDEBAND
2446.776477993447,-59.584900082242285,25.94649347268917,0.7490272602833463,6.495073018725022,0.06705315793591193,9.558676207883144,0.4049198176684121,PULSED
2443.1758711940615,-47.908552631636454,26.193321563329192,0.6054956826429959,5.423091903722453,38.169269990211546,9.38017578780381,0.585854847957007,AGILE
2478.49113307643,-46.40545066411988,13.53589425623931,0.8213095042731049,3.782847424361263,14.89148753894526,14.965750644080865,0.3889313735602601,AGILE
2488.217507032895,-55.184995084505104,7.571249780589772,0.0,0.0,0.34641701148798965,11.710891276881643,0.3048774432392108,STABLE
2445.805854161843,-55.48664293929617,7.030399200995526,0.0,0.0,1.051738213736186,5.303881400266191,0.19637461970233167,STABLE
2455.2749866775534,-62.019439905374284,16.83333829412202,0.6730064406896208,5.9480133183341986,4.845961476713651,13.412201719767362,0.41331593924592747,PULSED
2427.3187191500874,-59.47658953991508,5.499368922153707,0.0,0.0,1.9089774516380278,14.95431569990528,0.14279754931791533,STABLE
2498.2161599238016,-43.67191674560954,22.5204447994686,0.5085107684105039,4.762462841677976,3.5115267365911227,9.75054017954278,0.4493041303992933,PULSED
2466.8421890179793,-52.14921024849106,80.33770938133536,0.0,0.0,9.641909206314242,8.905739666041697,0.7209990416469756,WIDEBAND
2438.2997942169345,-49.66351926085285,7.801576529547898,0.0,0.0,1.8192825642386026,15.356121631684282,0.28432574341590894,STABLE
2470.8299298894285,-61.68568208552044,73.79092090128323,0.0,0.0,16.440947404556496,4.998060343556773,0.8032986435678773,WIDEBAND
2467.770861445447,-61.88099249300465,6.119557582148566,0.0,0.0,0.9921494688228346,19.467783292088026,0.2597235735437725,STABLE
2445.397461434316,-42.7890372295723,22.41117359430381,0.7815907127383759,4.514975311123041,27.327375186575352,8.545621463924451,0.39028928805815444,AGILE
2485.8881285512707,-54.78459399169068,75.81357068661013,0.0,0.0,12.0184434722382,11.219819911322602,0.7705975342251862,WIDEBAND
2470.6943964003754,-38.75852427246843,21.06510256644254,0.4678085606491532,4.100301476267162,29.50603377797986,5.866740535335223,0.5400781236186456,AGILE
2415.5675197125115,-59.130712705625285,8.716705302028073,0.0,0.0,2.9248307673938356,6.246241620380772,0.2715826899342464,STABLE
2478.262410462955,-59.193582571472476,5.972565267119203,0.0,0.0,1.5262256743010085,13.851138430374638,0.20973158335620512,STABLE
2469.3811303871485,-47.31066010537126,18.55422602972528,0.477265813090532,2.8618128354165395,14.603223582574234,10.472196525933366,0.4999437056775741,AGILE
2407.108739694508,-58.91244741641677,6.743184442606269,0.0,0.0,1.6451451183602896,9.203451631957067,0.20055361004415972,STABLE
2479.923474329847,-52.04369154769859,21.811712797157245,0.6373196923109427,5.562705982209264,3.616068515075024,12.471591865308955,0.41655402968150834,PULSED
2427.187287313352,-46.571590543028286,26.149385041652838,0.6288500215132898,3.7546705073108706,25.91980140450075,6.482293358932505,0.5443310852569229,AGILE
2468.5999060371814,-50.413075367079394,13.426022974123516,0.963838775362251,4.636101164707384,5.872858558932994,13.513613973977492,0.5318727821958631,PULSED
2427.2820484150557,-51.879326829433076,51.11005891466823,0.0,0.0,4.967558405546098,3.4285088717343566,0.8530535909845808,WIDEBAND
2406.3972542408274,-61.90956120044774,10.227319413482597,0.0,0.0,0.8178455082921441,9.668346638063358,0.2654947712198336,STABLE
2438.1565482172878,-41.95496235537619,19.697191926587415,0.693530316591776,3.2495232496366553,0.9084008080012849,14.432600561304167,0.5682538755538649,PULSED
2439.8968126264344,-33.59567773583076,24.373021532700783,0.5810712335554277,6.888809050852667,33.04140445093711,3.2116647484064518,0.7682110651953414,AGILE
2493.56595121873,-47.02034891436876,59.19961781082875,0.0,0.0,10.468657871514118,8.907600345794233,0.8201230233241633,WIDEBAND
2447.685404010545,-56.37688406127775,18.964393445126124,0.5214803511999865,4.991463498435947,4.276869038699729,6.1484639872596905,0.3776702874366319,PULSED
2444.888003256798,-29.89576432332426,21.503661656946385,0.8649176593374652,2.1855968915279136,24.712777987226588,6.509142537922943,0.584256985170421,AGILE
2450.9988929511865,-57.967461292969645,9.654505302281004,0.0,0.0,0.2517060208455235,16.30052920925818,0.2161675194068525,STABLE
2409.1723679059005,-50.97952454678686,7.250317074204781,0.0,0.0,2.104998530903845,5.2964966801403754,0.1759112147853113,STABLE
2470.377807311381,-45.913835230268454,11.075561969280606,0.3240897980692598,4.585711964968322,18.41961850829203,3.966189953781122,0.45212726372534967,AGILE
2401.3314147269007,-55.64602593753278,100.0,0.0,0.0,7.002954101046083,5.008856396687866,0.8160461941055073,WIDEBAND
2482.701993621419,-34.44106540318206,65.43837982842932,0.0,0.0,15.24241977257651,5.032076222574301,0.9574949739717334,WIDEBAND
2442.108415961121,-44.02097593468395,15.135142672303129,0.6229911792603767,5.492281813305944,3.8349645283687965,10.570805292758635,0.5177729194455603,PULSED
2406.0407576795633,-52.05947637714648,26.8604949171471,1.011939872394422,6.688926936700673,4.496370568184315,17.469668095682195,0.38213436883616714,PULSED
2470.557979534479,-35.14518487722344,28.599305522774486,0.7634154218857679,4.550280578415598,45.04632251884874,14.621740663527905,0.5086769683605755,AGILE
2449.1257446391364,-56.442623182422054,8.20406259448115,0.0,0.0,1.5631909730720077,6.4414284945782185,0.22832377449979327,STABLE
2405.8302741689067,-52.017035535677415,8.284851472141131,0.0,0.0,2.0523882832542144,13.355482285119175,0.25951238146460287,STABLE
2402.3093142507832,-47.40263174589406,58.48529483144869,0.0,0.0,8.965304980026445,9.470863392197863,0.9624747180730386,WIDEBAND
2461.382825580901,-73.28579539211653,6.767901948887749,0.0,0.0,2.320278427406204,7.303696686291718,0.16202884105182747,STABLE
2415.6428828033363,-58.6451742457325,4.7018673372816036,0.0,0.0,1.270023094355331,17.812209596095897,0.2776445206071078,STABLE
2477.8896931719905,-54.02319589367115,63.92792612536562,0.0,0.0,6.234119598500479,6.234823148812571,0.709119596241694,WIDEBAND
2424.131433797753,-51.16038300519525,10.946826162883513,0.0,0.0,1.646331784102964,14.45227953911577,0.27287628340485853,STABLE
2441.754023592849,-41.16338607142501,26.86394961545522,0.9449834604323211,3.177961822952011,1.2317531459829403,9.708790229285368,0.4285413440373387,PULSED
2464.175409128661,-55.22493742393033,21.623949403113365,0.4397228249473947,5.228912222994055,24.86090890954633,3.6801549176399906,0.5070286082596076,AGILE
2444.9345681333793,-31.933487692676124,12.507573103617169,0.21536644217791562,4.827676123431118,24.142348029525532,4.946451211738531,0.6059636246304464,AGILE
2475.9832160846404,-42.215129551776116,15.033355883114654,0.5232344725591832,4.136783040952526,23.42689377958428,9.715820573104379,0.5979488793224045,AGILE
2427.5527880796158,-46.22452740846094,8.859410964489507,0.6727115003533969,6.311935707724253,16.765688669596962,9.746092935997103,0.5440601419010049,AGILE
2443.514672147788,-41.657140130175904,57.43332764342095,0.0,0.0,8.801097600287944,10.778350039035832,0.8200291366283038,WIDEBAND
2450.1546720090278,-45.53887446820636,65.58818291570546,0.0,0.0,9.3662869194007,5.059153809128699,0.8683381064596355,WIDEBAND
2419.2300427949403,-47.407304135454716,18.91984633316915,0.8590020321050437,2.0853316290879618,5.29305149171898,7.747944548166329,0.4951239092194857,PULSED
2465.6550651996126,-48.733714986938814,18.73047892866199,0.4641683907594339,4.697380730630435,5.429903782079993,8.894370768807878,0.38693136233013853,PULSED
2432.4572694541716,-45.348358928046984,19.37366681446515,0.1849081883362383,4.865220962494184,33.17702616421019,6.005481436646775,0.28027579415614945,AGILE
2426.4327224275034,-58.38270611826053,17.76823148709617,1.1790062811373812,6.346293282888951,2.8296318469466684,6.9400677435583855,0.4867864245171861,PULSED
2424.884303665902,-44.10781146612649,15.79516554128349,0.7393619589954241,5.436541934779945,6.545066267973251,8.434192744488245,0.4230753427896515,PULSED
2486.9207810830494,-35.12466001981457,14.128240495559083,1.0565179925383832,4.254348070342987,2.7489906962084794,17.626646735791297,0.529510768278234,PULSED
2479.168814517732,-41.74885029753205,23.085109032090955,1.047766672707875,3.988625273338867,5.996935809245999,9.300921817622108,0.4240322483282388,PULSED
2486.4136829192726,-47.43437605862209,10.735814901441941,0.0,0.0,0.818272955227525,8.388934368751737,0.3097294169767191,STABLE
2432.0491161678015,-47.87419364367327,8.405550096504735,0.0,0.0,1.0997111380824802,5.348413735201377,0.21832494176054118,STABLE
2495.1293767089246,-50.875856230425086,20.572686119657394,0.6003699977967119,1.279296479375697,25.14520422356372,5.500619487413516,0.5511827719134976,AGILE
2472.1483402815993,-35.71598527870382,12.292249282310912,0.7548464105214554,5.1336049749894315,15.876543164074189,8.825594281817448,0.7621474551389745,AGILE
2491.9396924367743,-42.079192436974736,8.191390755192511,0.0,0.0,0.5499787392102613,15.556547116490746,0.16889224443620143,STABLE
2499.4090469767116,-54.84595327805201,7.566613491888159,0.0,0.0,1.9608556028491126,8.301523591181585,0.2760261473328671,STABLE
2499.285135864434,-34.06503611083019,10.98717588090888,0.7133900403109139,3.4173509131678594,2.5396674282686957,9.270227958673562,0.4076993521187199,PULSED
2459.970159904827,-45.122697737975244,11.536825990010543,0.6951040393372496,5.013709418433575,1.9859235514297815,6.938873886535134,0.6291602303714989,PULSED
2490.26081094988,-55.8639030718826,27.427784517820548,1.0510544922469731,4.597547057991839,3.409810688195425,9.978300746613694,0.3596302883407735,PULSED
2405.7337403421716,-44.95033867272072,16.609116891669622,0.6471793657332598,6.90781068068358,4.830479845123242,5.0596042169476,0.46166883446597673,PULSED
2452.2141447209,-60.82971263807776,9.479385016825846,0.0,0.0,2.1554744776477976,12.479000575881896,0.22743374856642506,STABLE
2402.6889640310255,-38.01830791405543,20.595353564609063,1.240220285008076,5.6267930514255164,7.929271039766174,6.754777528989004,0.30553998993853904,PULSED
2431.0740267776455,-51.00227630492114,9.016750650035895,0.0,0.0,0.8037010605671349,14.496586055969532,0.19603358562585477,STABLE
2412.330280251749,-42.995623367662866,23.179328099354386,0.3148456705011994,5.438887599879968,10.810666998060105,5.392366174660239,0.47686261005280006,AGILE
2450.9146480934373,-36.077511906632225,24.660403629639358,0.3884414230412992,5.777401607714681,4.4512938514223785,10.104745066926686,0.4762146949622354,PULSED
2493.6388254314015,-43.47272918723549,20.010336802891125,1.041982985745396,4.457063495736263,27.672901063868302,11.182894834019317,0.6371808512241126,AGILE
2488.252375612653,-40.49490234396811,29.761569486561946,0.901013962030024,4.081745546494373,2.7448627945283253,7.501139002300815,0.39936842837912606,PULSED
2404.039922884216,-59.39371228841245,9.831860604559196,0.0,0.0,1.4126838787509324,5.676721185639178,0.2837363723148696,STABLE
2499.2851912066994,-59.551205078131474,25.420485782194454,0.3850204834721072,2.1342328430522484,30.115222643087932,13.415011376270105,0.4712897001405371,AGILE
2464.9008548632205,-55.37039477034771,15.724483940693217,1.1190280102366041,5.627185773037304,3.6864974210335144,4.589378969847776,0.4964724292423817,PULSED
2409.515797340476,-49.744387905101746,19.904674734242853,1.0926242733566889,6.999930689977907,4.082732327361746,10.46073500390634,0.42682683601396554,PULSED
2453.1823855777934,-58.776066906007024,8.935639565819315,0.0,0.0,1.6560831785143104,17.664085363736667,0.2579124287872691,STABLE
2439.2308490707505,-31.881076700972606,16.02907428441495,0.8860375540479647,4.3077404402284385,2.8208084483170857,9.1576830000072,0.3242907001751125,PULSED
2499.459832910848,-51.8376594515248,23.504289866906447,1.0507492251126813,5.44918187284412,5.7643952798863545,9.47777170617811,0.49443159259538516,PULSED
2456.4630931975294,-46.585536721858524,18.055616514405806,0.20348963190898273,4.7713252226515985,2.4939065216135528,5.1690128159629944,0.5296024622707205,PULSED
2465.4935326842356,-49.10917073746935,11.033587473223015,1.1981254084180741,5.358617653326073,3.5490559305995233,14.338709718487188,0.4876853819879513,PULSED
2493.530720735939,-44.53658324194505,27.41938468043135,0.5882783251752753,6.035794096377968,34.215227514114446,14.712684472292022,0.4296488365793,AGILE
2407.9575727054525,-35.408084305068705,22.934568195378823,0.8419812823473247,1.6350949925988085,24.1394646256457,13.388472321074737,0.5141670387194112,AGILE
2407.7368309921503,-43.7004720712925,13.775683996086778,0.3409994962715997,3.3217733263972655,30.08920127876862,7.103662717146328,0.5113831827967541,AGILE
2439.7270618289067,-56.698640696957135,7.664930855991564,1.059497322505194,4.783880838824906,1.4296358150902493,4.346756499687434,0.4791232864890562,PULSED
2460.5925177647728,-62.778833968448566,5.0356292051143585,0.0,0.0,0.36689289587864393,5.858479102298906,0.29496603398366444,STABLE
2436.4514077543636,-56.94895688107167,88.45658361698767,0.0,0.0,5.557177548061423,8.894015217700954,0.7563694067606554,WIDEBAND
2431.799109695205,-54.6810679145328,8.000168786182828,0.0,0.0,0.922753573165722,5.652125930191879,0.24416280409519064,STABLE
2488.353152962312,-44.173931728096136,8.136478879030824,0.7898134105457018,6.0415759212179125,4.9024587710436665,10.677951241688616,0.5500887585849743,PULSED
2484.9660008192213,-43.830131183600386,98.21701402466783,0.0,0.0,1.0,8.743997529939062,0.7871220635830567,WIDEBAND
2427.063215227086,-54.337625646326686,7.183333674346661,0.0,0.0,0.38151227216091943,17.487939273860107,0.2891946929968736,STABLE
2446.3080898814237,-43.308808924643756,15.388648195387391,0.6015951642486371,4.233098944977086,26.87726452507941,10.787362768277381,0.47978382969077754,AGILE
2458.679425897375,-39.56221492945478,17.88413277881945,0.6782344905422278,4.720960160663928,3.6816075308232383,17.659489786570624,0.708679493059881,PULSED
2426.143589697372,-37.39634166617013,22.671572398671522,0.43347955944008926,6.961140612406271,5.932296061997359,14.912607784777268,0.3546622045530624,PULSED
2421.917413965323,-35.638426499683106,17.754728632693176,0.3683748935994113,5.854916142191644,6.051373368466931,9.190330315590998,0.38403562862936774,PULSED
2420.1313185038794,-48.9572805012283,21.148909121426396,0.9683322915143711,3.8898071330633357,1.4784014055586367,4.271166924432491,0.5146166082161148,PULSED
2496.154962954103,-57.88744674319247,10.875553879832925,0.0,0.0,0.5703363898125703,12.04701332262242,0.13828929080544933,STABLE
2446.686266724578,-40.318804674152766,71.36597718010486,0.0,0.0,7.204530670628587,4.883251017038302,0.8054186630664258,WIDEBAND
2422.0492164769125,-59.41843286304042,76.2523661939251,0.0,0.0,10.762972079484701,7.89200356967789,0.8208540914125803,WIDEBAND
2463.6670279916307,-56.55223541011438,10.956557871432118,0.0,0.0,0.7794462530298587,9.96015495419529,0.25065913081165153,STABLE
2420.799807370846,-55.91815525723728,9.100404992052882,0.0,0.0,0.9375447352817582,10.928519806383415,0.1527451889015109,STABLE
2458.153801480242,-54.87389556788325,35.0,0.0,0.0,5.0077454110768524,7.755465872070433,0.7790226496817723,WIDEBAND
2440.685716369287,-43.47755869575671,7.665746427335094,0.7408685707431166,5.3383772154618665,36.528697843034635,10.498298528911869,0.4951086366415939,AGILE
2497.536436384031,-34.81628550207969,78.11019129523304,0.0,0.0,10.72145968676981,2.344505165288589,0.7651177374750178,WIDEBAND
2471.776023600364,-49.94907959865963,9.108233002648186,0.0,0.0,3.3621224802768683,14.556108259868113,0.12978866247600918,STABLE
2405.0596814538453,-35.24464240770197,18.99645593442244,0.5448220580125597,5.590281353826694,17.681894489075667,14.834941318207155,0.4647133353643358,AGILE
2426.512827029518,-30.227888632519146,16.07093719453582,1.1729411759517006,3.0491688721846364,3.426981889243618,15.442758252882104,0.5730164480637714,PULSED
2493.5676370196043,-43.69416360902215,10.250375804423129,0.6575473939193002,6.211275585129816,2.567450866660285,5.002981603325296,0.26351842430494454,PULSED
2467.7032453136926,-25.032570040414274,26.000042227021908,0.6595500061961472,8.333730991309405,25.94064808765191,4.058470959015777,0.4563786810940741,AGILE
2460.177475586771,-57.17099522250605,7.020499634197582,0.0,0.0,2.226881087913689,10.658089743245059,0.2667145548707084,STABLE
2489.813428117955,-43.095174912688016,68.13461152200512,0.0,0.0,14.838228832350918,5.498698160781397,0.7943495952619958,WIDEBAND
2421.32591216769,-41.6880820230439,67.95435122481946,0.0,0.0,8.5713677701279,10.324205936752172,0.8474686974351832,WIDEBAND
2406.4733860881665,-56.304320622925694,71.13257926911179,0.0,0.0,12.55910443585428,6.72633231443515,0.7800730492045135,WIDEBAND
2455.28501126104,-37.94800672567874,9.661338022085076,0.6865864884386085,6.258884502052696,7.140395441179342,14.97939294114646,0.37881426910250815,PULSED
2492.135645831443,-50.186117504271586,78.96068519831755,0.0,0.0,9.61179833309182,8.043712220986828,0.8064236946266338,WIDEBAND
2444.6423575015274,-44.63688871538512,29.866200210597952,0.11722998676229379,3.3220685411110082,16.42804841789881,4.792146179893006,0.5065552512563883,AGILE
2474.5944355935817,-51.45470755905018,5.78803010132156,0.0,0.0,1.4664656142601828,14.575099457144942,0.30076751475433633,STABLE
2414.3874425007853,-42.062705274779596,22.510621567454788,0.9527799237909078,3.370353205715446,15.627103085328883,12.091162733384834,0.7383561263369947,AGILE
2478.419764041688,-61.0676776063029,59.749234776335946,0.0,0.0,6.476170087970438,9.316376718226572,0.7368616033256468,WIDEBAND
2444.589982690517,-49.25767124313751,20.26206059023994,0.8489265318806792,6.083946182536735,5.700430104232961,12.807414017861015,0.31429643899142556,PULSED
2463.5429272791084,-47.777307081847326,9.170278914922154,0.0,0.0,1.4565215478927425,19.41758586345024,0.4023089937656771,STABLE
2439.9819183341233,-28.72029335773062,6.0171442607150105,0.13167392567315978,4.574049631200406,22.880141211740398,8.961653598103872,0.44453890488362324,AGILE
2430.8333203952843,-55.13611165195388,6.754919694668894,0.0,0.0,0.6426389385106045,6.048974472152918,0.1837606818777003,STABLE
2447.1792441602624,-46.93269682285797,47.87936636775683,0.0,0.0,2.790718480782398,6.07434681103894,0.8365799791792223,WIDEBAND
2432.7880920779785,-65.09083453976608,8.22538240083108,0.0,0.0,2.76820897134823,19.34509910110127,0.25012894482566117,STABLE
2463.1028144733045,-53.951084037875155,3.285025082025368,0.0,0.0,3.0047010456062795,14.475025783699039,0.2848373571668191,STABLE
2440.4628622439536,-40.894755693453384,18.795328415133408,0.931092040902711,5.550286025817154,2.143850743728436,7.90883657755963,0.5133206537557216,PULSED
2443.7310302073106,-33.174979019146214,27.945766189079176,0.9546163645774379,2.8643784590664882,13.544325776102692,11.773703973338833,0.6882133438200901,AGILE
2451.388179142407,-51.75953150603024,89.37442458652885,0.0,0.0,5.452210193319358,6.947958890275151,0.6313147634793541,WIDEBAND
2474.8811801884226,-46.65407120349879,16.905994648686356,0.8595098447790944,4.0700043423089065,5.7287778853578635,14.349294159157221,0.6296455540271352,PULSED
2432.430066426199,-51.13292252373915,71.49475292377328,0.0,0.0,8.053462308627319,10.356678949467103,0.9096904514244921,WIDEBAND
2472.1836332233615,-54.2282704450524,12.773903599147845,0.0,0.0,0.6198915570205553,14.573353293895053,0.35789726205538375,STABLE
2425.4084578424554,-38.45485866487191,5.0,0.8474983937894611,6.442987734983074,7.740097016912429,13.227868063650533,0.5847906418066031,PULSED
2454.14843641667,-43.700705446163134,15.344288958212054,0.6571634855330357,5.762975914626521,0.7934715388944804,16.004120823099928,0.3000787380055729,PULSED
2418.285125448634,-39.566237562630405,75.23128482214923,0.0,0.0,7.253333522489306,10.29120973164317,0.7674222970887351,WIDEBAND
2448.4998743217466,-48.82334715803053,20.472207746064385,0.9248001647846424,4.021242279624138,0.8611222118914839,15.526260287226407,0.45558843920897213,PULSED
2482.3912361050798,-54.4119885154037,12.67569023834433,0.0,0.0,1.1975685666148186,19.513895389962084,0.20207165530642107,STABLE
2462.7755733717872,-39.161429100815745,79.16072802025106,0.0,0.0,8.092007105626687,10.694928233577937,0.7338117356063474,WIDEBAND
2449.181258141291,-53.73599873365228,5.75713790796549,0.0,0.0,2.6698842107786884,6.077755032293515,0.25572634230926417,STABLE
2484.0576433438277,-44.96121410045742,12.572148825422484,0.7354199106822207,4.848709356356109,2.6846277824150624,5.810329530152784,0.5002519422206251,PULSED
2442.7423949880795,-58.58919884418138,16.094223461487854,1.0524214346297054,3.2582560107520733,4.458365669568346,16.331241132528916,0.5871504256285283,PULSED
2448.8975515344273,-52.71986020570832,6.025889690926227,0.0,0.0,0.30156817968716276,9.631227327545075,0.28389503687637474,STABLE
2471.612100425006,-46.06449952232912,98.39341974461354,0.0,0.0,13.327060681349462,7.859902502085138,0.7345846952772768,WIDEBAND
2463.8178158146293,-44.000117983210274,71.58543914441083,0.0,0.0,1.3255099913391337,8.92588995949825,0.7483317251049113,WIDEBAND
2492.4848461606352,-33.63180798056849,16.157182248368844,0.6354606909463488,4.499511437415116,1.495423522206381,6.155424773728797,0.4313513336017268,PULSED
2468.2131947472917,-43.92088876809957,15.624392108249399,0.7492408837315238,3.8001365245105614,36.41173329698643,13.415960606892046,0.650071104863489,AGILE
2415.0993131435066,-53.033521180288304,9.168338146704581,0.0,0.0,0.7739059951195196,14.469288759591278,0.12810282588021837,STABLE
2411.670369167886,-52.42751327527873,10.154957085439367,0.0,0.0,1.225395390530507,5.806620643528332,0.2529844399266759,STABLE
2457.8695492173892,-35.13280331302283,27.221420276120952,1.0048153903810668,1.485963873893661,15.407999720425453,13.395132539754004,0.6509523719859545,AGILE
2421.6885217793174,-52.59318168290703,57.61946506815163,0.0,0.0,4.796120733623157,8.968502884239246,0.7302922415424347,WIDEBAND
2469.0096519712747,-36.37037417511798,13.220587059860373,0.8185609086730058,3.970663997609783,2.907103884904018,10.871641927614572,0.4582765731914958,PULSED
2492.0833295725092,-43.264538968366956,20.216526206280037,0.9082067261983593,3.82782828366185,0.7080326113326345,16.565678138515665,0.40952647668138786,PULSED
2442.073228359688,-41.708110658948605,12.850819268255098,0.9023141871532155,4.3315728859183515,3.934383380440005,15.705755825659349,0.526223761849225,PULSED
2479.8448344828057,-54.65553957137105,5.76534479589745,0.0,0.0,1.8316930280213624,13.411660618430183,0.2552777737798601,STABLE
2428.2849857030933,-26.129737520407595,15.936342702762255,0.9124412898419494,4.0804386557368595,5.055495983998808,9.894009141081149,0.4029628770603122,PULSED
2405.1637608541964,-56.83575060683164,19.29974438669047,0.39786461951533303,3.3200151035293146,14.295193722577098,12.38098416766568,0.7261776380570226,AGILE
2420.611414119133,-46.45972666899286,93.99429556134126,0.0,0.0,11.01218194824531,10.881878684931092,0.7656958816986529,WIDEBAND
2447.6866449082872,-39.208019540109824,20.857311201814706,0.6424609530819994,7.3239264089150415,8.0,3.549953914942552,0.5234796392469944,AGILE
2462.300557207769,-55.15125559147184,25.055835870746378,0.5071387034934328,3.630541705327013,3.5314285953452704,11.442122953962407,0.3253266176226499,PULSED
2437.8762148245273,-53.43522988185957,65.63488279334109,0.0,0.0,8.492289916972549,2.5096097815474323,0.7286799483577125,WIDEBAND
2407.919781776902,-47.173976394085535,77.54983391818396,0.0,0.0,3.121156088363798,8.516926031972128,0.694470364960744,WIDEBAND
2406.375789095239,-51.997618526470085,57.79548771654839,0.0,0.0,9.005810582213998,5.84464995268655,0.8096248635006165,WIDEBAND
2420.066662541292,-55.04635768663409,8.732673937868123,0.0,0.0,0.7683559625648623,9.094097176623503,0.1836050503727273,STABLE
2429.619592969795,-43.56589358251649,27.8277417191315,0.8799413370630743,5.229649550780646,24.686720410633846,8.57407208630788,0.544735476916169,AGILE
2459.8663472457683,-46.656238671138304,19.028283202974492,1.030103624585153,3.634083218869744,4.799261372320143,4.01805922238851,0.4778007447946468,PULSED
2473.473391753904,-52.08261379288344,23.28620686256291,0.6543493082759422,4.44254676559853,0.6636243740728158,6.894524201003644,0.5452039342879802,PULSED
2412.7627009055855,-42.808457633797346,28.358780575097207,0.7756670462362697,3.8943646458053633,29.848623669661386,5.704281211377609,0.48846890263682585,AGILE
2476.392339000659,-52.51665828776384,11.232419363302414,0.0,0.0,0.15059062144379443,18.96854353535153,0.28545437936760126,STABLE
2464.923315524531,-48.31244533253574,8.766754226364942,0.0,0.0,1.395089975837324,11.06051586111149,0.36706075360757795,STABLE
2453.717264832682,-50.643409831321996,6.137853024115794,0.0,0.0,0.7006840869351901,8.818239719409231,0.26038042837913355,STABLE
2494.6183825252406,-41.81407519813284,15.620794502424555,0.5009918654390147,5.931612674335066,23.8082322083382,5.9168716817645866,0.5076658270665722,AGILE
2426.7721443577248,-48.30739514987444,84.40741765286572,0.0,0.0,13.580074158553504,4.0525735599302894,0.793414242837998,WIDEBAND
2423.5475170401755,-52.31014176546172,7.641668013573173,0.0,0.0,1.3902186385309954,5.6074842790005155,0.1567173956152088,STABLE
2478.3020138768215,-56.2372903320223,58.53192188627926,0.0,0.0,12.203216660869327,6.583336429130501,0.7863080860601376,WIDEBAND
2416.0183957026893,-45.226119978058115,22.761654272964286,0.7655649689426007,5.195566295347028,24.988264851689532,12.54365002665984,0.5331549295117088,AGILE
2490.0215798281333,-33.182879712973296,16.13994979025077,0.4135616048712514,3.5692186918413484,27.59786428657654,11.890268242392787,0.6051401990858316,AGILE
2440.303705670115,-34.27007165598668,16.819784136229767,0.37406646212112005,5.200534705843015,23.003855595764804,13.942094329945428,0.6774992477169324,AGILE
2406.0564113215255,-35.65832567835629,22.288307475830347,0.6174932780517347,5.720107466315122,7.734947945269234,14.393030768142467,0.6194742808955183,PULSED
2488.728568160974,-28.047369213467263,22.341508781963416,0.42544344014353513,5.10455429314703,31.16017592716776,6.6359438911445,0.43360042956699907,AGILE
2446.0769605239566,-52.313117699663735,8.116548661870894,0.0,0.0,1.9389910550913012,7.073080574577961,0.26668862358727763,STABLE
2411.2202309586155,-43.27756406967997,79.04645901336211,0.0,0.0,10.42479239979106,9.77657567494499,0.6248427436866427,WIDEBAND
2493.2087070285893,-62.34904898692126,74.40063698808879,0.0,0.0,8.122553298060675,8.697127346510136,0.7471550774046477,WIDEBAND
2411.1707379775157,-43.90408218616094,19.967064438350484,0.1,3.705984942099159,33.730033423439856,6.838800355228061,0.5413512878989919,AGILE
2443.6077746857086,-37.0785415434396,27.01093358497081,0.41871466028896387,5.205754633938046,12.97855238434561,11.69805505266683,0.5625977216507837,AGILE
2481.9259385559985,-67.51016978007927,8.778075180867527,0.0,0.0,1.1959695502462433,12.41389665217794,0.3003740854464551,STABLE
2455.7772507036643,-56.77292178234619,17.453147461994547,1.2611886068897742,2.9455479275003036,3.951876412679866,9.474543136862746,0.4730188377411456,PULSED
2415.405501902709,-52.20871281279115,55.002160086817554,0.0,0.0,9.695119069640826,4.367721306057415,0.8118716503724323,WIDEBAND
2446.5101928464096,-63.79534897020123,6.712505149467499,0.0,0.0,1.0767692019458883,18.659960633750654,0.154242570423627,STABLE
2463.5168162846726,-44.608569974223656,12.155842483068511,0.503843095893241,5.061293961995091,31.021777627896945,4.970046635704563,0.6047114935294717,AGILE
2410.9531260072945,-58.926162496994515,76.54923724057119,0.0,0.0,8.518272163340137,11.656203346050848,0.6841500186641452,WIDEBAND
2430.7668570951114,-46.70040998137574,14.870468855254305,1.1533685042988377,5.695392905522644,2.161419516579481,6.533577896105538,0.5426535971903979,PULSED
2454.827331785819,-52.783851641800574,7.0135563089881785,0.0,0.0,3.048304946823288,12.509912609919045,0.32746174331104816,STABLE
2451.885836038645,-47.16398954975905,8.438765002727713,0.0,0.0,1.1712582153330102,10.60486593310565,0.27572538630769683,STABLE
2417.23643815844,-58.0017078360044,24.433830019785276,0.7127264591650206,5.638881567485429,5.2414256784570945,17.46146539557592,0.44161140897735734,PULSED
2417.613829917308,-55.61438023966658,6.6988727591888155,0.0,0.0,0.9606300306203928,10.411380297773803,0.19722942228046345,STABLE
2420.442213789021,-49.491427073966115,13.99280610122402,0.5050070795968311,4.75476867615646,7.526984621119485,8.891549951153593,0.31713064993583334,PULSED
2495.482051690797,-51.80465803266367,49.70939061154345,0.0,0.0,14.7633026115288,5.461849365311612,0.8675773777398164,WIDEBAND
2477.692193972911,-40.32949929063908,61.5717311454138,0.0,0.0,8.0853541945813,6.305349720983362,0.7583506612005659,WIDEBAND
2481.8701827703017,-47.020760509489406,4.136927787253267,0.0,0.0,1.7027183337769607,17.399731084854313,0.15840484859873896,STABLE
2416.1463548540337,-50.0404240772109,23.37531117144408,0.4197779107979932,2.9712944396512664,32.081920380461995,11.406973699368047,0.6383442401010466,AGILE
2458.682823075128,-35.37273528594843,21.61539734055274,0.7489493008387749,4.147966872217002,16.15959339028425,5.544518036651256,0.4892819074442296,AGILE
2414.918418388635,-58.724928314083535,9.572398537305828,0.0,0.0,2.2807872402352416,7.324777671590851,0.33585514112946113,STABLE
2470.2092512000586,-43.72089640118985,12.852055484964827,1.069605631605647,4.862573136093065,3.347729780590088,14.873290782730503,0.4438908400454627,PULSED
2444.8628808461685,-41.125216465202335,20.16091812330121,0.8020244528372147,3.16808511996234,1.396805297778815,10.64638438390079,0.27887962211424544,PULSED
2403.214939510056,-56.28371886316487,9.32858460411127,0.0,0.0,1.0318492408583908,12.99110641006817,0.24472561075784713,STABLE
2420.4158890964277,-51.20076947485952,17.804182137606766,1.0803491890742418,3.899233298957916,27.26738011639407,14.928824245349707,0.42678382937015785,AGILE
2497.65225011333,-41.50476302152348,16.344098029739254,0.7672242860111759,5.667413306877214,3.087215140348803,6.579295299588431,0.4419904386450731,PULSED
2425.745195932396,-54.77663298147054,7.822407104574998,0.0,0.0,1.5030370012971672,11.970194567859943,0.11082335639492691,STABLE
2475.6642450583836,-47.46906697260453,22.629499952443062,0.9652127094570007,5.337713475929899,35.77654711153603,13.935232840321005,0.5536507772766669,AGILE
2433.9294588693315,-43.53558255259351,25.125396663127226,0.507841278502657,4.653662145476607,6.888500792804759,17.989638623876363,0.4948366219967044,PULSED
2412.9921505335474,-60.04093886177517,6.351037568617521,0.0,0.0,2.0204742302597607,11.55727878308496,0.2825892560983117,STABLE
2444.727568690827,-57.353356077521696,4.286379196119668,0.0,0.0,0.9568165485184142,12.514748165476652,0.3058226714573735,STABLE
2416.9134707382855,-63.030294467943065,10.094630572147517,0.0,0.0,0.38185106950527703,6.069568012772681,0.3653767716439946,STABLE
2477.361262304159,-55.95869059227907,25.600530612084352,0.6806983427637837,6.260640379887802,3.7536394084821896,15.489963577564405,0.5036809941768801,PULSED
2467.265179243391,-34.86384379781959,70.54277030403951,0.0,0.0,6.332159405176236,11.960838740691134,0.7837892853879624,WIDEBAND
2408.4305270566374,-32.0002669237505,62.350373171865755,0.0,0.0,8.599366816924165,7.732451962534887,0.7940743742864251,WIDEBAND
2419.1939518092327,-49.35961307544476,81.1546157363751,0.0,0.0,3.1478908485826143,5.311474635880957,0.8626938618230787,WIDEBAND
2462.1850791283828,-37.51914092910711,21.933026768874065,0.664043007680877,3.2819507805474473,1.6894651136205483,13.169466440780937,0.44285274130699886,PULSED
2479.054792051766,-38.953955670803104,16.22521369434804,0.34585612450126846,7.0833415656395,16.98213491186206,11.617530081397089,0.5714715397055313,AGILE
2423.104898077635,-58.7076231479046,29.13959077702016,0.6620095504753313,5.750201579186707,32.42935279488359,3.9838264734595707,0.5178662644852933,AGILE
2467.861058376833,-47.07505204723621,19.24093297238348,0.8023341794691171,5.252443255984539,0.9503440334321565,12.604710517431855,0.450273270720681,PULSED
2482.853301927951,-44.768563630368405,14.217086406394403,0.9859123293459069,5.309368141448793,26.215810670779256,14.25063608103471,0.5583261723975514,AGILE
2411.017050912102,-46.37719205909717,44.57710728682714,0.0,0.0,9.579291432593271,5.47873965877291,0.6809937628385611,WIDEBAND
2417.534651145392,-48.81882758108361,8.368115662543131,0.0,0.0,2.270126057989473,7.0581688668591855,0.21631101839302697,STABLE
2409.310933085853,-52.276026211318246,10.465727486618018,0.0,0.0,1.3227230640015177,10.408476661637756,0.20859306753088325,STABLE
2435.996592715769,-44.294514857329595,20.194894418009127,1.0407852432937632,4.91197424650787,3.2546576744272366,5.73317065243245,0.41954478738188283,PULSED
2417.570699270213,-39.78913886411599,16.122999180123834,0.8889233455284278,4.131998408561322,4.130338132728463,12.3669343654378,0.4221211137578483,PULSED
2443.5097060003036,-62.667625445917714,8.34517583544424,0.0,0.0,2.7632730051283483,18.36188736317787,0.24288170043340704,STABLE
2468.455142437874,-51.650688546714775,8.303033943495956,0.0,0.0,1.720378088774227,19.330733261063727,0.27292345446774996,STABLE
2474.724235760952,-44.79340203256107,70.46474425377949,0.0,0.0,11.939451798054018,8.032050433828289,0.7096522464673443,WIDEBAND
2430.9964730323068,-48.58932228943043,12.037233142991518,0.36411229509391896,5.871017315678506,35.24666205210563,3.0707716311003628,0.5996314395556781,AGILE
2488.5862569609108,-40.282251515561434,18.50184904565916,0.6670050095398586,1.9826247931543795,19.7537024115044,4.052330306163507,0.700476490199761,AGILE
2450.1761626615667,-45.58310674667612,35.36760172329586,0.0,0.0,3.718998473627554,9.057709699539593,0.8430681789626995,WIDEBAND
2448.6227439314525,-39.30842608064539,45.560361344504685,0.0,0.0,8.314936572856872,3.7773619131741003,0.7895880254588126,WIDEBAND
2431.5696905838195,-54.15675403049176,14.48251815395357,0.0,0.0,2.3436269572336657,14.753184112725634,0.19744453515509588,STABLE
2422.1781125685557,-46.55347735277866,55.39903956549451,0.0,0.0,3.0474344788000494,8.496760972871556,0.8886348401681933,WIDEBAND
2449.3478060946823,-32.63861040136939,29.52542904054825,0.8211090763878126,2.6176245644945584,11.725267198918464,4.42297102582903,0.4000431793987943,AGILE
2472.6785827938893,-47.99114846947563,14.227629814582045,0.6591345195517542,5.076295745613798,19.375355392479392,8.784957353499612,0.6868399342050404,AGILE
2448.110229095487,-44.6497878427622,57.848705202480986,0.0,0.0,1.0,3.1347931295535343,0.7771163128561706,WIDEBAND
2402.3970355527954,-52.74373378226433,5.029889041745128,0.0,0.0,2.4523308506349952,7.450875502241817,0.21635475015473526,STABLE
2496.564020219687,-39.25848691581718,9.829268762461139,0.8706949360720958,4.538932579943625,3.1037485005905765,7.751412408184296,0.39325694473456047,PULSED
2472.328969434785,-50.112660887118835,16.026625474305316,1.3162988095220807,3.381396415499826,3.1620469933662188,12.84076909098518,0.4257333797382006,PULSED
2400.247793085702,-68.17110247913325,3.9551058879130414,0.0,0.0,1.6035276295166951,17.245356088637408,0.18364988907087293,STABLE
2498.7382422647684,-36.55758548254206,73.00396188575095,0.0,0.0,8.148333277512778,2.0768724192047943,0.7808163881684528,WIDEBAND
2488.450951311169,-58.96724293450544,37.7253302562484,0.0,0.0,14.035952895247089,2.9012738334548276,0.7956548122901481,WIDEBAND
2483.4954374159875,-44.44456481163797,22.066486769601035,1.0532022885509,5.320150214953602,2.3710170242771835,16.546028616017683,0.5465658310080385,PULSED
2425.9146515710204,-50.557925994823435,17.068087870197417,0.3786570337958263,5.48584674406289,0.6068626088487843,12.9235966307591,0.35187955255819603,PULSED
2438.4480975768897,-40.70385942186189,16.938708179832187,0.7067638858113119,4.475236728940102,46.42122578340138,14.311163854143151,0.6015882772126407,AGILE
2481.352531143457,-54.54797960183932,11.058078495050715,0.4965495784771967,5.0110540311585074,6.404756233155512,9.678490994141326,0.41186452760284503,PULSED
2470.200218111037,-56.706183028240574,8.370651298830763,0.0,0.0,1.9953368935803146,16.811483329789308,0.3138310919640615,STABLE
2408.11540004239,-56.022330540136664,3.730612665046288,0.0,0.0,1.9938252643938068,11.110435817944584,0.2685634942094167,STABLE
2428.9834113849492,-51.22722223833818,11.419887908024142,0.0,0.0,3.314115363119404,14.353195544641189,0.25422514763963733,STABLE
2410.2807243089396,-39.68666744249717,12.6347058942069,1.0431307328005341,2.4727750974955884,27.703713549379046,14.442975356083275,0.5069374649815208,AGILE
2465.85711623461,-44.85644005188566,21.79364010327167,0.8059661052973955,4.6425100228576275,3.939953104383057,17.66742006476937,0.3969718222290636,PULSED
2477.5540901864115,-43.77355900516869,20.920202046276632,0.7040087435157846,3.6380719594366795,2.3874578665957533,14.82104189437542,0.5029765711376241,PULSED
2427.5781246390357,-48.0325944034418,13.533553076958729,0.7441782313979314,2.6536660027154055,3.1695110618824254,10.242425798167003,0.3640469080710064,PULSED
2494.7412993690464,-50.737292119018,25.257936859229943,1.036713313378787,4.484708309011356,1.7825014671947943,16.197910419891148,0.47174030812265116,PULSED
2486.4934172120356,-49.298575076077,29.87711605467543,0.7744053806081479,5.465643578337663,28.63596946325854,9.08454551921332,0.5220395991943737,AGILE
2422.0131080233095,-64.5909911920797,5.2637543074933895,0.0,0.0,2.932718856986332,19.69432521686432,0.2692627605498901,STABLE
2407.7381463683814,-55.20205669624968,22.859502819287542,0.7493952563577846,4.888830154821079,17.726593617078063,11.185799336435544,0.6206778667510858,AGILE
2423.04916631505,-44.23074343366563,21.671359929042833,0.5412837018199719,2.703911537599825,23.077495045074375,4.985149787149179,0.6279003248882373,AGILE
2479.3627539273275,-53.323854394918285,16.27965565927966,0.8624559528831195,4.254667694069648,25.862517810022993,9.378210461965804,0.40567956949139516,AGILE
2474.0800569116536,-45.48285106119078,97.13619858831467,0.0,0.0,10.96049168514734,10.801556697595048,0.7133109622929619,WIDEBAND
2467.5811677173856,-46.67296752454267,55.05041754332682,0.0,0.0,4.766398190040092,5.499210293016067,0.7851670582190917,WIDEBAND
2480.6243595842575,-47.75647106081199,69.04510730657134,0.0,0.0,8.10414025052958,2.3114692306915967,0.7407427391434908,WIDEBAND
2411.1422517081924,-34.065837898284784,25.614680381408782,0.5544419881980275,3.43503497041764,16.318831548079707,7.037837314271147,0.47487656805269707,AGILE
2464.8560525919306,-29.731660528223998,23.321582879475805,0.7774546558153157,6.401293444377634,22.684716504014652,5.774662645110219,0.726834739159028,AGILE
2408.0680378414663,-51.02484322131232,4.955371538783881,0.0,0.0,1.3151522560804079,6.428504154325632,0.3967790715346194,STABLE
2430.7399933370484,-49.96645008368445,24.638601965904652,0.7977185016318429,4.371438678622866,4.213916087734411,14.947706968886342,0.4224304235153936,PULSED
2471.9257649219535,-36.93885805573447,28.770991166784682,1.1202469197931557,6.302627922543766,4.452239210291206,12.575394250591316,0.4558022442108774,PULSED
2419.5889039580006,-44.256940407892266,26.084173085604256,0.6866627167097206,3.938943473594736,24.175018194820765,4.953843767860549,0.6151066122737271,AGILE
2472.3571563816213,-45.942240136245616,25.006604926686176,0.9089867347335149,2.737919825536334,19.444436034934338,4.295015367708623,0.40330373742465875,AGILE
2468.3014956448997,-50.386204770557526,9.638208337824278,0.0,0.0,1.0719302772986303,5.79987627400011,0.2824678502930824,STABLE
2415.5595557084243,-66.34223348625255,9.015323537777435,0.0,0.0,2.27227368979422,8.609802133486467,0.22652814980076033,STABLE
2450.2277911808933,-43.76261225241868,15.583846460172696,0.7960552699067598,3.5416958428367193,3.660365927809853,10.213068028710662,0.427807713219507,PULSED
2439.203390106135,-49.85633767883522,19.927794027742358,0.7832480158829792,4.630092906385909,9.357551949932136,9.129685920386908,0.5266810287245987,PULSED
2415.7344538818497,-40.24418302691379,23.270207980818356,0.6916361675555338,4.952500742033061,3.9391456701947147,15.74839225815689,0.22326041738934255,PULSED
2472.714849617194,-39.52781840366528,20.455273024043926,1.1214993411695708,4.747004343972599,3.7164417075992064,9.453643414796476,0.5213518060405676,PULSED
2401.0978584074082,-48.67313359035766,69.17238715783266,0.0,0.0,3.9910502688194915,5.77789964495646,0.851226359639906,WIDEBAND
2420.101614867756,-55.782365433517185,8.827694771624476,0.0,0.0,1.1465153741657044,10.39008550945083,0.19805810914709407,STABLE
2473.5129427519632,-52.12674676887723,4.928715860147761,0.0,0.0,1.8117533642560018,16.400224576160525,0.24115345060490995,STABLE
2499.5526179061944,-48.222514874635245,4.024248340797308,0.0,0.0,0.28808447423125294,8.653528337083351,0.15442147292319142,STABLE
2454.879094970341,-45.851923817169556,25.783534655273833,0.1,3.384334913498569,24.212711332861694,8.128805567923424,0.6572024676601108,AGILE
2414.5763200239835,-44.267342441145956,20.132412021151435,0.6351105265893076,4.489123915341059,5.7091039166661535,11.915816742664234,0.45539282156122063,PULSED
2498.5540169494925,-53.55004168107497,4.450075880715744,0.0,0.0,1.9123283223206486,16.90523225839959,0.32646683301647433,STABLE
2404.1470904659773,-38.371499030429,72.90907022645142,0.0,0.0,8.519500165561746,10.651634702257972,0.691498804032101,WIDEBAND
2458.406334269605,-61.16338358012595,6.498604126991678,0.0,0.0,2.175151256713245,11.221313362429623,0.22312801529341236,STABLE
2494.569365182447,-54.83186687784474,7.565547683562647,0.0,0.0,1.3324729383683134,7.742131556464648,0.3340711765020338,STABLE
2439.206635185584,-62.759713228846074,72.70355274225231,0.0,0.0,3.6866622355647456,4.289794001156329,0.7798940214618637,WIDEBAND
2494.6326573216897,-50.17928761198525,21.66689049338757,0.47679565257068046,3.372540004446092,15.91828693151646,12.652716023205668,0.5662670152560525,AGILE
2421.7844573998245,-43.2579024626348,25.85125436805935,0.9981002830976009,5.172784831173886,4.700682068902935,12.587990657306218,0.473369540835692,PULSED
2444.159925480609,-40.28878280512424,23.079448947608785,0.39607842745915744,3.7388875519380096,18.843720161274398,13.723827145885494,0.5381237775132591,AGILE
2457.224678694121,-34.60983159466327,11.948416569035,0.3049700145747218,4.326626384135484,31.165903403647487,4.262290692409428,0.4802415136243797,AGILE
2448.051371481935,-48.74586809782189,7.728944364412703,0.0,0.0,1.5292477315206994,7.894616626517657,0.30340162946459104,STABLE
2442.5802556431577,-39.827378671135875,20.687649140969718,0.8183972777548693,4.3707479996744185,2.370061386667958,5.666858023352188,0.5111843417381272,PULSED
2475.172632477355,-54.92167644594736,5.265772231931534,0.0,0.0,1.068378024183684,11.399524963316761,0.2748087726433433,STABLE
2456.2898233262617,-44.38960063830956,21.843964019606297,0.5719232934075624,3.7861356430509883,22.56611145014339,6.940824406966321,0.6141638287527903,AGILE
2485.8445428600194,-56.60456674241578,17.89476812380804,0.4862925109489186,3.757848012247027,31.1663515451345,14.973337617132167,0.4150857614436623,AGILE
2472.7260953000023,-32.78490172969214,27.84095770877765,0.5685369991277254,5.387190705046461,39.30866415029885,7.44277759184231,0.6076650877481597,AGILE
2409.9405947024024,-44.428189977125356,67.19796959715089,0.0,0.0,12.1901678652116,6.549916000942639,0.7986174262004009,WIDEBAND
2498.659007592209,-53.55747187523146,6.999570282487475,0.0,0.0,0.30955460485451747,17.857378931731237,0.17153998609690363,STABLE
2437.371800288235,-50.38085864166787,4.2136576775237895,0.0,0.0,1.673818526582899,8.724413718279392,0.2793201114680384,STABLE
2409.005503778216,-51.82703503969232,8.755925252068147,0.0,0.0,3.0263587946775052,5.730011822612525,0.22462514465064984,STABLE
2434.213398127242,-52.95564516415398,35.0,0.0,0.0,4.194701995712659,5.037167726088164,0.782822541188124,WIDEBAND
2490.5894640705137,-36.39964530633436,14.727213425385019,0.6874215965290607,4.45012866392005,18.209055918776706,8.959919095961196,0.5204428793476872,AGILE
2456.620581943842,-33.305350314965835,17.04413987130382,0.853575921795231,1.1907789458180922,35.369725452310895,9.03355555669478,0.5496272002014303,AGILE
2407.891038485984,-41.767235491746995,52.62426712787728,0.0,0.0,11.53616203851772,3.613711425259108,0.8790181585227002,WIDEBAND
2440.2587100532505,-57.38291959875562,69.71299838810363,0.0,0.0,9.716580173757993,2.788208325345007,0.854171592084711,WIDEBAND
2427.0460051819277,-55.21565632846994,100.0,0.0,0.0,15.287270680230254,10.742624018355356,0.787068618981948,WIDEBAND
2483.7429829704233,-65.70321093610417,77.35352575099785,0.0,0.0,12.737019229009745,10.579563762666258,0.7390490599929265,WIDEBAND
2446.9942539792883,-35.80546716625119,28.34739701839241,0.6986427228865401,4.633776304446887,14.88246160240017,12.965243335781576,0.728083054876142,AGILE
2422.1340194772056,-47.38567335324522,11.433499142104493,0.6587966555728532,4.124580883593305,19.778330676251095,7.32665175586219,0.44553996340716917,AGILE
2425.941563356625,-49.01775227261536,38.71229462941058,0.0,0.0,15.65641500823634,8.0574042500607,0.7429211966777665,WIDEBAND
2481.0560610118177,-65.57851356540357,10.376673076717875,0.0,0.0,1.2503237439629669,10.201287473915942,0.17059447439420772,STABLE
2453.1691857878704,-41.43860548471195,21.377772163084686,0.5858054307153141,2.3182869288902426,29.105382318279233,9.106036998271636,0.4299678486520707,AGILE
2459.937796772215,-48.509241349027945,13.15523522162901,0.6814533460363154,3.841025216978977,3.7975728839681646,4.135282752643475,0.4255191901522553,PULSED
2453.6513857053656,-42.9385712009546,27.018886708514557,0.4057083527069242,4.948626583196356,19.65693480169926,11.334571212761027,0.5108864749230342,AGILE
2428.1017830655433,-54.334595524719674,88.85698580236587,0.0,0.0,9.754211938892448,3.920234899026804,0.8119250322257867,WIDEBAND
2429.7616136377574,-45.991356173829764,14.320261250482508,0.8775019585272412,2.8398274710673244,24.762824088629017,8.623259325600895,0.5530810681749192,AGILE
2411.7961466420134,-34.32833408411692,7.547946418416899,0.935748163107657,4.749496733431346,19.01982937308996,3.831182504600169,0.7395955299848308,AGILE
2442.433642892301,-54.0907552254084,9.100507486067398,0.0,0.0,3.1494393221852865,19.314024151409225,0.30855939698895046,STABLE
2404.779356718745,-38.32031597629998,55.57896936467613,0.0,0.0,7.810011160552976,8.032237386136037,0.7983180924119397,WIDEBAND
2429.658480661264,-51.08591448574749,90.6627212055092,0.0,0.0,3.7015779076340483,10.774766443642193,0.8305064484566179,WIDEBAND
2462.3575147702686,-46.689642237708156,8.708957909990913,0.0,0.0,1.479764587548038,9.414844622522505,0.3177982236464534,STABLE
2417.9413948622214,-53.31220625528327,64.92713935090052,0.0,0.0,5.6445575820649365,3.19622410311342,0.689271367062807,WIDEBAND
2427.6851635074727,-50.05329169434718,74.26081661836962,0.0,0.0,6.6604235116322705,2.1301850315255204,0.856581773222381,WIDEBAND
2464.201194531056,-35.114424833523756,16.344990730749664,1.1332554424873027,1.1430268217440833,12.318920736621648,13.176402060356779,0.5974041667446385,AGILE
2468.297248621295,-41.039318995392215,10.561050348458242,0.8407405303312465,4.444681538399921,9.724527154569042,11.183248402863619,0.402288636017325,PULSED
2459.5180973189103,-57.71571363792366,7.5088996695986285,0.0,0.0,2.5270761014634404,8.41716726629576,0.17106018668353404,STABLE
2433.1199406806213,-59.59352747972994,9.854501014691772,0.0,0.0,2.9166381773820502,5.469158769122096,0.19615475675371402,STABLE
2422.9326251308075,-43.888578570234124,24.769561926350086,0.5986887693724628,4.759088530739552,25.337268460612272,13.432360238499571,0.5299813282261824,AGILE
2429.3549819440836,-61.2381654312247,29.957163040816138,0.6012637328026655,3.40675905827291,20.154535478502407,13.043002310259503,0.4611611081062711,AGILE
2465.274466454814,-47.954283041543874,15.853912738639815,0.5474605815721729,3.615459511375363,4.121273795180561,9.586000812336664,0.33574746849728404,PULSED
2472.2268036227106,-21.034087454127423,31.432958114589837,1.1895329663334517,4.487751311583586,26.826625869493387,3.188037927006255,0.5500062204610364,AGILE
2455.932133365341,-42.25581372258061,18.57174554910298,0.8942831210777569,5.565901769415065,2.1326584311641965,11.636883039438711,0.5071941707280322,PULSED
2417.883580741446,-46.15244339926063,45.268539006732354,0.0,0.0,12.786119471917218,10.718511498407223,0.8140469605821705,WIDEBAND
2464.338575303324,-47.587062987813006,20.3158043556364,0.9597794432583377,4.7227620939504815,5.897874988633518,5.8654441150511625,0.4096618865501076,PULSED
2472.308602774361,-43.5779124684215,19.35994637568794,0.34703269034138573,1.0,16.787899684649567,8.10512195606334,0.5986143468277474,AGILE
2438.9563130732986,-45.13968951172507,19.43004616576389,0.6156112136947975,6.369081342090336,4.027238836629985,10.772135227740229,0.4133417729006656,PULSED
2415.2813264052206,-56.283133605963485,6.045507537736287,0.0,0.0,2.313741878096164,7.646864795433492,0.27098630906290355,STABLE
2469.9312375694108,-48.044709493953015,16.754826470280985,0.5175511504259871,4.2219699036500895,7.516221832428677,14.606601290206772,0.36981537866795217,PULSED
2478.2982878695093,-33.76212969909583,18.667516111033663,1.2235497436451994,3.53002629289022,4.3693044152617215,13.075947892355904,0.4611577868680032,PULSED
2448.8740499336436,-40.311236053584935,5.0,0.7833028302927973,7.499853150870841,6.652258140073369,12.366053653070958,0.4249259333853125,PULSED
2486.2158914213815,-45.35506193862173,16.361000999920815,0.9086769671925995,5.0322704740702235,1.4801065978947126,12.025665210828901,0.4710326562106413,PULSED
2478.876379506154,-52.79726662975875,76.08242119064882,0.0,0.0,9.173815280251493,5.194001178790801,0.8374494235724675,WIDEBAND
2499.7994537723284,-36.48369178840972,20.78458076382033,0.8822604469527315,5.647835833371929,5.472030886286589,10.346974356442395,0.5085566983449689,PULSED
2404.111429839208,-46.68325269890252,25.59885818240688,0.7833669468378337,4.628890354798255,16.78131715025184,9.983628958729478,0.7186172985746181,AGILE
2471.035919202283,-61.5573714465925,5.105990847169968,0.0,0.0,2.8778879535965194,7.442848268640537,0.272781254836839,STABLE
2460.7695509418463,-50.297441395613205,8.704838758020081,0.0,0.0,1.0194426977845303,9.554876256648035,0.2933957835894262,STABLE
2485.3345474934595,-39.684247971631834,66.04686231650908,0.0,0.0,7.8709150935402254,3.44530377180888,0.7159263731282584,WIDEBAND
2494.7698321465336,-47.9690868076166,20.62445182158497,0.5215992920962806,4.86862290847152,6.178274367826723,16.41703637017462,0.5497941069458945,PULSED
2421.950415094834,-63.46922352745711,11.34886336479059,0.0,0.0,1.7812566263699672,5.59828404069716,0.19396357284122417,STABLE
2423.1032669725987,-48.080651308581174,89.52727391025778,0.0,0.0,8.79924349966864,5.0033728554659,0.7300165532921082,WIDEBAND
2458.485173552641,-47.52758613435777,74.40719456746352,0.0,0.0,7.598181059468162,10.634737539275426,0.7719215199085712,WIDEBAND
2468.01757436702,-45.307097624789265,21.566996617274185,0.4234823155294182,5.418815633071933,28.440441125382844,11.075870959946556,0.4861180779032974,AGILE
2474.94184137361,-32.75145451765467,20.123652240712715,0.8959392303318063,6.283893078782095,24.358544231336985,4.736783791568715,0.5640450487333243,AGILE
2417.5892566672183,-40.97732511663061,17.430647238023596,0.5642387013147678,5.462369204855503,3.867976283509535,16.828589423075382,0.4533599269715273,PULSED
2404.688582149393,-30.263074321975346,21.741836917937334,0.5429339001696584,5.278572546372304,5.542761053100932,6.302698467327254,0.5170386168441838,PULSED
2448.0607630942304,-63.263893933122205,10.944029132980267,0.0,0.0,1.619873931189824,9.339802041535018,0.25710087480329225,STABLE
2498.5867049344447,-41.6048452410574,29.607301422207275,0.7244112695090503,3.825330539059503,43.04595055306646,8.350468457293848,0.631673391539846,AGILE
2497.983593041705,-50.964778636265265,44.66877455067568,0.0,0.0,18.367690443362704,6.818389065795099,0.8038046504846327,WIDEBAND
2423.790988666433,-61.5250127185687,6.376799897615785,0.0,0.0,0.2084149967276887,17.880096807257964,0.1291171311439951,STABLE
2466.9179574674345,-54.08207322007602,14.8471380421339,0.7927069142503043,3.5646467214118926,0.008287767027201909,6.20164457361919,0.49580868497385927,PULSED
2456.800097519814,-46.299120747428354,25.002362235988898,0.8452513841827117,6.795785777214056,2.5025345723683916,13.722114070322766,0.3978271970210444,PULSED
2495.694752476111,-52.77396937185402,71.93738176849972,0.0,0.0,13.588761960298255,10.290089211880176,0.9277929798888916,WIDEBAND
2438.5392237349515,-55.638612627539,35.0,0.0,0.0,18.03033318477157,9.708631869101126,0.5445175937653555,WIDEBAND
2407.216366320872,-38.62504740672385,17.012890411676835,0.9390069686898961,4.1592333585841565,5.074085066721372,15.667241522606167,0.48675668127735505,PULSED
2488.989282075287,-49.705979410779996,18.37944291345259,0.3436343562392028,5.3030020235600785,17.73555659538228,9.89796076390872,0.41098441816064024,AGILE
2428.0787484159705,-48.72899088828361,12.972928662621605,0.5747235166236863,2.9803354294063515,36.40371338599541,4.92828465500817,0.47835186098794613,AGILE
2482.8542645604875,-57.05948185018037,16.277664114625917,1.162155471140981,4.9536750849477285,4.357154188896427,7.2342499160994524,0.4850500393952758,PULSED
2454.207903495072,-67.64772005066466,7.271123495471078,0.0,0.0,0.24416805159157917,8.82660396541071,0.24972202166653928,STABLE
2416.3927994716596,-51.34991987791396,28.92217708606534,0.7125393297377115,2.6258313095130794,27.170855701300674,5.2738012301003465,0.6492792325454384,AGILE
2492.4735635934107,-46.23199004927729,83.08981263360678,0.0,0.0,3.1948859508451175,5.721460877100737,0.8613572043510291,WIDEBAND
2444.1077429617285,-50.220735816880016,7.528331512371637,0.0,0.0,1.2546421697392502,5.480653840672658,0.351795200978251,STABLE
2490.0645183062497,-40.10343135478879,9.088629612963793,0.9712345014255048,2.99112504408612,3.764811032296935,9.107708065748488,0.5644997263432012,PULSED
2486.088616852099,-46.059253946220565,8.717912881302942,0.0,0.0,1.5368465108616924,19.39394393089242,0.3509430151204059,STABLE
2419.0160531928664,-56.24861295202547,58.394230109071,0.0,0.0,12.516165333065391,5.012195718592676,0.8640194436527447,WIDEBAND
2445.965408044167,-42.84781162962566,9.36806284250859,0.4965148663058257,5.91889299247468,27.069037255181353,5.792797144827009,0.7867629179183872,AGILE
2463.1958976593864,-53.07904254910849,25.67953524621316,0.7085170682382133,3.6737541910189777,0.4757639750549121,16.72773699494943,0.33362895019760486,PULSED
2480.477186584915,-39.082136153054684,13.967617002816485,0.21662701297036735,2.3168708291536064,23.125156093894013,3.635748977778209,0.527191009668149,AGILE
2485.4392790993497,-53.539606501596765,6.35621645691392,0.0,0.0,2.7603013195484323,5.1122449416014994,0.2575699117858585,STABLE
2411.9630455241045,-45.22077147468437,12.329656802883363,0.4594844558538862,4.506137966050973,2.6259985321721837,6.8834629281940565,0.42389492356230046,PULSED
2484.2294059718715,-47.426642944338596,23.56581308884258,0.6424019902324908,3.1366629925756913,28.78015441173489,6.192990484561568,0.48949994491126525,AGILE
2472.5708395737743,-54.39215766908042,5.844527283905473,0.0,0.0,1.839398509964151,5.024462714447973,0.33402195501287985,STABLE
2492.158355887975,-60.08475654350073,15.090924423604292,0.9138875868511946,5.940901455900325,8.553079386885544,17.85359700500826,0.46503380751321216,PULSED
2405.9535108884284,-40.079369474994664,74.07787587411336,0.0,0.0,9.936551908377112,8.376317250921195,0.7246277282890511,WIDEBAND
2427.0428556669817,-41.51431405703552,13.429063520523016,0.593013246550295,2.2847478890633557,30.148458920007833,10.139370368112832,0.5476052661450639,AGILE
2426.9285906528244,-48.985151321505384,74.80525075758156,0.0,0.0,9.023252307056655,8.587812726318704,0.7529653168065188,WIDEBAND
2428.74185048352,-60.53455274940913,20.27410487818505,0.6545754848076009,6.077806189587989,4.816380938840347,10.386330235937905,0.4715064136396382,PULSED
2499.002491412318,-32.006484028233004,16.89387174674461,0.8838686755485737,5.068389501995,7.46101367470571,12.503741334665923,0.48016987530161764,PULSED
2496.9458583725586,-61.10334604660985,9.732450401717058,0.0,0.0,2.0859422478102707,8.29369388303137,0.22578447288883996,STABLE
2410.5707629020103,-40.70012422382327,20.285324570884313,0.6993922805245834,6.4580048228983316,12.051648085454529,10.427730638889663,0.45797377660374694,PULSED
2437.6469434406367,-55.33864658132264,6.846603022144995,0.0,0.0,1.1404132561842366,9.812553439097258,0.2434878020388906,STABLE
2478.678671202251,-50.41531356698926,11.375106078973277,0.0,0.0,2.1257025912757923,10.134036114320342,0.23605796563739373,STABLE
2473.7160374816162,-42.7525279946074,18.967110075969256,0.5454586361673442,4.763945203334626,30.077801513433766,6.732289709384613,0.5838915358077563,AGILE
2496.8125623090277,-46.85713549345298,23.203046099449615,0.2792735995536334,7.339610348459684,13.462265903131039,9.04346358984994,0.33778127854885076,AGILE
2468.9521704895405,-37.874340352335686,25.36368993083592,0.9961014582435157,5.996565950182502,43.59843167676732,7.290959275669287,0.48305532234724935,AGILE
2487.1912593879683,-61.020134132350876,78.93318925760462,0.0,0.0,16.7421998778794,6.31418574075426,0.8110056392907227,WIDEBAND
2480.4797202630107,-40.323989505936034,21.976705454643483,0.8399595013502267,5.970237780770434,30.511817311566098,6.586414001041163,0.41478272856757825,AGILE
2432.5819948055405,-40.25077424004519,14.37385556439874,0.2841403550290297,6.468670094130908,29.110347299081862,6.342483768461948,0.515626861144183,AGILE
2415.7611648624998,-52.69963681387903,9.999648493820589,0.0,0.0,0.6531711344172725,10.749797341661147,0.3388873328595384,STABLE
2456.7097263668716,-43.87345431755483,19.51501396628908,0.41376276537423506,6.58697156438575,14.731364614134385,4.936281696140407,0.5607598453272968,AGILE
2436.089509145993,-50.56855724046586,22.06686344736663,0.3975372041670153,5.716458867874424,5.053413388977787,5.626986084644804,0.5336387940409898,PULSED
2480.847589885968,-34.0965928133299,17.033280895600335,0.7465398927687095,4.420709108266907,28.12628232220681,4.962580998733598,0.6018899508999482,AGILE
2431.3846772111647,-54.20592096158396,8.13582633833867,0.0,0.0,1.9385027037137568,9.54446943255953,0.1301519984266084,STABLE
2414.9126973038346,-51.26570282284298,67.88678547075023,0.0,0.0,6.4472166282965775,2.548247909677996,0.7415210413278919,WIDEBAND
2456.725781582724,-54.27541742977748,26.077151365892977,0.5458723445233267,4.998784120956061,3.0196077730439606,8.59537159339056,0.5141085789084439,PULSED
2410.56047908679,-39.514764339918905,25.09731736407477,0.9521706032284472,5.2011817576720425,6.478344124176059,7.592634443139588,0.4526597213075729,PULSED
2467.6738629489414,-64.61364836410597,7.931947994633849,0.0,0.0,2.5367621506274123,10.768461006963804,0.2380198120496286,STABLE
2485.433103164459,-38.17522508896106,7.221965607082247,0.9408497094156868,8.08631617429001,5.24488209351893,7.158528859245818,0.47254636995348914,PULSED
2477.9504652896726,-42.177191454405275,18.525872433547445,0.7343897205512434,5.312041075048871,28.694439248313444,7.80335360344931,0.5448797098792045,AGILE
2409.0440726984134,-53.62473175530959,9.060129411202933,0.0,0.0,0.936261389704094,7.145328127499525,0.2618065657994174,STABLE
2409.4685385413313,-51.850014786054686,18.259116638001828,0.9157414998865326,3.9646392713883207,2.7281715572173852,8.962253100333871,0.5633381484790468,PULSED
2431.445534521355,-41.64257464146882,28.221291161126903,0.5378050522629968,6.258558392219438,24.46450481609287,9.377831101227736,0.5149258959656151,AGILE
2411.839908317867,-50.17257819049098,6.649772095713077,0.0,0.0,1.8231632165884892,9.556949276149162,0.36017355038380117,STABLE
2447.735649484318,-45.64315490884958,17.0647961335891,1.0339286614284984,6.145631007267545,7.131441127723773,16.50159258739513,0.44144682978921945,PULSED
2440.9692183194566,-33.84437848870827,23.76006729471168,0.7010774904160401,4.343511101567159,19.663899858425097,14.97319141494581,0.6574392108461615,AGILE
2438.3058880537783,-36.166925511989035,26.67113653714768,0.46145139149500064,3.997301309430137,10.850457558232792,9.793261448677889,0.6723117576264271,AGILE
2404.5944363993976,-43.974503543027524,50.99620893947433,0.0,0.0,5.874991343206646,6.556797144091382,0.7318187421206793,WIDEBAND
2416.5906867876533,-49.613107549536714,11.257873895247982,0.0,0.0,0.7238803842788699,17.5860459632257,0.33014706017921397,STABLE
2419.926861606519,-38.65296399321872,22.73855878295934,0.9805177981352496,6.018451608728352,3.536841442123887,7.835886440023931,0.3981534977173118,PULSED
2441.6729244783014,-48.574351122575635,18.41092176033878,0.635427652343474,5.869123206461294,0.787456202108832,15.883661157045239,0.4531450409842202,PULSED
2437.259574325304,-40.0369766889691,24.322627898508884,0.6361277728538753,4.5170116305420605,24.65218899520397,7.340095243524599,0.7162594760903365,AGILE
2480.016031939895,-46.765233847869425,9.395934207564736,0.9349336293140879,4.164922535419951,5.494246476459551,13.992585588389982,0.4349667978645596,PULSED
2447.0695426733632,-41.69885712651592,60.83397406489104,0.0,0.0,6.810183227933268,5.904522530806156,0.838069685339675,WIDEBAND
2422.6483656494,-40.48351478827496,23.625267448438077,1.2642818382357766,4.121795801237294,2.4057911317369935,10.562342233893947,0.4497057236750203,PULSED
2404.5831377102186,-49.89937444159914,73.15851105958262,0.0,0.0,7.935086921148959,6.418792028899299,0.747092660161588,WIDEBAND
2474.4579759518033,-59.93621213847461,10.47576737583746,0.0,0.0,1.7295128946340839,13.481988744143564,0.31229739573902915,STABLE
2420.002516030194,-50.66364192557657,59.45065524947471,0.0,0.0,9.340912928784649,7.291969753295249,0.7984030171923199,WIDEBAND
2437.3587590583375,-45.98092898401862,55.09849876687435,0.0,0.0,11.420563500430443,5.327050741557564,0.8303672979813962,WIDEBAND
2433.3672092515403,-41.69035795213394,63.78405960853036,0.0,0.0,9.87050167369163,6.221978966939574,0.6730415559668425,WIDEBAND
2424.6818421579746,-55.58809552065905,61.557252519869074,0.0,0.0,9.42389129212474,7.716441212041516,0.7852054020689924,WIDEBAND
2454.7787279282384,-48.90871934288767,22.32319013422191,0.30628246585649305,3.461067332458361,19.856854810724755,7.337122889295079,0.5153231373466594,AGILE
2453.6233056234187,-38.39460139219266,35.26355358781841,0.0,0.0,2.816719479355842,3.1642352902812094,0.8766648403928051,WIDEBAND
2480.6002295623684,-36.49068904706694,72.47572254668172,0.0,0.0,14.647246467774963,4.884766143573238,0.7692615147589297,WIDEBAND
2413.4346194403697,-36.231415661100854,25.698295364849574,0.9260771254616511,7.569526658544818,3.2872538868671617,15.818555719977681,0.5342542454310536,PULSED
2467.527621614927,-42.752660166087296,13.483501256337039,0.38222507503288955,6.2851807859438935,32.0067182424225,13.265967274686341,0.5057651948881096,AGILE
2455.9015255198174,-44.14156351898612,62.86314686093121,0.0,0.0,15.631380803857901,7.996144943924174,0.8151334399808107,WIDEBAND
2423.8036659731483,-47.71344059123489,19.61729247554686,1.5073047905521255,5.232909955403815,3.8647389214479664,5.6202593583589415,0.5722613093767188,PULSED
2476.504997558295,-43.594245121768296,18.554968225356287,1.2198123719365264,4.250745458511925,6.5628701949133115,12.031109098243535,0.5387160458365142,PULSED
2456.3523236969536,-47.62947512631909,6.720993218225049,0.0,0.0,2.012170927463007,17.976503478659723,0.26487685365111246,STABLE
2481.1596744596663,-54.81319088233013,6.302950049294718,0.0,0.0,0.6611266841379263,19.24453082265125,0.2633279345529671,STABLE
2405.053598865006,-48.53293986552891,5.560248510316956,0.0,0.0,0.8353840947157314,16.39950325551095,0.2489777266397522,STABLE
2469.4199792155464,-33.37586207496773,27.965532829697974,0.6713921038582292,4.047420932286618,21.409688670724684,5.571599413453657,0.4155100303599508,AGILE
2452.4811187609203,-61.37227755307933,5.5464625308967275,0.0,0.0,1.4596207417748626,10.23506338333176,0.2055388852132663,STABLE
2496.9078978214498,-44.39489803142272,22.83379416058242,0.8923937850980618,5.994554456192817,0.17936682184387465,13.741910480917461,0.4208518664089898,PULSED
2482.5230717099225,-45.23661315001857,7.833334746006772,0.0,0.0,1.5373014742352145,13.660085046142239,0.28968870367872884,STABLE
2449.9985749214165,-48.184162536062,100.0,0.0,0.0,12.10543863354333,10.171435317647585,0.8003916060539069,WIDEBAND
2434.072711323127,-42.145476958294665,15.414624067053227,0.5598139717106122,7.523767440068601,6.133624052533506,17.391117194430098,0.4186541367801967,PULSED
2422.4407590345886,-41.20781939194619,18.281442328293558,0.518896406143238,3.3186148655278607,18.82631999201199,13.060337735244893,0.4295297205417116,AGILE
2490.5817358534296,-56.913498130279145,84.30774066866053,0.0,0.0,2.988227476077032,7.575612325070099,0.7056607149844094,WIDEBAND
2482.6774828013877,-51.66855955432346,4.577053680539082,0.0,0.0,1.3278044347390763,17.884493745401457,0.23717218828900263,STABLE
2481.6483982144523,-37.54434567304234,19.389512483980997,0.4950375352710638,1.0,24.89498188604575,11.16428583405928,0.47756174192340783,AGILE
2435.8972613783094,-37.78010855941506,25.39015897163482,0.6248018472702646,4.132390948732156,1.68574270281217,12.66333900562109,0.5396803525533043,PULSED
2476.0952979517006,-49.07651588209954,6.8665739493797,0.0,0.0,0.9952307222942954,13.202201903607659,0.2727183594302821,STABLE
2405.3954420188256,-44.28746149496315,81.34581815090893,0.0,0.0,8.314583696726597,7.457485186513287,0.7942204644052725,WIDEBAND
2404.586910491388,-28.265999817424518,70.39269966782373,0.0,0.0,11.049852909344548,3.9040829768287235,0.7951658955330296,WIDEBAND
2464.1417904513437,-54.81015803406926,22.06517868443811,0.8288873807911162,5.227803673222972,6.882153556480034,13.50758713200895,0.3919346644213421,PULSED
2454.3546566827513,-36.05567492579527,25.94510256107735,0.261956478655533,1.7215296966355353,20.705451799353305,5.591527422994149,0.5720975393580247,AGILE
2464.2525887888532,-58.66059319634268,12.599328139229677,0.0,0.0,1.4282153840707053,6.46317060159474,0.2382626601515387,STABLE
2459.7746084954592,-43.26710110717844,18.22093917479793,0.6649616114818819,4.933966440331645,4.26800895233582,16.697373125395874,0.4396993139416265,PULSED
2466.9076555427177,-40.79432615679161,26.534289620836653,0.9404097180352589,4.329602927547761,6.211984550255922,11.66258937104782,0.46308464091162144,PULSED
2467.1887585765494,-59.91098561446231,10.162900939257064,0.0,0.0,1.2390050547009375,10.890650878413856,0.22736842751265574,STABLE
2402.83437705714,-59.019970581269334,10.270549463306377,0.0,0.0,2.1191129447278927,6.652550676591997,0.23121076366550314,STABLE
2484.7051571452603,-54.18476671600685,12.012637011848101,0.7436253288895418,4.781048467745628,4.505403941613718,15.23954119825555,0.42304952612838737,PULSED
2437.999839451389,-53.14598586348579,12.064674049420676,0.0,0.0,0.6810817906400872,9.443821030689582,0.20202055466214136,STABLE
2451.1143763429945,-60.91744066309958,7.888629894700012,0.0,0.0,1.5042582883613604,19.80416871805842,0.32244550169867203,STABLE
2441.385050744002,-50.16408033019353,17.363921045700636,0.6787028297082147,2.7719717081739375,6.54413577335441,6.281919903006192,0.39144519872973893,PULSED
2477.4907903381327,-67.7751873352001,8.515280841842321,0.0,0.0,2.176386486785483,19.453698683332306,0.21031498646159102,STABLE
2456.8818980392152,-39.93254722365262,26.999241207766318,0.23045578201072492,3.3505458914368873,30.688039353091398,5.221785286619388,0.46388248853408226,AGILE
2479.614875864783,-53.797193673542495,8.242481089354087,0.0,0.0,0.11459526863973513,14.488568296789808,0.20990496553272575,STABLE
2411.209923242642,-50.66635511693198,7.239134478035976,0.0,0.0,1.2733254610340006,17.756467767295494,0.15226014609638203,STABLE
2478.68815014136,-48.64656452647766,46.232457229113606,0.0,0.0,13.542414480282902,3.528251077777374,0.7022325802877306,WIDEBAND
2481.2606627935847,-46.394617045494655,17.53507306394153,0.5960658283697432,5.437856542302859,28.6913129153397,7.550720950079795,0.5776993475080345,AGILE
2493.5026803022893,-34.77520419574882,59.252817408758986,0.0,0.0,9.294509650623745,6.7230584106184645,0.6874924882472665,WIDEBAND
2494.937140326527,-61.50947508319973,35.91375012792166,0.13768837992740557,3.690982081934752,15.932765599737197,11.085890142700585,0.5784409684982638,AGILE
2448.193211481885,-40.02648310435451,16.56001554500437,0.5661367135088387,6.292584092518698,1.7964604358722873,14.325679242539293,0.4009436048080535,PULSED
2454.771606598094,-51.813659204526225,87.78369474853076,0.0,0.0,9.607391001240082,4.431615647304598,0.98,WIDEBAND
2405.496038814187,-57.467973001583246,16.412375030667228,0.743772767037848,6.46839778442237,2.9875413441861434,14.130555089382755,0.4680605874467802,PULSED
2404.5350736158975,-50.30822493633931,49.6098612642071,0.0,0.0,9.101492387378723,5.710583570884229,0.8015237683614903,WIDEBAND
2477.7234586621285,-46.324390892711214,28.147896670710967,0.8446751171153036,4.409598783963666,31.15495778479676,9.64632458094393,0.5419105625980453,AGILE
2448.188013719267,-39.306532578556045,77.48172931076483,0.0,0.0,3.8380894625707995,4.188859333030625,0.8283150744544492,WIDEBAND
2484.759525010496,-38.29722695682166,68.8732275573498,0.0,0.0,9.274106299567839,7.3989825287688165,0.7009900239552792,WIDEBAND
2403.8681593496067,-53.77194162360716,26.429505150527604,0.3933967642783994,3.334734443233768,27.723482573628694,9.079217333178551,0.598693044109334,AGILE
2425.4710229055145,-46.348813382607794,17.488821360189295,0.7943939229325551,6.613285966508292,3.960679625829825,17.688470147006143,0.5251924692676526,PULSED
2485.5433689637002,-47.599982893862474,17.574525147875423,0.581174797459421,5.780887313188673,3.8689069164340752,8.498276340391467,0.4353671367849834,PULSED
2466.042205821891,-48.494216415044946,27.917175044178883,0.5816663127499426,3.904641988967266,14.74699247773504,12.351338756636984,0.5928695823631,AGILE
2438.1035546898793,-51.266958389236116,12.277980939750542,1.0591988581250518,4.335198864939622,0.8272246570161403,5.173276381300786,0.3858323741549915,PULSED
2421.6712312413233,-73.66292839071602,9.46610718600876,0.0,0.0,1.4230292136574407,19.117604139877784,0.1971569247573135,STABLE
2499.5806465672085,-38.769529953683175,9.509594406420057,1.110384696079236,4.3187368254009755,26.00663427064806,10.036851997665428,0.6104520630600833,AGILE
2438.985853820529,-40.729876968094395,21.625388915744377,0.6229852099923572,3.9027697325849102,1.9354614306923459,11.235219603527598,0.5059363753240823,PULSED
2421.3581951793026,-48.781192916002354,52.511272550063495,0.0,0.0,8.358054363251838,8.883984172295095,0.6843019260458716,WIDEBAND
2486.8239128405658,-43.10643819912646,8.093026340429482,0.0,0.0,1.5511821690950838,11.484879438036621,0.31636037749016716,STABLE
2481.4131322371595,-34.651737405063564,11.859732744135718,0.5641689752877921,3.327865862786944,13.886093645183196,3.8989317055436774,0.4693978453758273,AGILE
2454.8383439806626,-40.5725951035183,72.12529480111887,0.0,0.0,1.0,6.945221214435338,0.7129868000765119,WIDEBAND
2430.759011442193,-56.55132924375768,18.666760707981577,0.6965742549947943,3.1944737256032805,5.051630398309699,5.2487358624642155,0.36710072219335,PULSED
2477.3956048555965,-61.239904637442976,9.500902391612914,0.0,0.0,2.252451773112971,6.412660218314743,0.1718692295882609,STABLE
2451.0416715059955,-36.413908398737824,63.10535972933253,0.0,0.0,7.656282902249189,9.935894365617973,0.7663147336856639,WIDEBAND
2465.336739779226,-43.22314076923285,72.78460693741411,0.0,0.0,8.526344714886639,2.224159860620299,0.7968788805774871,WIDEBAND
2474.1025359105633,-49.62000561341976,86.70586792525549,0.0,0.0,5.89204120572526,11.576242210153021,0.68786417092654,WIDEBAND
2460.7385453429497,-50.40582684464734,10.26463188509469,0.0,0.0,1.9668200734666734,9.673372075909413,0.2812432539221043,STABLE
2474.691329171354,-37.731220514160064,74.51713907401074,0.0,0.0,3.561098376813603,2.2320491959745317,0.8704313709640263,WIDEBAND
2426.2539215649,-54.41076362298314,11.276276268417936,0.994141387927894,4.928304585247468,5.753661792128106,10.803573052749273,0.5164498838031866,PULSED
2473.6573093115735,-63.16155019773596,5.145727195627518,0.0,0.0,0.08590230964849521,6.9673275377706485,0.3175026353024815,STABLE
2414.6100709132925,-42.86761506364531,12.413460686949666,0.8410580348281163,4.745194153748883,2.6788262696462226,13.45026405219334,0.4376358487050459,PULSED
2421.433022081121,-30.86112956035109,18.606417451766816,0.7183888492350586,5.861099873711816,24.52860301870191,4.765128611201254,0.48726625788825484,AGILE
2434.1674358893247,-43.851791849336955,55.7603435882904,0.0,0.0,7.2329820098642985,9.691862012248887,0.7803147334582153,WIDEBAND
2427.168803401623,-35.2112438963905,52.26431116016847,0.0,0.0,4.596078391869581,6.571392036758651,0.6895728554738157,WIDEBAND
2442.0295036088232,-52.383522401322296,81.90804883454184,0.0,0.0,1.334889233674744,5.212510645088921,0.643704978309047,WIDEBAND
2433.7653558878874,-56.83001237562293,21.84843258311359,1.0164518037331938,4.7680999918018,4.800788800091449,17.02906592580613,0.38489094353186026,PULSED
2416.536341286292,-38.0024637532654,66.38779960733724,0.0,0.0,6.302460073393541,7.561002009372876,0.8160432326077413,WIDEBAND
2469.479831124876,-57.940830089436275,5.5761805600374466,0.0,0.0,0.47703202577850257,12.469513381679985,0.2257720215530135,STABLE
2443.1205251779825,-47.54848714752418,14.029824066624652,0.7550401782746475,6.335858700600497,0.973721296900492,16.72370293698646,0.5604074155903699,PULSED
2498.1838836115867,-58.46926614397103,37.207775206110206,0.7317307546343756,4.205187634123441,27.22911808251053,11.55011399041461,0.4705128009036954,AGILE
2497.7047372047878,-44.51837462013455,21.97269859079677,0.4074002321598287,3.722100538134872,3.4598806528939314,7.23971556921588,0.41745083883562356,PULSED
2499.4213758633996,-57.984924121404894,44.46498257431222,0.0,0.0,11.82189870615026,5.759645176139567,0.8737010580922041,WIDEBAND
2487.510761332251,-49.0831820982354,6.884457308021153,0.0,0.0,2.1445429113940007,17.809765642208436,0.1927124909721507,STABLE
2473.652321770189,-57.31377988913897,7.527107160070973,0.0,0.0,0.24625832753164234,16.928483878740643,0.14441105753827205,STABLE
2400.563948482252,-34.559034384858634,24.45445726319704,0.8492448261481501,4.6852608547807275,5.0132118193589115,6.431113374083364,0.5844245684782668,PULSED
2428.0682914564754,-49.49856308492424,42.30546054498396,0.0,0.0,9.968793762425689,3.960623992005993,0.7761609957555207,WIDEBAND
2482.407511199475,-37.460235856953126,17.714653209923924,0.7331518209484632,3.763151473455138,16.191949291925184,13.024282875527799,0.6155441516469691,AGILE
2462.875111225187,-41.72217327280571,23.336224648078485,0.7185971436888684,3.7917608522110213,15.455681934036534,7.718541719525078,0.48772234433782025,AGILE
2481.1070950311587,-47.89776587064199,20.660585571287363,1.1356967765504846,3.249979719624555,31.830609925652112,9.899728272144667,0.5336234091297049,AGILE
2418.6947607837615,-58.808123399628705,57.872681405083256,0.0,0.0,6.81448025426251,9.704269139193984,0.7828701899628345,WIDEBAND
2435.669279965542,-48.238341140726206,9.949315381400405,0.0,0.0,0.9348995983073659,7.782862844478609,0.2112642038525397,STABLE
2427.5949777306114,-50.855341386285126,78.95668448630614,0.0,0.0,11.809806668431822,10.328352121596756,0.7383307219992183,WIDEBAND
2463.92126599365,-50.42710454824788,7.43986274623825,0.0,0.0,2.9532215969120843,13.784056421983697,0.2630464249181957,STABLE
2492.000284466128,-45.25018916277606,24.07815861588524,0.9442270382016106,1.282492153029252,38.12048990695436,11.770598873739395,0.5699118500166034,AGILE
2433.0716066746104,-55.1394022651022,12.007018820802685,0.0,0.0,2.1593596958366903,9.055126822989912,0.22365676539370374,STABLE
2464.028962037284,-57.11568871234553,21.713576223996792,0.5513403019502412,2.3484811978688453,27.82899065112822,8.30191019778936,0.4831506518106863,AGILE
2487.2312842964593,-48.58899139294114,14.44009620907659,0.825052009329018,4.801383525236196,6.39947477128546,15.0226989561506,0.31462067187772624,PULSED
2437.984588098677,-39.8174601170368,100.0,0.0,0.0,9.608362828841877,4.60940325593234,0.852197225394005,WIDEBAND
2416.3005630424896,-32.351610379297426,42.65180658993482,0.0,0.0,9.94914986756584,6.953471381254463,0.6860328003132448,WIDEBAND
2462.604887724541,-56.89973683037115,7.4984349316444545,0.0,0.0,2.2939812908664425,13.872315111193934,0.2099709691738978,STABLE
2480.3786290618445,-51.94353975841357,17.95437530486516,0.47032936773506084,3.294816763568697,28.255021828146788,9.51580058884937,0.34949223637881655,AGILE
2414.9271434241236,-48.9616571342815,12.574900001306293,0.0,0.0,0.2940150401769803,7.6202600738096224,0.18480789842594247,STABLE
2434.72231300267,-49.44741162836469,79.82197287840003,0.0,0.0,9.808591540731754,11.103583073356768,0.6452872111108814,WIDEBAND
2437.200375671966,-43.97862898102592,5.616237378116249,0.0,0.0,2.722848651435092,8.544351522754484,0.2846399645070808,STABLE
2467.7348801825487,-39.92167303580169,66.18422090393659,0.0,0.0,15.325836127439196,8.185124778200066,0.8183828572117768,WIDEBAND
2499.237848549305,-55.3937616335404,84.46500287907429,0.0,0.0,12.177831495338882,5.618397861633921,0.6640809373169276,WIDEBAND
2494.7032504128056,-44.515774429112746,29.14887054872035,0.6020767481753259,7.630832696513119,29.82140237690264,4.14912269737643,0.7586496583473248,AGILE
2456.896178683427,-49.71245920602374,20.070142439989212,0.8119629641226063,5.959837661481016,21.11554306910119,4.526100238118961,0.5395812446598555,AGILE
2427.204518917767,-52.08881061113376,7.520765689130706,0.0,0.0,1.792389876030804,15.600438819698388,0.28051957258108595,STABLE
2456.021307098471,-45.33261880539788,25.276141981961572,0.9144752326269774,4.087889773019837,4.3178305716714505,8.716855492283758,0.48363856101888,PULSED
2476.4210349580117,-60.41503903865975,7.3900535625738,0.0,0.0,2.4835005741200833,15.62276730138676,0.1663796509380297,STABLE
2406.320845285651,-49.98755545821464,53.415383337014504,0.0,0.0,12.96354591460144,11.505971797134382,0.7876513173277875,WIDEBAND
2472.135980482892,-43.62114136174329,25.802876350940625,0.987739076247296,5.6287577723288535,7.76529804530543,4.181545776004405,0.4550460538803962,PULSED
2423.5167708733275,-37.74012060484934,52.0241319903876,0.0,0.0,6.610560959412759,9.467131741212956,0.795137406350168,WIDEBAND
2442.8592918250915,-60.78265112340633,10.532609114338731,0.0,0.0,2.5978738742932146,7.975744449222921,0.3080799282732319,STABLE
2450.876088221918,-58.880553498877426,9.045759333835209,0.0,0.0,1.055819244663836,5.938276794159416,0.2516953222906027,STABLE
2479.367262425643,-51.33493050153488,7.131599133482229,0.0,0.0,2.132314781572938,19.800678686722996,0.3275011879395204,STABLE
2434.497190516827,-48.47492870291092,52.57091707286675,0.0,0.0,8.742631691969482,3.8990540609427464,0.771640485905358,WIDEBAND
2474.357694382677,-61.28690426881225,15.261012008410063,1.1951773818384404,4.893085442087149,38.12739360842761,4.9163805501933835,0.3143168896243339,AGILE
2403.1783582143403,-46.07581647962252,15.937034250446002,0.4737628652765906,5.089718499073847,2.3945712525571707,15.42204830363482,0.43074401247179145,PULSED
2442.2916143042876,-48.63088737751746,9.214106869541103,0.0,0.0,1.5589252759937555,19.97383926822944,0.19703729413031962,STABLE
2403.9385280359247,-26.558818121168006,27.317738445233864,0.9671563324174619,1.3718440815554285,23.791181777304473,14.322443739070286,0.6043840195833846,AGILE
2453.6615093529454,-51.53107049881287,7.723905849436933,0.0,0.0,1.2450615275385566,12.971422582581052,0.1670357097820824,STABLE
2402.667199964626,-45.20501466391446,15.963430413478598,0.7793039750755831,6.913471409405996,3.113963186520215,11.472952470604586,0.3134044620270004,PULSED
2444.8597808017134,-47.142846180913594,10.680508801903658,0.0,0.0,1.9135923777289134,19.301303729801454,0.2356317360930206,STABLE
2447.1477262019193,-44.94947080292376,16.623138351214195,0.9634159959037054,6.289914013503627,3.825411710241006,15.32689397146632,0.4918175855612902,PULSED
2412.041153587937,-48.05740124745008,16.399612747808764,0.4883015225225294,5.464824857593301,2.9887745947743483,6.028290584321114,0.4045024112701316,PULSED
2446.311021809305,-32.132960396637515,27.37173184940071,0.7993382171884742,5.337828326111512,2.0382838859259627,14.927062772505522,0.590771933729136,PULSED
2463.394427852818,-40.959531308761285,25.067574317810553,0.5347045262097444,3.449577853304737,22.767319217491938,10.258883051522059,0.6132309802091687,AGILE
2497.9346119152606,-40.642551637320636,9.794073848877918,0.3425174594176546,4.85368601999961,3.577513440777441,6.263660254258504,0.3980394007810937,PULSED
2408.95189263383,-50.035826737808826,24.95716589627656,0.5396901909219716,5.087333083929859,6.366210817096139,13.995220177795826,0.4163793681839812,PULSED
2442.907511598682,-56.92921470792356,5.88469040775427,0.0,0.0,1.7598813268088362,14.83873192960821,0.24063618995068584,STABLE
2479.2301666671565,-58.8415886076503,66.21554088128656,0.0,0.0,11.392301743916185,4.072013135989822,0.8213253639802671,WIDEBAND
2467.1854188614066,-59.347666309106344,6.2924815548251765,0.0,0.0,1.86776476401199,17.181844417805888,0.2524153901200278,STABLE
2490.157296637954,-39.04585784012433,88.76510321584252,0.0,0.0,9.879282814454086,6.875026786558111,0.7173750981783634,WIDEBAND
2465.456996627898,-61.81781717735518,11.543018564973492,0.0,0.0,2.200524425482641,19.552047668573604,0.15917430240160146,STABLE
2460.8807809205596,-56.62237933482015,9.479262409973124,0.0,0.0,3.3878175474636896,14.889712938746792,0.22473082104057068,STABLE
2478.5481231172557,-40.55285085871785,23.592025579231862,0.8736370688083642,1.989113127977375,28.499540976489975,8.64988618842783,0.5322699514164517,AGILE
2432.715666085804,-49.025137875180896,14.782561454584354,0.7868885583761249,5.4210955637721225,3.691506345207812,8.439834193720799,0.38606849335772225,PULSED
2431.296048063528,-43.72857920260673,41.86996940321393,0.0,0.0,5.4946958536309705,6.81064976142238,0.7369139105229885,WIDEBAND
2478.7719314832557,-45.63604897078423,90.2710583031176,0.0,0.0,1.502301947037318,4.667795995734375,0.7958389771342423,WIDEBAND
2443.2569516570866,-34.598304118669056,13.88847659771779,0.6200598337623365,3.6456990180594193,1.0359210411276303,6.418288198536934,0.4662322664858568,PULSED
2456.2965911334886,-58.71785789808407,6.164582050999481,0.0,0.0,0.5492889163213843,13.34327679086262,0.2913167020587333,STABLE
2437.3014767077734,-52.975041167086964,5.9897872223092445,0.0,0.0,2.0748973003128426,5.227851570230068,0.28363169651637066,STABLE
2459.032025088315,-56.86290385717566,7.427554100318662,0.0,0.0,1.3480609271821944,7.81390522909237,0.28477366854858865,STABLE
2481.480911849261,-47.053068655437876,23.172146931135195,0.8307311544518302,5.6091601094080294,4.807258345595809,6.881134781910309,0.5077129898847434,PULSED
2487.9225856813564,-52.63950516891686,5.139493433515264,0.0,0.0,2.1217027674204227,17.299849216681594,0.21711045250937783,STABLE
2420.430886025033,-56.4664748399785,17.042860017776682,0.8757691666972709,4.763844307474332,39.7877061244117,11.517927725099169,0.5799592134450637,AGILE
2417.951440078801,-39.2309591364233,18.983546365661923,0.3795992999767418,2.994906250471309,21.68913160263654,11.752249003134125,0.4792855003612235,AGILE
2425.416315120368,-37.090655365767745,53.37105304801684,0.0,0.0,8.329850589850208,2.082229736105508,0.8553701273464961,WIDEBAND
2402.8655629020027,-39.351397133301695,18.24594996075492,0.29224291584843043,6.907788313510519,18.66873467229964,8.824113341912998,0.5257864231820623,AGILE
2417.6585011639777,-24.52439929785514,23.565520596006877,0.31207620464699665,1.69654563547433,28.1853711092648,13.97008863778372,0.6831474949504656,AGILE
2441.8390550851154,-45.98575403828467,80.86222093049605,0.0,0.0,17.051236939860964,9.988370063071756,0.8320944277531287,WIDEBAND
2407.156450006195,-49.78143287701026,7.030538476902012,0.0,0.0,1.9366350078799621,14.249583970939263,0.2944769060191013,STABLE
2458.7823201713168,-42.78050683271808,19.830238987495893,0.5352645779421272,4.931637055017667,3.639665904141318,13.667183860889862,0.5291437596346773,PULSED
2494.1241743360524,-41.744837561704415,16.949953312750736,1.000726223210575,1.642844179338987,15.709282264698297,3.3218334428852936,0.6021436049764171,AGILE
2416.429013681359,-40.49451579209735,23.896249156330203,0.7343507714103363,6.137508340449656,8.0,5.5164283948388375,0.5987411009024234,AGILE
2499.482421362087,-45.90178811964798,7.4782003539983,0.0,0.0,2.1719380841062383,11.024924510140647,0.24370251063998963,STABLE
2495.5438620808027,-50.28502115889863,20.600561162113983,0.7744046299878049,4.770856684554193,1.638419934359988,5.7610089749557005,0.5302929990990234,PULSED
2485.3103596730693,-39.58710830373709,11.007873996420763,1.061351903831117,4.931160056423344,0.537730150754661,4.2547430999368,0.41750461055272514,PULSED
2483.57259234164,-47.203712351102325,21.745615859682903,0.6572571512031657,5.095503493799276,4.803694894129624,11.568134288871917,0.4703316342152229,PULSED
2468.108196193398,-41.03514482129876,19.572975010155723,0.4507549710562061,5.623003326111729,1.1729735804846113,8.032599080964568,0.4094246685495322,PULSED
2444.490081796683,-50.1274227238924,6.024964440302611,0.0,0.0,2.042722300237307,8.043796745923004,0.2016359516229061,STABLE
2493.6278492804668,-56.643950589382015,5.045384491365336,0.0,0.0,2.6384761196092956,7.509368426063441,0.3320440916643053,STABLE
2413.102585274515,-57.05844902878615,24.66735577362904,0.7220885237766191,2.5228580849931386,27.244658227173133,4.0680446020034475,0.6671247065225061,AGILE
2492.6938795357228,-55.84892051592475,17.196894299396153,0.6982480864201425,6.405829411021733,1.6065997648309693,13.3258390947816,0.37812476265967343,PULSED
2418.7609292765032,-60.79210716885258,8.1069632536438,0.0,0.0,0.16752172399077958,17.164443533598828,0.29523130419602095,STABLE
2428.5650229661,-47.863775139112875,71.99554385778835,0.0,0.0,6.851035741700925,5.49026963756198,0.7264207894288792,WIDEBAND
2491.33811065621,-56.99465520603862,6.364883203340069,0.0,0.0,1.8372934639278637,5.177136322685069,0.2102095749617941,STABLE
2400.5585520977015,-47.75197088314772,21.715873874776317,0.6711454363877792,3.7311270357157253,18.38032115549263,6.297115843112357,0.4995095437048209,AGILE
2479.7601295557765,-46.36745603548036,19.7923640028164,0.45451959701191114,7.651799003273738,23.079862785465817,3.418128665843953,0.49583638545122116,AGILE
2456.1662820026672,-43.902704128034905,58.88234563496472,0.0,0.0,9.019459540987146,2.7517035320015006,0.7784686497241532,WIDEBAND
2467.721553195935,-49.20399367858807,14.397864167760847,0.6463950818525299,5.308543137419964,21.77835283674563,7.233621964335684,0.422133082207484,AGILE
2455.2162703304425,-61.98896857876624,12.017510772370278,0.0,0.0,0.7324577974865055,16.89507468439446,0.1487591383351989,STABLE
2477.7637048760616,-50.27698614521159,61.91914334993761,0.0,0.0,6.42855113875925,8.591964849983961,0.7435358074881193,WIDEBAND
2483.553019811109,-58.04440345840255,7.387761903080092,0.0,0.0,1.1078222799689796,17.80445259720101,0.08423946965957543,STABLE
2441.5107426668496,-52.7435588098252,4.383524889991966,0.0,0.0,0.20167803489268943,16.194227191030215,0.30422800776408604,STABLE
2490.6259338706,-35.647823517585955,26.841861382223925,0.7803158312532381,4.769694487888037,11.100629881836687,12.009467343562477,0.4543425650563554,AGILE
2426.058149120299,-44.38187537226027,76.41512770623666,0.0,0.0,2.403257673375917,6.556132747309932,0.7020463343096229,WIDEBAND
2417.911875441009,-39.08170136803581,92.58738624406661,0.0,0.0,8.149664702380296,8.727950545809568,0.8318556866484949,WIDEBAND
2401.4150737574837,-54.888035796066006,41.03012959712987,0.0,0.0,10.15623857285213,6.8964584548510235,0.7523758707699452,WIDEBAND
2443.880157581209,-47.368309194314115,25.07122827387073,0.8310760667060314,4.974920366535601,18.844356265551962,14.391759950996004,0.4466442256099343,AGILE
2470.8560170218543,-41.02477592121871,23.631081158891746,0.49772385659451535,4.847813005216454,6.441492884657728,13.818027533505013,0.5272178103178482,PULSED
2496.6743190512802,-33.83544223661511,17.663286735954234,1.2769089926105066,6.465627355176011,2.4037085904271303,9.357177053397919,0.45968303517308595,PULSED
2419.320832244513,-45.68871927926507,10.553961664396088,0.0,0.0,0.6989668537947646,10.380091872918669,0.21814140972665713,STABLE
2457.0677012784345,-47.25468677199853,74.22091031578053,0.0,0.0,6.392636549759002,3.579156052236028,0.7863173470782586,WIDEBAND
2414.6841499259745,-38.98107284877392,23.427243620902694,0.6749419301084876,2.5511432625623414,31.54552724058233,13.28427607773158,0.6928431146739831,AGILE
2426.2520602874665,-47.36198236590542,7.870866204193083,0.9317956351579816,4.551613665935919,5.555893219290493,5.333599722402077,0.4221868631075193,PULSED
2462.1668412515287,-51.325930479409294,9.917022507560212,0.0,0.0,1.2930188908900502,5.96523473262394,0.30657734536657977,STABLE
2443.1386469817053,-47.15948551352007,16.827293004246954,1.0036571284040794,7.172853995502051,6.8149967478966555,17.89079357641706,0.4295906846536748,PULSED
2491.9915174215985,-44.28671552259499,10.312194932474382,0.5344034909585204,5.29978258126295,27.023656386183706,6.118884716595936,0.3935114474548259,AGILE
2404.11181428512,-28.2913851099163,19.501438542884024,0.26054129729859965,3.8171194243674513,22.74032640709279,10.96544546336353,0.5843749567474875,AGILE
2421.4096205815354,-55.3747508807759,16.492753203013873,0.8429634926458618,4.00051283361741,14.468185569905273,6.441775545158968,0.5567004341800481,AGILE
2496.51421170574,-59.56518847028906,9.136888611189226,0.0,0.0,0.9058569162390776,5.927179416075731,0.31202856648393856,STABLE
2473.7996758975078,-49.075043044503715,15.649822091368392,0.6707658419607048,5.075266299274865,1.4984808306817081,12.37398970979584,0.48661632299142177,PULSED
2461.599396879011,-45.59402013495698,39.92545202836783,0.0,0.0,7.6867788687745335,11.955650140847869,0.7144129197747789,WIDEBAND
2469.354046958672,-59.665635566489605,6.739834979488661,0.0,0.0,0.6542761006893805,11.70258263621229,0.2413429372887847,STABLE
2481.746035505694,-30.60795447539823,71.60821529516471,0.0,0.0,3.833534366909136,10.130809300195821,0.7799420019366134,WIDEBAND
2487.4823154274054,-58.18807800081311,3.9105434739903586,0.0,0.0,0.5196865604247134,11.982499957535861,0.27411569698472876,STABLE
2454.3337087241757,-41.67674585731967,10.506705418844737,0.5810379387987304,4.97441795520907,26.104435042089353,11.13517874304903,0.5122701912139225,AGILE
2483.2259801395203,-53.60703206159968,8.233371618281456,0.0,0.0,1.6749508773832105,15.237432559624633,0.26341573292648096,STABLE
2441.36499390181,-42.00443447813036,19.615749856093846,0.5389699703791778,1.0,30.750454445982896,14.477545976294843,0.6325524266208628,AGILE
2495.906255904752,-44.52138793677462,88.7179819303762,0.0,0.0,4.1442158525193316,4.4415738685431565,0.77948053694648,WIDEBAND
2416.8489956158787,-46.28123429961091,16.08351613351376,0.7931536657691465,4.580984081487847,8.0,13.60415703941327,0.5625519620547621,AGILE
2467.3799499752695,-35.66242370847398,22.334518947407624,0.751785616656921,3.3169007787390288,18.886014848119615,13.571687100261235,0.6419168183308169,AGILE
2475.8428050479993,-51.53156553653076,21.3200498343805,0.40249817589073666,6.44578284484888,12.151154481676086,5.04104528074382,0.46257606223496317,AGILE
2433.3769349057834,-57.42229954706223,82.3936202226835,0.0,0.0,4.2304860310767225,3.403958041777482,0.8192930468167562,WIDEBAND
2422.099877275482,-51.18585568251022,14.8756773850276,0.8151886619788337,4.11633221986963,26.209239438596516,8.352255935185728,0.47059312982017076,AGILE
2444.557959035938,-42.63707778098408,88.90320188288084,0.0,0.0,14.636861639896093,5.07769111051572,0.7213463393623463,WIDEBAND
2492.3874499498506,-60.73375100440839,8.875024497239739,0.0,0.0,0.5065955768972858,16.470008428429995,0.2565788652744405,STABLE
2481.0973508526845,-49.25911933905019,50.374903046323226,0.0,0.0,1.0,9.282810410468922,0.8899793086529187,WIDEBAND
2459.251917546611,-36.88952975816359,15.014857144007825,0.7725638903194183,8.453608285711603,20.439900541382965,14.921815407482981,0.5990635487782978,AGILE
2455.2384789312055,-65.87553019941186,8.536717976037046,0.0,0.0,2.0802592505173005,15.560484096788192,0.2753311996862464,STABLE
2479.2472665558776,-48.50588809569973,16.146256300300404,0.8239007019734876,4.605869865314586,3.734226390755201,14.329263529400789,0.4545727868801462,PULSED
2462.6816236130303,-59.159121676854674,7.6524752212756795,0.0,0.0,1.5737416860214664,5.305527105265665,0.2481187179594099,STABLE
2420.1614658673507,-46.6869989561154,40.515135500802494,0.0,0.0,8.606313230619158,4.720082413741376,0.7944771271137993,WIDEBAND
2413.2676949212087,-48.56831145377582,59.74018276645579,0.0,0.0,9.77684411654632,3.5721755877033683,0.8299949112425284,WIDEBAND
2486.3491133762436,-30.873226102709527,14.204083062702779,0.7978126508108517,3.60801267236811,1.4036819767187665,15.89607742258122,0.3723581425868596,PULSED
2417.7506582436968,-49.59889261588022,9.478825344601894,0.0,0.0,1.3722813540623864,18.9119068775604,0.282905675249788,STABLE
2492.097047248745,-52.39140355320029,7.247687857539802,0.0,0.0,1.3929416283871672,6.732350954980324,0.2357095753615201,STABLE
2409.5117189273396,-46.2430604886121,22.273065975322144,0.493420290175682,5.694269910541017,2.6439710829590384,13.086327680161894,0.40485349799635495,PULSED
2449.6950224547045,-41.80535270234383,14.163364032793117,0.8535852688425772,5.181388678014844,0.22210514591466968,13.245826505182368,0.49116260202995643,PULSED
2410.4805899881558,-55.11135538807024,19.227617904975173,0.7850235155807095,6.4750730967514185,2.919083047942487,6.250761864436315,0.5347051573706236,PULSED
2419.5143169135986,-55.82729313365342,8.149854157132452,0.0,0.0,2.3314028877072484,9.889454041689973,0.23582918186604102,STABLE
2489.450471654704,-40.973106347119554,74.05115203948212,0.0,0.0,8.815148243342952,5.534474386221068,0.6901781802738872,WIDEBAND
2465.716649652178,-41.447049226741186,16.89567525389976,0.34065022363328834,4.019143717980287,28.843774084206146,13.776723215802472,0.7138065520492154,AGILE
2424.6175822392806,-45.22351762291809,32.022835373055074,1.0998507619449123,1.3701552898041918,36.73673714513451,3.775493745852582,0.493203154268193,AGILE
2421.6185515991356,-49.97693232210157,43.28009891059211,0.0,0.0,10.372946802459497,5.504470714389834,0.747471850294723,WIDEBAND
2414.024908899861,-61.21392251695487,4.650634110591286,0.0,0.0,1.1109536727413354,9.218506757585125,0.26684120601708555,STABLE
2454.1139163904786,-45.005434776910505,13.881691417300141,0.33710925136539033,4.398158921156287,39.4812919535474,4.842325476512823,0.5125232270712418,AGILE
2489.850575507845,-43.32077363917289,15.21676392854146,0.7639664623084363,7.590348472281028,8.240866517204275,16.20625589315113,0.3768441946729153,PULSED
2485.5970800174123,-60.77578285051571,7.701329525857005,0.0,0.0,1.3677856239820507,12.934598553694372,0.2393791848354138,STABLE
2412.9107631834954,-52.97624956204169,16.557476532463696,0.9448345676052221,5.68656591187581,3.5400713351932125,9.691837687341895,0.3716035602412303,PULSED
2483.570664703205,-36.02984014335865,20.326973462927853,0.7021070781647636,2.22298029971269,31.499330013135776,14.778289266922156,0.4237166270215537,AGILE
2450.9024468254847,-54.77269437414816,11.46668717271874,0.8426573625961483,5.659205502135799,0.13228961004229678,16.606730451082893,0.5794636711645907,PULSED
2427.2488592117197,-56.41749779574213,6.1107441336168,0.0,0.0,2.293515471760476,15.641193725919871,0.2231162359514651,STABLE
2405.3388975221637,-38.8701820959822,60.69930147205446,0.0,0.0,11.277875623496527,2.8664022409022696,0.5997555225892233,WIDEBAND
2458.1560240026633,-50.30877024864681,56.67738706462092,0.0,0.0,2.998972143471093,5.936891209752038,0.8159829255545394,WIDEBAND
2419.165708733956,-29.73513122534913,19.054382045647287,0.36393551248727757,4.868792853906685,15.938769873877241,10.660944999272324,0.4901009953916483,AGILE
2483.6119534708823,-33.19479668392252,11.184247432073716,0.7125686751718068,3.1206622235504025,7.039770150220166,10.84549704019976,0.478047030949054,PULSED
2445.012119674133,-37.71013694591149,29.98558357265904,0.7815318081147261,4.687364523444551,1.3995473097332813,9.950922178221411,0.4594827393157071,PULSED
2451.083516763328,-49.61306146935353,62.49967212678175,0.0,0.0,6.584201026831215,5.495288361739903,0.7467052597252845,WIDEBAND
2477.235378570264,-43.85099041094888,22.712046782701297,0.5413009407821274,2.8161206591181758,22.827261681617724,8.646762299292732,0.5967276268505148,AGILE
2466.016018333731,-42.14001041142699,29.15672485264814,0.21538341374075315,3.121956543095489,17.901096225158334,7.291617696955539,0.6373176428016604,AGILE
2478.3413485833976,-62.44841426831799,5.0250576132384825,0.0,0.0,1.691326947661791,6.289984574524293,0.3042026259088483,STABLE
2408.027732040404,-54.238798142224944,2.0,0.0,0.0,0.4775293098305573,7.971766121181361,0.21720773241829733,STABLE
2461.6218083382023,-47.34903989844923,9.928030686876443,1.1011204217187736,3.3266719292263462,18.1323665806861,4.125601655952439,0.5112032533606019,AGILE
2413.7396449315274,-43.48322019938409,21.307458669620864,0.8626851549778319,4.112978554613819,5.760613904185128,12.280682774985168,0.40329572621951054,PULSED
2422.0177397866864,-31.58318144401465,15.81323927319404,0.704759737426455,3.8318430202693747,29.503945336277248,9.618694690302465,0.655267716088705,AGILE
2474.6789611349027,-53.90059337666856,5.551061936559,0.0,0.0,0.4054726406034679,6.841368986172291,0.3534199432469978,STABLE
2423.359080526878,-48.226813455702285,21.624402260810953,0.3132352407818852,7.89854221718583,29.028989760218515,9.470756108648926,0.5207041749368715,AGILE
2494.5419895606424,-42.93038514893155,25.6485847628592,0.7296279130366716,2.311951912346382,16.455228466732493,9.994550003843504,0.5843187126895777,AGILE
2428.2822292912547,-37.077180405819576,59.64788238915419,0.0,0.0,5.110604760068156,4.376850993040706,0.7995753334714814,WIDEBAND
2493.468322786741,-58.91677776307477,7.745493382029425,0.0,0.0,1.3628401348097654,17.765554807881095,0.2341845909905054,STABLE
2444.7125550243836,-51.49728072824231,9.202183674828587,0.0,0.0,0.7768965683353001,11.485031341513368,0.13850544027324788,STABLE
2435.52178341212,-51.03977504925799,11.83288975347082,0.0,0.0,0.8892485461514715,10.419483482790246,0.19033989349029284,STABLE
2462.0174959346928,-40.64878335736852,23.42176687333925,0.6475700191633407,4.7516870060187175,3.5944528584706705,12.030477858736035,0.5133930257769491,PULSED
2429.2126391188144,-50.33463128321737,9.711215797880492,0.41585653857756144,4.498338963131636,1.3631634473897232,13.516999052682582,0.5831954280938143,PULSED
2441.7369258229187,-35.82018339012675,46.92178824561897,0.0,0.0,12.569419054035226,7.235592298648908,0.8815730518611845,WIDEBAND
2481.2167546017054,-31.300292908542485,27.536124424280295,0.5927498468361458,2.742202442297163,25.065576034478568,11.950580721797076,0.5099482901653382,AGILE
2499.1106724429596,-45.8511901324258,15.822971862863053,1.0538329560954631,5.287500372974626,6.878671542422753,4.171439321071514,0.43012614336231736,PULSED
2411.318565903574,-44.16988003935355,35.0,0.0,0.0,10.594500000563546,8.55975456392056,0.8207505881980837,WIDEBAND
2435.280943622786,-42.09903669364953,19.09469423535818,1.0663198429247998,5.903362187530125,6.143805912365316,4.823055261938224,0.46677434472731916,PULSED
2475.1478174779186,-43.56813300339621,14.540566044932174,0.7544122856188398,6.4207269486702,2.5921884311489327,13.380807296415592,0.44506341217009193,PULSED
2405.776750348369,-51.226003661289155,73.7091426162942,0.0,0.0,3.367602672241306,10.23100529781464,0.6447242806990573,WIDEBAND
2400.9491491909585,-52.59688728921773,21.924314364354775,0.6573767686421025,5.193304447250826,15.837950946628911,3.183403323066763,0.42215296395418134,AGILE
2478.520613594319,-65.91254661474352,4.997881132756971,0.0,0.0,0.9111936798481827,8.908539746382138,0.27328821539849074,STABLE
2401.29933486718,-53.4688398894639,7.204444172119584,0.0,0.0,1.797860448048244,17.178052297813785,0.24316501641681496,STABLE
2454.454840204134,-50.80860192777097,8.203851774745315,0.0,0.0,0.8901412335778782,8.663075011488324,0.21774024538581865,STABLE
2409.995185577451,-53.70277194206387,9.609761131724758,0.0,0.0,1.598992011529112,13.363752452395742,0.2506589735549441,STABLE
2439.966265272966,-43.530331748405345,64.6133802295403,0.0,0.0,11.291396393478342,10.655377020098515,0.7213835244014664,WIDEBAND
2471.3415943712016,-54.96209774491638,55.33760096956621,0.0,0.0,7.150959003986333,7.838097091509704,0.7538815461139794,WIDEBAND
2492.945951764102,-42.75098162771829,24.429672536579382,0.6121655695977696,4.067789131783981,35.370910378488176,7.181484259810956,0.5523309648054959,AGILE
2456.2982242066378,-50.74202880617274,11.342242457126495,0.0,0.0,1.8947455905469563,12.475618205326963,0.15725858376518642,STABLE
2429.2941397089994,-48.32133402322378,49.95029622746979,0.0,0.0,9.138478829170065,2.1086549157818375,0.6841172009243853,WIDEBAND
2457.8609296812524,-55.679010458373384,5.9746322972236765,0.0,0.0,1.6012773682221548,18.828462597488006,0.21829443213306846,STABLE
2481.978434941235,-32.151310955527336,23.65060330576165,0.9607229231286554,4.26631179782056,24.623690725953605,7.916158712965261,0.6942540509091208,AGILE
2489.2388364974177,-38.42614219367004,21.387819753091165,0.38779390335948716,3.645157009677708,37.09470674301446,8.665165991636165,0.5337466956643595,AGILE
2442.5100865147265,-39.748787352285426,25.680633905004456,0.5233649949514709,4.618004829392579,20.031094446369416,13.194372445096882,0.3890288885743328,AGILE
2406.6215319610137,-47.62320720414441,16.692913505098662,1.0077366698416537,6.676412462053519,5.068975909655166,12.343447241847647,0.4902151307245822,PULSED
2411.2358834617125,-57.06952207469063,61.39623749025246,0.0,0.0,1.248911599844412,8.587969761732051,0.8243695557952228,WIDEBAND
2481.8571275184577,-41.589545885250885,26.26649983325443,0.7970696702053216,2.104053936152855,29.399791653017406,5.117566320500304,0.5479844744972169,AGILE
2492.5863065287217,-34.40979327672525,9.657820038857288,0.5732042210997332,5.987769163240762,1.3027289597627938,5.432380951162689,0.5347843539945094,PULSED
2470.0982980312756,-44.83183734016098,16.56357450255215,0.8358948391846655,3.911109891520598,25.980025864830537,10.5284666732744,0.3370891155594118,AGILE
2430.669419793015,-45.76352464282655,9.949836030294591,0.8480427286654507,3.3627303515488274,3.428320580886737,14.020490365923363,0.5136938287190678,PULSED
2486.78009793664,-45.62464665526255,20.20537840085581,0.5008900965132509,4.786006931844816,6.19458896654024,15.255463966082502,0.3862165853660485,PULSED
2468.067690897387,-42.526433897810726,12.748092293006186,0.9872816473266559,3.930951031776325,6.607653547712683,7.9276263831838705,0.3594460439483423,PULSED
2494.5641091800912,-41.043961273181246,44.23518296375428,0.0,0.0,4.577050291835669,11.194452737849662,0.8178285158226349,WIDEBAND
2477.1860540843927,-54.45519985833971,9.209583165101137,0.0,0.0,2.364684963960697,12.82970171177076,0.22263062823307853,STABLE
2421.5313625851404,-50.55143112990795,58.384162010702376,0.0,0.0,9.557491032489658,11.96164887757925,0.7691950637492532,WIDEBAND
2451.5858411677436,-41.25197331988852,52.21441342978292,0.0,0.0,13.13913521643108,10.144395794168167,0.7775103694787482,WIDEBAND
2429.7508708652967,-54.9212588965065,15.992947657295819,0.20931749821520024,5.2423290995284395,28.20104622007229,14.427678104177506,0.697318939624856,AGILE
2489.1726147866675,-50.97463350904036,42.76754238235854,0.0,0.0,9.423043474875419,11.35084305233137,0.8187442620479102,WIDEBAND
2401.210928861687,-49.33615316891539,11.801767712090156,0.6317794393411199,2.8586572682608145,26.97282513586029,7.265528563999154,0.6190250134575882,AGILE
2456.9933818641525,-61.766684589350284,7.24038697642021,0.0,0.0,0.8976864662171032,16.971461537274998,0.2304242796986176,STABLE
2482.822213179393,-44.04831343910499,58.732561522336994,0.0,0.0,4.586247310025925,4.548227996822684,0.748323867610062,WIDEBAND
2482.188072077186,-49.6086683191443,9.601438243339311,0.0,0.0,1.7214557834646567,12.0933077323125,0.2313016339630168,STABLE
2426.018465534299,-60.98711189946415,7.83029893667598,0.0,0.0,0.21983532076521795,13.418346018350663,0.25891762571816984,STABLE
2425.7963700564947,-49.26874306767036,17.384267974531873,0.28734180741086535,4.832716700553362,3.199291261819054,5.451249053921651,0.38983213181344256,PULSED
2481.89456521207,-43.69151365081649,20.03794393890023,0.774488039787038,4.950328589155486,30.7656778400271,11.101580473101668,0.639838997414237,AGILE
2439.7465648891894,-42.78472988556459,60.259957372113256,0.0,0.0,9.993566738974188,8.18834704591131,0.7016837869840069,WIDEBAND
2444.0766708701426,-44.290807643950714,23.359263643274364,0.7851390087612777,5.067258735554632,5.018529985849812,17.537090567110845,0.39350349540078233,PULSED
2444.872950720125,-54.33632126452793,8.002679693508973,0.0,0.0,2.67836285775166,18.09288438161268,0.16493894979042584,STABLE
2492.1230502718367,-62.129192134722025,4.697644481888938,0.0,0.0,1.312039436980345,16.13853592633477,0.18996845895055647,STABLE
2462.9197488787554,-36.87621837839983,17.941023795600522,0.9397944707629786,2.5160934008478812,40.424020424476154,3.8966391837004295,0.5144002219487779,AGILE
2404.480530334506,-30.737203312141766,53.92164810300559,0.0,0.0,6.74404400357717,10.604971862547512,0.8663510675285073,WIDEBAND
2462.2629674080795,-56.54771255944638,7.40102821841677,0.0,0.0,0.9426720699956427,13.288219096594698,0.26407877126228557,STABLE
2430.358265159439,-56.36659327348806,9.54442295470501,0.0,0.0,1.581456490482639,8.378717062692605,0.1710982536677348,STABLE
2441.377140248696,-54.57954352011134,52.62460570476454,0.0,0.0,10.147912472877673,10.574866533934934,0.7535035394931817,WIDEBAND
2419.2742890790746,-56.605075131491546,11.208819992070708,0.0,0.0,0.36191948097358617,8.74335773039834,0.21165167011805236,STABLE
2473.231911551535,-52.617810386236116,4.42654681231018,0.0,0.0,1.1447028365075878,11.360256472354518,0.268182896975963,STABLE
2468.220629542048,-35.59256541573881,21.6460539513659,0.4486384173235475,4.212070858338395,23.885324118562085,14.093576641817268,0.5139539909853068,AGILE
2462.270874498821,-55.01151911905808,8.816072353762534,0.0,0.0,2.7934995187988862,18.856749741397703,0.18985936115855193,STABLE
2416.766866973689,-31.052984803041134,11.22644655139264,1.01488314993964,4.4783287963682445,8.412269146730466,11.926463733638663,0.647221250421999,AGILE
2409.0695449671025,-51.87236730256997,24.759358889335388,0.651514878796525,4.228289322657857,40.60182639877864,8.04212133030633,0.5842265424771982,AGILE
2462.8295482743133,-53.68529160868265,11.061232191498704,0.8455744455844965,4.090663319222045,1.0949765659861606,13.70907368259866,0.3994564261658326,PULSED
2481.881886402144,-31.963308067082266,27.284302043828514,0.1,2.715693171705735,24.43978621909119,8.357281751278052,0.2,AGILE
2471.1405847479573,-58.080711922294654,5.549338636834802,0.0,0.0,1.6368911188250166,16.954570878731978,0.27414192090518935,STABLE
2490.151005786274,-53.41071204607851,16.73367837243653,0.902460744566567,6.8944541255672,3.4561484995226053,15.198005628714737,0.5202521529539059,PULSED
2424.2674042955027,-45.134189738597854,6.246870351633606,0.0,0.0,1.2300561967150603,18.24690323053885,0.1844690603747825,STABLE
2480.86943602172,-40.540135260688864,22.257871820382654,0.8771841690671557,2.333185107996276,44.9856896179064,11.038494545345582,0.5149035078431025,AGILE
2411.632710028463,-44.945831659048665,6.316293118213059,0.5235569261961734,5.916000934861387,0.8994971594294259,4.432908239132787,0.4770784490951226,PULSED
2400.9732672468617,-50.778067065321466,19.518969338244826,1.1275922248932644,6.497290246233666,5.447328429483831,12.539338900805728,0.3431238159298305,PULSED
2482.2348187054054,-34.39356329173563,21.485077134830586,0.719660916165446,4.36713821437018,27.621509639294576,7.063208223395971,0.5294170645519224,AGILE
2481.9726771144733,-53.57597137723692,5.3078773443100244,0.0,0.0,0.25532847066805187,15.644292648288683,0.2445808593846922,STABLE
2493.556842203201,-51.005819920463395,21.49003120259462,1.021705288640415,3.8258993811314723,24.690245548183487,14.379963690688827,0.6378229338216447,AGILE
2487.6489337250096,-49.046103710167905,54.45195998523175,0.0,0.0,15.385350648080028,9.78450319571987,0.5996632629830649,WIDEBAND
2472.437749836757,-48.69973244305068,21.481850358610437,0.643226016572649,6.944127367350372,3.873640343667137,14.676666754904188,0.5399795359121389,PULSED
2416.3446017321266,-31.675777901251983,20.0157730057779,0.7875604945909738,3.19927385981452,4.009337791152098,8.949282400568944,0.5746109395213391,PULSED
2485.056194358674,-48.06195221860586,9.53068507227257,0.0,0.0,0.36261812237002977,15.220843029557921,0.18976671183931884,STABLE
2471.28862914321,-63.86285779067457,7.6575345118153475,0.0,0.0,0.17232252933887615,17.740873275626583,0.3003520813091358,STABLE
2452.19763674774,-56.26820824151875,64.01174171817816,0.0,0.0,9.230454169506542,6.540323047400637,0.6708813178417257,WIDEBAND
2492.556767743888,-24.644175834916243,24.578422280922556,0.3181286492074974,4.2778439964046235,31.18146814425705,13.863623075575479,0.40048559524232935,AGILE
2411.606215666371,-42.58525816660569,72.7095817665281,0.0,0.0,12.366190967820268,5.2450682832657645,0.6462424455084119,WIDEBAND
2412.390034578331,-37.22892118882126,16.932062710583796,1.2578250801443502,2.9276414173082412,5.836292450415667,11.379373248414474,0.4235159574822336,PULSED
2475.1338711546578,-54.38739716570449,19.934289671857005,0.3304287394091699,5.417972118249056,1.0620012382057755,11.319078638652398,0.52159421531594,PULSED
2490.265314392762,-61.66258410648687,7.056950385100102,0.0,0.0,1.7109737634852156,14.637249139933214,0.2324697288517867,STABLE
2467.3165428968036,-42.426077395742006,17.850194758004392,0.2524410451830429,2.8113549739755195,3.9953172236260834,13.88888447028782,0.39410846433015345,PULSED
2465.170533045311,-54.90096894279814,10.833888831581294,0.0,0.0,2.145989787218359,17.53449888579987,0.364527421507418,STABLE
2426.6966819578756,-50.53003782947152,65.43863995789415,0.0,0.0,10.226266658932278,7.413679633828892,0.7950905846095748,WIDEBAND
2410.638064931097,-59.206244943926826,11.203142755790852,0.0,0.0,2.099640431140917,15.127560745715737,0.19497504686738162,STABLE
2426.0877939305765,-45.2189340235245,18.607032591946755,0.232742510690495,6.173444929246687,27.503064860772884,4.235756471229996,0.4483681709871247,AGILE
2484.47674331852,-33.33653393265737,18.71533386573653,0.872804694295345,1.9068149562001762,24.03210601928732,6.717299109815471,0.5412855138499013,AGILE
2450.139480058347,-24.708395705083355,24.331043890472852,0.6613884228733218,5.509414561317609,5.455173814887367,16.02586621039569,0.5595700695227684,PULSED
2429.9874893593756,-37.691635234836866,40.35330356512397,0.0,0.0,9.931656410752176,4.604710287523062,0.7759019083562628,WIDEBAND
2475.931167710179,-25.63473740906729,22.55562922022176,0.5295695038233175,5.444266623426997,2.4165263866805597,13.394789195775143,0.3399850066313384,PULSED
2449.2962068945812,-58.9005929349768,18.01642892224546,0.8240317973480765,5.485058163222768,2.922052983441812,9.029005604203643,0.4494147093844042,PULSED
2482.264465683519,-44.60010670582508,19.003534290808005,0.5414347852149708,5.176988785319526,3.277963130547416,17.66577490827625,0.5037187916007427,PULSED
2409.0783509988664,-51.308299554267926,24.120554459597802,0.8817346031490692,4.812253636489705,4.716160088958624,11.02485193884154,0.4936062923585125,PULSED
2460.362076278155,-35.378701488067094,17.29932435785997,0.3290312595157093,1.5,0.9412278683834407,16.267179551753053,0.4447281569752892,PULSED
2456.2035198478125,-50.966959308156405,73.8769048998747,0.0,0.0,9.315368209861923,10.799815531315147,0.8718579762084027,WIDEBAND
2492.22201533622,-42.80947351423278,18.04926109764604,0.5772340940681363,7.839292684998562,18.929587843821196,12.453687973996665,0.6281368709492372,AGILE
2450.5357003035137,-41.11396938407381,10.46313025438008,0.4684911473642215,4.6071497689738825,25.685778201930283,7.475886288259325,0.49330085554953995,AGILE
2487.347073746181,-40.428268896664946,19.170921560762622,0.2617881873800105,1.4341712557224495,40.44506702135044,14.234898565934415,0.551964572307178,AGILE
2432.859420677005,-38.39358240477268,20.915956925094804,0.42798712620144064,5.447728005010834,22.942108593374943,10.536852015943152,0.5444011410831757,AGILE
2489.1701811225203,-49.563363616138744,14.565357500691412,0.9033683232763762,4.834746271063319,0.14495772856650602,15.5427797973506,0.35821868068308294,PULSED
2418.644264951352,-44.92491786664353,100.0,0.0,0.0,4.316784857991536,6.853536587464516,0.6794543126537369,WIDEBAND
2459.919567955942,-46.73999273391119,14.010000170037493,0.6196509882091725,4.153085516646692,30.180576798720146,8.291765417167941,0.295062322959937,AGILE
2422.9056134739217,-51.92326322552949,10.404573283810025,0.655198774886994,6.081143746258903,27.603163608682575,3.9999258399500834,0.3816871586953726,AGILE
2473.531203188043,-41.93499710714446,63.637027206660576,0.0,0.0,6.596345579668405,9.72252945107343,0.8270243513813565,WIDEBAND
2481.638991547142,-43.975254816548095,20.121755546090103,1.2840257000756286,4.0102260445632165,1.7496318662440853,13.7833580318393,0.48888360546142573,PULSED
2417.354484707923,-48.728598169047935,60.41398426801872,0.0,0.0,15.625305591134,7.844863734132168,0.8786523767987452,WIDEBAND
2499.2408248834463,-50.45755069588205,15.923165428315588,0.5570752421653207,2.1243832742410556,23.029490211342146,14.613456601057713,0.5900835876858673,AGILE
2431.138731220771,-48.905804059823346,34.46927054184074,0.9052533256151382,3.344023200915565,5.6853744079545265,4.664749088895211,0.5227249206244078,PULSED
2493.3033905659495,-41.81273096628615,75.03059930457948,0.0,0.0,9.17469791652338,7.182230783659546,0.9386931323387624,WIDEBAND
2484.141853187801,-38.781583396888344,23.133343651450257,0.37040769077498004,3.506179420935664,20.817846415377446,5.449505754842338,0.38483947757890846,AGILE
2465.2270132231715,-47.55157619861035,29.143988606574005,0.7258058011066061,2.965594860873575,32.98093661654801,6.435612993899676,0.4909563362759888,AGILE
2490.9518134093864,-40.09779801054368,22.503050493579348,0.23864042026736193,2.88029164543957,13.153740309819721,3.351080657366467,0.6683379884702886,AGILE
2468.389957706785,-33.85516246407844,10.985050074226445,0.7548228509024972,4.160026778672927,2.0491549592453224,15.3108578619148,0.5916454087229586,PULSED
2468.2093255178265,-27.760945379593437,13.43800710840052,0.7923711008866665,5.957446849244091,17.234557277185342,10.117962879814879,0.49136229017707966,AGILE
2443.3926206810265,-43.42961681190057,12.315892887432858,1.127235789134116,5.223912973409634,2.6610855735789034,6.769978971000382,0.40783710143491075,PULSED
2430.9810716116194,-53.81013615431039,49.88534091757968,0.0,0.0,10.086489367423868,9.98452737411909,0.9519805878194585,WIDEBAND
2460.14749223999,-34.13222011942614,20.92564882518618,0.4594866427386687,1.4833156066732296,42.39876765942461,14.13319871513471,0.6363074399689005,AGILE
2401.4053687920086,-39.65683577148255,10.727692327985153,0.9074703932903708,3.7096830782469663,3.8749216084905003,16.037196109324555,0.47428433889523436,PULSED
2419.972349702103,-45.302309478617644,8.353575275526305,0.0,0.0,0.7758599546051396,9.606969404930432,0.13663614472756477,STABLE
2437.5559642457506,-64.24643797900836,6.760092672214299,0.0,0.0,1.1741546621452124,7.740915223071637,0.2544988730793902,STABLE
2419.180141885503,-39.019463340299765,76.13184023905266,0.0,0.0,8.107311416758312,5.771776223502132,0.8099194031581591,WIDEBAND
2406.867798554917,-61.729396367665956,9.528216447367548,0.0,0.0,1.696283958857933,13.590562038997906,0.13962070061185214,STABLE
2446.9109420506393,-48.47361771533473,66.32676122694068,0.0,0.0,10.072776969593978,11.87045414743735,0.7550364148153701,WIDEBAND
2417.9500740838707,-48.939234819218875,14.314952680576544,0.6294684325388568,5.635691388871787,8.060726882006204,13.94950800057027,0.5398078547803656,PULSED
2492.2333158315305,-50.034308271740585,16.960889056398116,0.6097415240933036,5.84844887011628,0.7897335970831652,4.942113868236177,0.423288895079083,PULSED
2447.297908517207,-47.576955737256974,19.468296455758544,0.8470304110488752,5.722903263162903,5.209499807879599,16.2465669527472,0.44244366818734576,PULSED
2487.407720483285,-51.73653951298298,35.0,0.0,0.0,7.397478459272015,9.384805231759977,0.8479102130225291,WIDEBAND
2443.1519003687354,-54.59208024369347,7.175701243086065,0.0,0.0,0.05384251218005365,10.872379692959951,0.15643700588166348,STABLE
2470.344512137176,-46.493659584676024,59.40772822029485,0.0,0.0,5.026317750967499,9.537599840482704,0.8326415475491102,WIDEBAND
2411.710356590011,-46.144305711678946,8.736713225401317,0.0,0.0,2.1772671886747235,16.614821242127647,0.29882582139797265,STABLE
2453.2923597996805,-43.21118614226743,61.321444968814745,0.0,0.0,6.649803018495762,7.027946953831854,0.8314587171900307,WIDEBAND
2427.9564268153226,-40.95481703500668,18.40247510302324,0.6470326667970764,3.9646338067674187,14.491534574522808,13.928790831720955,0.6216054451699581,AGILE
2499.995709128009,-49.44512166217307,84.5293480921405,0.0,0.0,8.331937794309178,9.36422387335558,0.7455305224212573,WIDEBAND
2480.448316743763,-49.09213649166542,56.31212191648979,0.0,0.0,7.134074004350675,2.334905563115777,0.7260388528603313,WIDEBAND
2440.8516670135855,-50.25100640749105,5.486032649261302,0.0,0.0,2.015318669721586,9.597205659778698,0.26910868400779486,STABLE
2454.659343593465,-38.09335913093451,21.264114280814308,0.8159120003161511,5.291347594445067,26.55550456042826,12.232710779830498,0.5082858401384742,AGILE
2400.141238713715,-51.635647643954535,60.68920755578871,0.0,0.0,12.76730127206439,7.598623020116921,0.8227232181489789,WIDEBAND
2436.212253084745,-48.207943678220985,17.619021639880255,0.9464014104524454,2.888227683756209,0.7939998369431231,11.362113233475185,0.29407691448656603,PULSED
2471.040480606528,-41.03243334992009,8.8566889542326,0.8025965098428309,1.8419428038190127,25.280046049218708,3.60679489387385,0.4082231516934387,AGILE
2401.4123409145686,-48.721317750281216,45.63764397164767,0.0,0.0,8.704369716774558,6.938913440098792,0.7262431214696126,WIDEBAND
2422.952010780435,-45.27917615026675,29.7308415698529,0.3938991574034332,3.8316968716499193,35.13770085261893,7.1082030310301825,0.5772091743175741,AGILE
2449.8344403238766,-47.480284037106415,19.18677723951033,0.587253205180601,5.638279493251628,25.847096656657428,10.79703991765988,0.3845156884992079,AGILE
2447.095213845682,-52.05128446036246,12.127789071313337,0.0,0.0,2.5899665952001705,17.77947553402386,0.33526455628418705,STABLE
2407.0904363690975,-54.846972582052786,26.270656512585887,0.44731102338529716,4.354438297895011,17.488730076933628,14.294537209540724,0.8051348953621102,AGILE
2469.4458711110224,-53.49635391379273,46.20480324447527,0.0,0.0,6.224396178119093,9.709548990052255,0.7967277046216052,WIDEBAND
2495.8585246806206,-44.026239719654484,52.49402184833038,0.0,0.0,2.6758700259828023,4.591048241708155,0.8543656901291565,WIDEBAND
2427.551083945485,-56.12933512775158,6.567561769777471,0.0,0.0,1.7310706813275007,7.338519338809586,0.3513893572264609,STABLE
2488.5170433272733,-42.31781684140665,26.591186207256907,0.9965809170728949,6.457468227144732,2.77878520740074,13.49043235728456,0.4311696005749608,PULSED
2483.2120075281987,-59.76759673075033,10.607130135616174,0.0,0.0,2.172176130155358,16.232311695005823,0.23369953697876247,STABLE
2410.2379550482883,-39.187660174789265,62.8730966436924,0.0,0.0,14.050188906267742,6.434857303624891,0.8950597285544712,WIDEBAND
2414.3896254370147,-35.120937634233336,18.71008730019033,0.5123961609617198,5.098110231139018,27.863946056719843,3.4632192564126747,0.6845612286414259,AGILE
2455.035545033221,-39.910107694480274,23.895434933422965,0.875814136219429,6.137850110947282,28.57964720231567,13.740536635890049,0.31864780094402245,AGILE
2401.833894744757,-53.44802779689092,58.63854904249224,0.0,0.0,6.32399796091575,8.469999109014543,0.7802363973787663,WIDEBAND
2455.6974332414884,-55.24033289091681,69.33915726803936,0.0,0.0,12.806837717163955,7.626951665321993,0.7475367471221426,WIDEBAND
2422.1638003572702,-59.68965242434679,5.0,0.7670545442612687,7.7842764501714266,7.593559047582853,11.852864760994894,0.46199226379124886,PULSED
2498.9756370685445,-53.44818011888638,68.00000380122128,0.0,0.0,10.196103690473661,10.94787941580865,0.7403387248202684,WIDEBAND
2442.9026121357415,-52.4332216105172,8.87798205877779,0.0,0.0,1.0786276864430335,19.903144951802712,0.38859066532540465,STABLE
2419.3489488610635,-37.58586787780699,13.75149595449907,1.1349699466110441,4.295058841749056,3.044064558927811,16.139648909017673,0.37605924713466826,PULSED
2404.29751256469,-63.20765366429118,6.037801265063571,0.0,0.0,0.9214114512473285,12.156242993710649,0.16827695014884086,STABLE
2460.936065264961,-50.917672611553165,37.19169643027715,0.0,0.0,3.6139961174189157,4.05356639024358,0.7094976290901346,WIDEBAND
2470.212800866176,-45.88460427793028,73.438256602125,0.0,0.0,3.1642638316813843,11.32194250218836,0.8079176687630454,WIDEBAND
2468.65144929355,-47.990858924670256,92.12672300578907,0.0,0.0,13.3938082433779,7.762397732508458,0.7961415535465424,WIDEBAND
2419.5771602209725,-52.74358242207537,6.322287780974964,0.0,0.0,0.9518057542567808,7.80132133567105,0.27167187304323975,STABLE
2475.4809868093307,-59.88710722055302,80.27710430058575,0.0,0.0,10.420774848874725,4.751473604058829,0.701498727598831,WIDEBAND
2426.456819338015,-40.26248911845378,18.959843077357185,0.8778632076082489,4.140175284315629,28.00773286260105,6.80585906178858,0.6443230272060378,AGILE
2401.0866177993366,-50.53360294568401,18.54005902267159,0.9460487360440069,4.745702168106901,0.016756873778631665,10.279796484949365,0.4596147074207808,PULSED
2467.7727102515287,-48.80662638785083,58.274040858588585,0.0,0.0,12.20757096031868,4.4724232402525415,0.792986188651484,WIDEBAND
2431.776904832887,-47.3475518789481,9.129898781531557,0.4271227622770605,2.560922737748204,38.433796741704285,14.862314323073642,0.5449208322004397,AGILE
2496.2213855617606,-50.97162998064611,15.52375689903172,1.2534340175786798,5.289367630400027,3.464745870207843,10.0760654731125,0.530583925388649,PULSED
2449.8639546876316,-54.48096674847123,8.65401973757863,0.0,0.0,0.8659793356336684,6.920789158216804,0.2842322221683091,STABLE
2491.13806886912,-42.086939099080624,18.13864339694046,1.124064603234202,3.0983323781444945,5.4719264074455545,9.459715349683417,0.5239907355135527,PULSED
2418.785854819268,-52.08586624485691,5.436297504542669,0.0,0.0,1.524005230824752,10.050062113960585,0.26818611309701984,STABLE
2444.4688028010746,-61.50766373461743,10.825026139922013,0.0,0.0,2.31927907187282,18.39578727129879,0.2594339706061716,STABLE
2489.001467415992,-51.6545449430511,5.324912613414211,0.0,0.0,2.0160133514520484,8.168314916569475,0.25470700784667466,STABLE
2445.6403857901846,-55.98790616526371,4.495802854546058,0.0,0.0,1.5753464465858498,6.346298528767929,0.1848059284245646,STABLE
2441.441386242488,-48.4533640021998,13.348499286803417,0.9536174668261107,6.133941830203056,5.8305367732930895,7.751536242395236,0.46055658410633915,PULSED
2490.3790708077972,-51.38588296664488,5.591966172327881,0.0,0.0,1.4478707054874471,10.550746408004905,0.35285888079905897,STABLE
2410.9780167254203,-38.49499181687037,92.55727229483067,0.0,0.0,1.0,3.476429633059362,0.8018153564284821,WIDEBAND
2418.864753691089,-49.63883392664907,20.822920566582958,0.7082412235173623,4.897292232067033,1.0847052860305446,9.071819295955773,0.45569564949915975,PULSED
2413.436691331306,-44.99267433328288,5.792518604435985,0.0,0.0,1.9698073334422337,5.265031714998683,0.19785716512811305,STABLE
2443.805101810433,-39.77708690554823,21.638974043241458,0.33037541572324863,4.582414958961246,29.408522809570393,3.6121166602975414,0.4780479820529113,AGILE
2449.3921106157513,-63.94436270594058,17.512483855416214,0.6202632420326092,4.682273874914319,3.163229860768153,4.782815857244783,0.44099440744256074,PULSED
2437.8683565301526,-49.15168974843422,25.033517325829035,0.5921762975354175,6.174278461435963,32.32108722868253,14.99925664642812,0.5763142351833324,AGILE
2404.752932136074,-46.15136604570141,18.90215909743726,0.4619985867964956,6.287678664823403,27.531805713553652,9.010209555456584,0.4567275026310971,AGILE
2440.208338825807,-47.08658614224842,69.1437344239082,0.0,0.0,1.0,3.4509216242931466,0.7880807654699793,WIDEBAND
2477.228208391865,-37.77324975942517,16.536846511936396,0.8617892760194263,4.626620683424773,4.923515609846423,11.341728685018923,0.5818041287153254,PULSED
2421.6794145731446,-57.18657050838545,7.158983313126218,0.0,0.0,1.0729632482726332,5.014849908895791,0.2178846660021653,STABLE
2421.4582037412883,-31.348394020671343,19.570015668579053,0.18031889633034243,4.576200888766696,26.128294284588417,12.602114729347548,0.44795932439111896,AGILE
2402.812586139318,-53.70173028024563,70.6286721434264,0.0,0.0,12.754548075827817,10.724207008291891,0.8923621230209811,WIDEBAND
2445.5564431627895,-46.19939073089498,13.83370487558913,0.5668486549343106,2.8089754810002177,2.7415695047116913,7.397990187662121,0.4594431066925659,PULSED
2448.3324913267957,-46.82919880549321,35.0,0.0,0.0,6.71903736499557,7.464151000102786,0.7222323450236753,WIDEBAND
2458.7307178676438,-42.815535031447716,12.157500432603367,0.9725850403422951,4.99834270372599,3.034525111353314,6.041482427899801,0.3947794257287696,PULSED
2496.108309293473,-41.51415392119289,71.85687768428454,0.0,0.0,7.223887442196475,5.194973926906385,0.7998729538653512,WIDEBAND
2481.5901215463095,-57.18626375735945,8.254724951312971,0.0,0.0,1.449193060449385,14.943866773053813,0.1991953544269588,STABLE
2401.8160543914364,-49.025791684600456,10.118447477792643,0.0,0.0,2.320669474308191,8.804967598427428,0.19929728032185093,STABLE
2479.5974856566027,-50.649794644489255,18.472557466837866,0.8310038296514013,6.457665769397337,2.799235142167298,9.240212559994612,0.3299097506015154,PULSED
2421.154322698383,-44.05683369537713,27.00821302173253,1.0126218008004773,5.2543790597259346,4.502973062035636,12.993330524018821,0.3499008971524007,PULSED
2436.063117562939,-41.26772372018915,8.520030847601912,0.8010459582765018,2.960488377899927,15.215028801176537,5.667809877243327,0.6059377837183987,AGILE
2450.5655889640216,-49.62473860640263,18.71650584323848,0.3564758256789241,5.821945467986009,4.646948166984676,7.623688854591641,0.41877085403202685,PULSED
2425.193553025584,-48.279783624059334,58.74447532660356,0.0,0.0,4.434830882241373,3.592278225083974,0.7424290108547736,WIDEBAND
2459.091549148142,-56.33333618259264,5.058387410994684,0.0,0.0,0.6875367350339667,16.741028408754293,0.30028759407366284,STABLE
2479.6278557207665,-46.253636726071576,18.18554068014033,0.8622357535651648,6.438474806331922,5.9555859270920415,13.821004497060075,0.44531104258482646,PULSED
2433.973390074929,-33.26298463985249,17.87903713962031,0.8188389368675165,5.61467825633323,16.352238160551828,14.292660648779666,0.7244686889450433,AGILE
2441.619713300201,-50.30327198021798,11.105956336098863,0.825774008127451,3.3131751562185046,3.0724347503564107,5.059026691778868,0.5359298808187285,PULSED
2417.186936423135,-55.87668418956727,14.908092804488362,0.0,0.0,1.728099073073818,16.745192531852638,0.33520167506722626,STABLE
2469.2771569254996,-51.68153927784853,8.497827197350059,0.0,0.0,2.3069346847638714,5.464921827217017,0.32306351124706817,STABLE
2493.4997478108094,-51.63840508186581,75.07229844214449,0.0,0.0,1.2681189847586767,5.270695822275393,0.7091243690047364,WIDEBAND
2499.8228481117853,-46.64757447415447,6.294124364415455,0.0,0.0,2.0180592824493484,6.785362249732529,0.14341794166922675,STABLE
2452.509479585618,-45.478434518533746,17.858433321738666,0.6080111415649623,4.077043738707374,6.021048040653426,9.939172638465326,0.3624242890375303,PULSED
2438.784169516365,-54.40313516190557,7.827798696357903,0.0,0.0,2.1326448973520646,12.876324544508918,0.29009956108647983,STABLE
2460.6362840215534,-52.81284977204319,6.547969804598046,0.0,0.0,1.2755196425295487,8.302368367284494,0.18847539233332575,STABLE
2442.890612074358,-51.43317446371729,21.83930580763295,0.5772752506693482,5.241012694635969,14.00500830508812,14.433709688105631,0.6250044385861138,AGILE
2464.486356685245,-40.038444786663355,21.83724604372216,1.1489430382030628,5.87368223051807,1.3446234451228625,6.911608977290655,0.5352525511584034,PULSED
2470.1928788653167,-47.08012292108124,11.03951741878004,1.2099847517163997,7.5981711137188075,1.8836057953158631,9.6231440518192,0.3731677014402518,PULSED
2470.1388395164895,-49.08208838808367,77.4725107853935,0.0,0.0,7.37883865101844,8.558673357415497,0.6560621763052261,WIDEBAND
2436.659922641156,-41.50669868458065,15.740784035279443,0.33116284409579305,4.633287475216472,13.389502073431215,11.014088726596874,0.5983599315260522,AGILE
2418.4140186693407,-45.121041547097,9.170972464492165,0.0,0.0,2.1426513788994135,7.080614047382139,0.207532128209877,STABLE
2480.190683349075,-54.76412160385422,9.553615397730294,0.0,0.0,0.09096847628596394,13.295195095166088,0.2606271898003018,STABLE
2403.765837958746,-50.26609303021517,48.104842331292005,0.0,0.0,1.0,2.1476996820910825,0.7203837534001508,WIDEBAND
2463.1885951839467,-59.63021440198288,54.407941636089205,0.0,0.0,5.583453239330934,5.088079976547911,0.6043276282960806,WIDEBAND
2457.040531664511,-43.601227123438875,9.586072722803099,0.3911682171127154,3.6557766976387063,4.699054535219428,7.504012303863031,0.5339183412444602,PULSED
2460.819629424471,-51.44424364765642,47.04078287958993,0.0,0.0,6.937877156880264,5.6277555588617165,0.879111669742103,WIDEBAND
2400.8495138168582,-44.64080816342647,64.79523320122307,0.0,0.0,2.9845488180407065,4.474856078635957,0.8218013534685294,WIDEBAND
2411.6228741597015,-28.550092711241817,23.713814832942205,0.36450508506174717,4.049075366944363,32.668598828305065,13.890960148179891,0.5640532554672792,AGILE
2410.345606561333,-53.28153330988394,42.814833691173426,0.0,0.0,8.537514094091039,10.78969393484121,0.8431297453951142,WIDEBAND
2461.77466155148,-59.62396320298672,58.697935423559656,0.0,0.0,2.569559195553097,6.478985376884355,0.7636379445898861,WIDEBAND
2461.390121021241,-53.14689710991884,19.158315255734557,0.5436009095806545,6.189121228584034,15.959644538745287,7.8154137883389145,0.5905179366042888,AGILE
2418.120587483839,-39.77163967598233,15.881382663175376,0.4925511690084034,5.336279337767836,6.86322930454918,4.801474374283096,0.3917580804144179,PULSED
2494.2181454786046,-44.955058330329535,22.078351711859835,0.9791163010776023,4.802009899837787,4.345302569713511,6.86399053788929,0.49909439834835634,PULSED
2429.60234709794,-52.709957684770735,69.52789178634498,0.0,0.0,13.782407794157418,9.201602856236313,0.7865588954811517,WIDEBAND
2452.832999166868,-49.90451259292404,20.703693761442285,0.855358898067069,1.0,26.41028653752874,14.039710150821378,0.3858001873563053,AGILE
2478.775271886596,-53.623261153332024,8.939072734031653,0.0,0.0,2.237064158302148,7.747105187746703,0.20901546356745931,STABLE
2442.5802408427926,-42.781849365529006,17.02629612767013,0.9699984247743805,3.818032059412823,33.735892811972725,11.437714228669774,0.6787672835425793,AGILE
2456.2325512905422,-49.59836628301552,84.48264965141585,0.0,0.0,7.02138798850693,5.96214460148443,0.7076285828121978,WIDEBAND
2471.635396133094,-46.97823396034391,28.66152277135692,0.9020325207439275,4.558732055029281,3.686234730961523,6.417529080105643,0.5856617544501952,PULSED
2495.9430318763516,-46.813905415100784,28.029075001150346,0.7186341712847449,5.543226668766174,14.47528559207974,8.279856697917413,0.45285566832795293,AGILE
2417.7374065628956,-40.03497606508775,29.951669413269954,0.19167178343198144,5.8618367860894764,21.190346411405194,3.9607439654493892,0.5620375847169043,AGILE
2411.20703709987,-61.21046868424384,7.975830698423465,0.0,0.0,1.3314479885094745,12.342530097608122,0.1561913231278787,STABLE
2435.4655576056366,-52.70277318777117,6.010385525710497,0.0,0.0,2.2266091274138597,9.014731025897786,0.27276066095083684,STABLE
2477.809119253807,-50.208968284047124,21.48301133848198,0.6249931943730925,2.5107519582916002,29.65644659876211,5.696169395201899,0.483990693203599,AGILE
2455.5558467546616,-48.35393596309744,9.721235044673927,0.0,0.0,1.5622853794138434,18.482253385053767,0.31157138008641183,STABLE
2493.2587175670897,-51.75370348657236,16.34228580477949,0.9629840751571311,1.0,18.469099800901134,4.424934895078557,0.47980738804513395,AGILE
2409.6752898361096,-62.5564784002368,5.3736645636001255,0.0,0.0,1.3763113931040727,8.400479778720662,0.20783470241072777,STABLE
2494.061099816756,-50.70282556172395,7.812216346963269,0.0,0.0,2.3632990234593674,12.50910287159984,0.2975708271110608,STABLE
2494.132573686655,-46.01911367260461,21.030737691197725,0.7999973634086043,2.7723992681924328,17.070460208068003,3.058601280014973,0.6039252580258083,AGILE
2498.460250207242,-44.202272448139276,23.626338730938254,1.1462267344113128,4.506983683880943,4.847011531855689,9.2976614565847,0.3574228957586489,PULSED
2495.2706758814825,-54.942756995877225,8.360284610207183,1.0270669224974913,5.190466700674985,4.945439254737552,11.359143638542058,0.33924750947127846,PULSED
2460.306194636387,-48.1651970260432,68.71126893340697,0.0,0.0,8.946686901835468,8.944769800242671,0.8595120054235844,WIDEBAND
2456.0537233266505,-48.01133000078338,12.62931326380048,0.6696132200671492,4.408917797645891,2.634317451068957,5.154377245153532,0.4283196172089285,PULSED
2403.6474030156724,-39.110215849904925,21.66536269732898,0.7018992638554085,4.713043875496304,13.764622674180952,9.96215891843216,0.4471078375517958,AGILE
2422.4689474545876,-65.66191983595645,8.64802504837996,0.0,0.0,0.8918479291048755,7.429123553744468,0.25279344839967166,STABLE
2488.8364569009764,-41.312632642380365,15.271420800326586,0.4284868906110118,2.947764457735542,12.206105785739968,4.8777109834535395,0.5459426627162441,AGILE
2404.018157262847,-50.31291276865755,10.105288835231123,0.0,0.0,1.44342752662043,12.60851266341231,0.29550118195864394,STABLE
2425.7330687194985,-62.761029156030254,6.374051950719639,0.0,0.0,1.688095954521332,6.208174200696698,0.34695894544972283,STABLE
2446.411370440504,-45.29184980729837,60.97973375111519,0.0,0.0,5.279500551710333,2.0141514832925793,0.7886907185037719,WIDEBAND
2410.0840588294404,-36.25521893335957,28.02731252694661,0.39377317082535795,3.9729392955963982,5.396970314119509,5.044815795595896,0.5188629175879386,PULSED
2402.5204947126163,-61.922049498398565,8.31689610099947,0.0,0.0,2.3179257802883777,18.927892625859936,0.24428285277916392,STABLE
2428.268773534531,-39.128444111425196,8.713433681364886,0.7101300776210904,4.383957477420732,7.162097367743749,16.688155193633662,0.3558226309381262,PULSED
2434.113661420571,-49.722247648908265,18.0475486688156,0.5961593019042073,3.425501485800931,2.822452959248598,4.903383284796257,0.5172596293539176,PULSED
2449.045073600351,-30.158530993760866,50.72249354923852,0.0,0.0,12.22634688182157,11.065781517809924,0.8372017906933239,WIDEBAND
2451.392974239124,-47.812456763973096,20.199857810755898,1.1087393899260292,6.996396436345487,2.4754686494722398,11.74985012624724,0.4939744655640814,PULSED
2443.209042357949,-53.08267595965983,5.396354495557805,0.0,0.0,1.7371064160934038,12.828307307759498,0.33439693201903864,STABLE
2411.313888061486,-52.06418562630468,20.698873083357256,0.7335122348759902,3.9523097797371762,21.009676021292783,7.951449245083198,0.518280700763529,AGILE
2450.9652073132283,-41.235957549150456,63.36112500451437,0.0,0.0,12.092734674107842,9.825043299791972,0.8127929140078309,WIDEBAND
2467.45795422408,-51.07751266250338,53.71788948937715,0.0,0.0,14.221970284208584,10.57302063569122,0.8828474578240181,WIDEBAND
2425.0701429153537,-38.466068370717835,16.57484543724707,0.7550831279298387,4.9608475729893104,6.213078637184893,6.467110312891221,0.36541329252186683,PULSED
2486.188061190865,-48.62192569563641,23.01255361022374,0.9904843091204499,4.160207090362331,3.1511194653046544,5.749703541972596,0.355281744074036,PULSED
2439.686056196186,-54.737566551840715,85.55468973958281,0.0,0.0,6.71017334539897,5.426426375909799,0.7236941458180456,WIDEBAND
2416.46552651919,-45.70658002695422,14.084136437064872,0.9166856228843403,7.254582036752889,40.540961030557085,14.551172871851886,0.523441492092081,AGILE
2473.851071268663,-55.658405089781105,8.705440326052686,0.0,0.0,2.113458297427395,12.634012276270314,0.2578458512746927,STABLE
2413.225733678841,-44.01679230278013,68.52269729949795,0.0,0.0,4.461290077833723,11.430174431963533,0.7720947568085182,WIDEBAND
2467.3026263711827,-48.11573390920114,5.329086299280255,0.0,0.0,0.22604573944156403,6.9244598438641685,0.3322446704484987,STABLE
2408.001942552661,-52.5861076518603,2.0,0.0,0.0,2.0392185618529575,10.376109387531434,0.13024554483281242,STABLE
2403.9946465617627,-57.361824827782264,4.761856359763671,0.0,0.0,1.59110015531361,13.950895256478931,0.17814470265795057,STABLE
2404.391031998029,-56.95331316840353,45.93283218351018,0.0,0.0,8.488234257822345,2.1766879574448907,0.7152780174749558,WIDEBAND
2475.377067964396,-53.527773946028006,4.447203407315411,0.0,0.0,0.9768294930904624,12.80107868392232,0.18852826522521962,STABLE
2478.840762246837,-45.65721954121956,20.758140310451694,0.6590673617051848,4.073410293309314,4.8634483722682065,9.14208259780831,0.40170574610706516,PULSED
2427.627539743199,-42.406510855374776,6.929487659546554,0.6940563878277618,4.148262182589474,16.19577870805228,9.261163021365478,0.5242150697929834,AGILE
2430.352475301991,-39.63935165033097,28.511811872383724,0.8368589091385186,2.171399653817375,32.90825934589284,10.770841432993954,0.4875278999386505,AGILE
2427.5435042549634,-42.219102322262586,32.159855361068956,0.9084021414587207,4.3899385062255485,25.87785574244885,4.891349646116695,0.5994275669283077,AGILE
2494.9851379915863,-65.44301793416689,8.034669258302614,0.0,0.0,1.4025558207573332,9.80241453339304,0.37065556674403083,STABLE
2457.7808950913477,-33.70302049698094,63.180345046268656,0.0,0.0,8.377970799162048,9.490262004073019,0.7224366398759285,WIDEBAND
2439.603882829294,-47.18367048387294,60.32865133754321,0.0,0.0,1.0,4.260643806732413,0.9554170531157691,WIDEBAND
2475.0803600567538,-37.01919424753356,14.455500980169083,0.5517918065580303,4.699828173231024,25.089670875836124,5.026838465082754,0.5594698147049597,AGILE
2438.9313671845966,-44.02286507656326,66.59978063403776,0.0,0.0,4.822941669751993,4.7277714612584045,0.6579266640739131,WIDEBAND
2424.5927650589138,-49.7877839486099,7.2806766426653855,0.0,0.0,1.764245849742037,7.90688919158619,0.3634275395964671,STABLE
2408.8810086785747,-54.0240755872996,20.041757897208186,0.5250823229977978,3.679987815500652,5.673512062441775,7.921937426839691,0.3496936366037671,PULSED
2439.6852401244882,-31.627483471911425,18.075483464156104,0.25852004393877415,2.9801811025377756,12.11238533266231,5.733099602767768,0.61709869474954,AGILE
2412.28106170655,-34.63601840437757,51.73380056116824,0.0,0.0,2.1113964530796787,7.814396658429407,0.7745722050973068,WIDEBAND
2438.9857409494743,-60.66661783204357,81.34263296043306,0.0,0.0,8.478700832304392,11.205795390951387,0.7475245179173473,WIDEBAND
2423.0103154057338,-46.54056269634983,6.636770894939133,0.0,0.0,3.1251201318228023,5.074774479417093,0.311683213923951,STABLE
2484.0084372648134,-64.25103944403604,21.243776489419325,0.5409346779828079,5.5605630534863035,6.785643698633939,4.031620100400107,0.5296612665330824,PULSED
2429.1472428066736,-41.143123998380304,28.438570181475768,0.6130352931382725,3.056691507878254,1.8988940078569523,8.958224962499491,0.37205384507064715,PULSED
2479.8749827761762,-51.25489436518281,6.3334748169255075,0.0,0.0,3.2269272085638674,11.30244281786958,0.29277984552070596,STABLE
2460.482455807616,-33.4917457924458,17.88863360682767,0.8793795446257247,4.525947062563675,0.6658541749533398,11.179519776812985,0.47677959255142344,PULSED
2445.245023483476,-56.79791838433219,5.566792569421191,0.0,0.0,1.7680338940299305,8.799614010584655,0.2788617198858193,STABLE
2481.851739025446,-38.74456518773392,15.395492191683829,0.6717647212525548,6.735577877520703,6.925034665239956,5.643836434917784,0.4939824208785754,PULSED
2474.4770927816753,-51.98170798973881,3.1717842979379256,0.0,0.0,2.01871520899097,8.575077940430901,0.25320747475704847,STABLE
2492.884168506723,-49.199956039140545,24.63895356352119,0.9315549405644193,1.1343569704199035,12.57167506061179,3.8723218579196095,0.7069796340625739,AGILE
2479.440418854042,-52.439981038594816,75.49380757436953,0.0,0.0,14.70928968415059,3.1102292990489704,0.751445266972522,WIDEBAND
2499.409131684053,-42.585840896704724,68.64910558521036,0.0,0.0,16.049251798693756,7.295029562834984,0.8280924195996051,WIDEBAND
2405.0379738288552,-54.39437924958907,10.267578545128025,0.0,0.0,3.1855077866225168,19.162154706144122,0.24898979657599443,STABLE
2463.4003976961185,-45.63476591225502,18.118923297169278,1.0861350348269738,4.093781410158311,0.5860599904310955,9.780205417912079,0.2865073531061497,PULSED
2411.8902895338506,-49.121433179125134,73.56957430154354,0.0,0.0,8.253654729320303,6.257191430459841,0.7530046511673179,WIDEBAND
2481.0011229649667,-42.8467100157246,75.45657308110002,0.0,0.0,8.767000217712361,8.429803930028818,0.7623449298135819,WIDEBAND
2483.494441265295,-57.55780952808281,2.7516664449971664,0.0,0.0,1.4033851386607945,9.152049310865706,0.29948456479287805,STABLE
2481.851339300266,-53.89802742049591,23.85651816058207,0.7977619150569448,4.9423851778979255,2.6139713510702944,15.90571967274809,0.3166662451347687,PULSED
2489.0167032844506,-46.59984281139745,52.10841352064401,0.0,0.0,5.028050855164031,4.214934100627949,0.7086491397780603,WIDEBAND
2495.842918090097,-40.47750992651559,8.869768542927295,0.0,0.0,1.0523421711604084,15.314975737491388,0.15634249882033344,STABLE
2474.9430390220573,-46.668999695809596,23.222547716356363,0.7145070256599648,3.9605763042416102,2.8225637876940635,13.134831729015755,0.5537754472554992,PULSED
2481.7424299762947,-45.89233215583916,12.429565456713854,0.23532235092310544,4.875149124156812,28.11022709598095,10.33022967310905,0.522595528101741,AGILE
2489.371743101231,-39.58147865356774,27.311861534113735,0.8262399871460121,4.796489917276854,22.376521337698176,7.764341054275384,0.6637661951603357,AGILE
2431.8552579888405,-50.92452508705729,26.933157746297056,1.0047968630805961,3.6666917122436704,22.255931047869755,5.8857154112453856,0.5313869624970481,AGILE
2460.5318224279513,-30.525662454402664,18.82411815352987,1.4476714590153732,4.1837811541575896,1.497841519862094,10.287324923857708,0.4324407787940008,PULSED
2496.2693852172497,-53.17198300526904,8.959604640103155,0.0,0.0,0.4278332919751613,10.626704796133552,0.2805548790647851,STABLE
2450.762063864188,-38.868457976244784,80.36571096390689,0.0,0.0,6.618670817988914,2.3103245754112427,0.7448230088450416,WIDEBAND
2463.4629117418262,-53.11655073125468,6.333262388101188,0.0,0.0,0.2283460053528248,13.824593726135124,0.18295695322062355,STABLE
2408.590890494996,-39.79004352340101,8.379513122325305,0.0,0.0,2.0300785203402008,8.595285512616822,0.2209060004332699,STABLE
2427.0696761495105,-52.495168247547916,5.359022031685925,0.0,0.0,2.183748584108449,15.149785737644565,0.28797147487643837,STABLE
2437.762863233174,-42.424762216964986,32.381248942840344,0.9001384997268245,5.250319177097753,26.04964756704157,5.299756879172147,0.6627386385933994,AGILE
2449.8192353438317,-43.2873192036863,12.304378903808,0.887901047256675,5.24623954154473,4.278070079787374,11.705257176229459,0.5451459718842719,PULSED
2484.5457898715426,-63.98866204988828,11.201750247354184,0.0,0.0,1.6600042465746043,19.99572276594339,0.3603167820968509,STABLE
2440.0199295211637,-37.765366644345434,24.312497596015874,0.5842858439089316,4.4106986973175575,25.165585522099406,10.694449157089638,0.49134832106518633,AGILE
2458.087116022345,-39.413106249997675,18.176587190471896,0.7319954253727529,5.513276260405189,31.193883532150366,6.367442588312088,0.40019498564859657,AGILE
2476.88190125101,-38.067827334236924,18.870261200210223,1.2792316978750822,6.317273373256358,2.7487813628766133,10.941709894466712,0.28183681312081366,PULSED
2427.738220213948,-32.65744109825397,12.952193138519753,0.16154328885283753,6.6795665275084595,17.58782532304388,12.205216104929352,0.602745464046249,AGILE
2483.0019179159026,-50.025273573603684,8.809710175271418,0.0,0.0,0.21578300229394576,6.904028851863797,0.27187206934199576,STABLE
2466.4758669023217,-49.36123726442399,16.65711041122303,1.0191012561842894,4.347077382063185,0.06914849692862868,10.859727872207603,0.4507964468576225,PULSED
2418.0137989854056,-31.840993068707547,19.246402068158655,0.6969698642233092,5.161847775246216,15.8068656997246,7.072464313707078,0.42006883540049234,AGILE
2451.7697649762877,-56.57446513368587,35.0,0.0,0.0,8.155398742362072,11.119967174758127,0.7585753983558984,WIDEBAND
2487.5721434568377,-49.05764844740236,18.21755292049974,0.28394145300059015,5.744582855729644,37.419776341242425,3.7293070066685283,0.4850920687455687,AGILE
2495.91608256762,-45.475638670249836,26.130374438995794,0.5474480296700317,3.0677718779228424,19.974623537639836,12.809470195255237,0.7250635030139964,AGILE
2499.0679033713072,-29.012105480913405,18.428978213046147,0.3605089443690821,4.41718182959407,28.511849563736206,14.196574325712971,0.2972971317162403,AGILE
2454.599215439167,-49.648730724025285,25.025745357968795,0.5682828059619934,4.717197585465128,27.422013626375563,9.086610908080775,0.6528513803482532,AGILE
2411.8310178247925,-38.02189900841576,18.20736268175862,0.7846331472029283,2.6751378621164554,4.147593627694855,12.626614463401621,0.43109770916134493,PULSED
2450.1394208579823,-50.273210401315694,61.22441512464744,0.0,0.0,2.0837207282140424,3.327644735968312,0.9039416133306781,WIDEBAND
2432.0378959637483,-45.295027695988836,12.769088901347057,0.37878429112271883,5.998197742515655,2.9064431554715524,4.2946143264024,0.5491765525655299,PULSED
2403.964146524137,-48.645585878035924,55.921435904053816,0.0,0.0,10.970382392086671,9.779042336323558,0.61352162273782,WIDEBAND
2482.3124609950096,-56.578440546738115,6.628294647646714,0.0,0.0,2.6053660747022374,10.917222769081317,0.32730665495909517,STABLE
2404.869847231385,-61.20584831004639,8.470552223176528,0.0,0.0,0.3610124516807518,16.605810241274394,0.20160406574155765,STABLE
2401.935812490811,-35.18117459606829,20.33444607654555,0.9891885466670225,8.376776262876708,23.991026112708933,8.040160667566006,0.4510590747979276,AGILE
2491.133411319743,-51.61579960428732,59.96314325147934,0.0,0.0,5.0219556850659295,4.042772432397376,0.8494824007267251,WIDEBAND
2450.243528636976,-40.48690236779109,21.34554923679994,0.343057456259745,4.162830546760791,33.49853457429473,10.491187637541394,0.4352185032280558,AGILE
2469.0351717512,-34.6819458891436,17.61673540076598,0.839764374513523,4.3489713440907956,3.09459504140162,6.448739742233139,0.4876920650664071,PULSED
2469.2034024213144,-54.674436774736414,20.867697722198493,1.1659600673174129,3.933487572200062,25.808266580194033,6.615562067020822,0.5383709514992709,AGILE
2430.7471646012355,-29.18965585792526,33.7159549080302,0.612588882584576,4.686846069423314,31.539422617885336,13.433637325426192,0.5813091934674761,AGILE
2400.9747792682965,-46.53629934077515,54.35154684242726,0.0,0.0,5.9248167023829525,8.398573097097788,0.6983137238944297,WIDEBAND
2421.8274659988324,-48.64671669860635,76.2213446657887,0.0,0.0,4.384617838654116,2.9490287151940056,0.8339662348863934,WIDEBAND
2439.2081717953674,-51.65664869245986,48.431269916282446,0.0,0.0,10.513859528776987,3.4739822168300707,0.8236277761303205,WIDEBAND
2417.7601506030933,-35.50205438300904,17.441361233394648,1.172681057454211,3.717610645001958,32.26545778537328,3.1290646200099594,0.7696692756330448,AGILE
2488.3425392540644,-44.333219414481185,11.385976230228568,0.6373395569246694,3.8565716249251114,34.45792136061594,4.136726988797575,0.5956450340414233,AGILE
2489.0056362620576,-41.162579506258936,19.756391388665243,0.21983314814200894,4.394534982348385,24.661657019898847,3.2715634324974627,0.5422482222235518,AGILE
2437.2113437416288,-42.23126253717896,60.38181212160723,0.0,0.0,9.441994593198796,3.227074235375402,0.7989371823870359,WIDEBAND
2427.8979903380005,-43.55713871451368,19.92732672369381,1.012100264050949,5.697021711521014,5.099785053124053,5.65814719397945,0.4735394845814126,PULSED
2488.018639382344,-40.903566404434144,62.39584415912648,0.0,0.0,11.033570097853953,8.00898368179795,0.7407294347320563,WIDEBAND
2426.399593592512,-47.95267257028151,62.85478215414137,0.0,0.0,6.46957108541203,7.268547930113837,0.79397166594243,WIDEBAND
2451.322279484079,-49.65440379627548,18.90025235701187,0.8425304042894901,3.7286144859704775,4.6637074535598195,7.2596569904925605,0.4317646819621187,PULSED
2401.0452152416624,-34.92858382448224,88.54195453713675,0.0,0.0,5.262690027736317,11.921562936902783,0.9209761159032145,WIDEBAND
2463.5113201974973,-52.28846629963811,7.411695130308871,0.0,0.0,1.3060025663375734,9.986227008616753,0.41263280613078296,STABLE
2473.9074629016413,-49.66523609483796,6.915992192948058,0.0,0.0,0.9447653409138864,16.045311457205337,0.35515885327305635,STABLE
2456.072485563395,-44.99667509543434,18.640530624677197,0.4155416370557142,5.773717963487586,3.4791765728551782,15.569548260068805,0.4688090959843695,PULSED
2456.3622790382374,-47.010290738670435,53.593664052308064,0.0,0.0,5.079055351272235,9.176944026380964,0.8558637566298801,WIDEBAND
2445.106869397319,-56.29514918627147,61.912835008419734,0.0,0.0,9.208700520892055,7.373847562287169,0.7892700759494315,WIDEBAND
2470.2038661957204,-36.73891767598267,19.72617854797146,0.8086048105687873,3.8474192152767452,20.354980005868978,9.90307624845087,0.31179105777440375,AGILE
2424.4987594298855,-30.144617470094282,19.410359981136498,0.9381502950886542,6.430005722749565,1.6256052020652665,12.27606061711681,0.5505135131086107,PULSED
2453.597231000472,-42.43981519484918,10.870809355526566,0.7753293945514319,3.149453316886462,28.010055202258705,5.93453474497751,0.5827870881931001,AGILE
2424.0806040510183,-44.44414725177377,48.26063077851377,0.0,0.0,8.65213269907201,7.1860041639840535,0.7860691111274734,WIDEBAND
2434.5730805762632,-55.231229571060474,11.479296083862023,0.0,0.0,1.114214017037663,15.846707032180792,0.2558448047774669,STABLE
2455.6867067939943,-52.25708792731079,15.346665551304534,1.0839574622125325,4.960248728765587,3.030711620768587,6.725543756067313,0.5740941706313809,PULSED
2465.5064882190873,-52.87024397262797,89.94721440116808,0.0,0.0,15.238023256243011,5.907365076251169,0.6706073543968314,WIDEBAND
2491.2582547697302,-55.802979146530205,6.996742887256194,0.0,0.0,1.6100996841658364,16.18827743442535,0.23056465156428693,STABLE
2450.755049411944,-49.95993900792088,14.028119300730777,0.7775551875821985,6.063381143579927,3.8470284581062595,15.735909864853115,0.39433435618699514,PULSED
2459.549433342975,-28.301158807260816,24.427342107299935,0.9489452396718017,6.490091099314466,36.71822217304694,8.861991269567493,0.4217790437056478,AGILE
2429.8542248752137,-55.989066289478586,6.26629528015329,0.0,0.0,2.488798786210715,11.206997148262214,0.2720232116008533,STABLE
2459.0433972227097,-49.91357380955524,68.50437291378957,0.0,0.0,10.976353921224845,9.890447785770954,0.6810054540988617,WIDEBAND
2468.671359375593,-53.81993755051123,64.565986056723,0.0,0.0,6.283104661775538,4.034474717670677,0.7416253315573494,WIDEBAND
2406.7091492925206,-34.46316488215689,13.520734620039047,0.6133477788540499,3.3960892858709086,23.75919568559453,14.141885336801096,0.6905691622806278,AGILE
2420.155592767134,-36.97725352663777,18.592101607182606,0.6949699854099571,4.946205338803752,1.3978110069373777,9.305015204376973,0.36338077488832327,PULSED
2476.0838840321207,-55.5990074829727,9.14371836527342,0.0,0.0,0.5163940821123217,14.696405570874232,0.31549501716264833,STABLE
2421.6645535564335,-49.438864518540754,7.494555374853883,0.0,0.0,1.3307627175355772,5.453149223631057,0.28487192871965517,STABLE
2424.6050265682247,-47.84854573722654,15.182870872437853,0.7436898288851623,5.41742165722874,30.8925873562117,10.170919892439427,0.557225755152648,AGILE
2466.5914700602493,-55.06774508176498,8.959465031045024,0.0,0.0,2.6512600667889763,10.048155138311346,0.3077298725887747,STABLE
2499.223593014631,-43.6749527132404,21.120382458203768,0.18473993549059464,2.72053106801177,28.677765616342157,9.474516289264098,0.611443296060078,AGILE
2408.1056991491514,-50.44863474996462,50.4864685744652,0.0,0.0,10.033356473675457,4.07461296528106,0.6770613670095316,WIDEBAND
2405.6913202128453,-57.824929946653214,9.478652051349806,0.0,0.0,0.5706133128525227,19.465505124955996,0.2592447995289321,STABLE
2400.0013168556206,-38.31839607378015,22.571520631147862,0.9987120512288379,5.363439817401843,5.448006617073699,13.90335729336184,0.4840018075196299,PULSED
2487.463541184294,-60.38972028258602,8.891856696676907,0.0,0.0,1.4179312430331363,16.05727620075797,0.2686823877472997,STABLE
2403.6641984075886,-39.68221304284691,21.483066374200927,0.5167305021347105,1.0,37.27847459678791,5.573833550392137,0.5258442855049392,AGILE
2494.276823996272,-33.27316267170872,5.0,1.082556436239453,1.9923320833755023,28.960897433366956,5.514321168237014,0.6623716861841751,AGILE
2467.8310608401707,-45.86979728357825,8.717592167812509,0.0,0.0,2.2242075211951637,10.94097876917731,0.21391235130645964,STABLE
2447.9863400551067,-60.537318651371606,10.922357733440657,0.0,0.0,1.7260695863354372,18.955769263837258,0.18159034485242617,STABLE
2463.3426770648116,-33.63699342506448,31.320220342625618,0.7693312534804423,4.674380536949962,30.92269817835915,12.870578277004949,0.5550199345426593,AGILE
2446.149152298355,-56.42955866204512,67.78110328071459,0.0,0.0,2.078735168873716,8.69405779355967,0.5854607623298511,WIDEBAND
2414.1039844682846,-48.69528829128094,15.834668970365115,0.9499751084957251,6.421447094617256,4.79652050854019,7.2643510656294366,0.3935587542373802,PULSED
2459.549970591012,-61.246738815692744,7.111381095608633,0.0,0.0,2.249575196471361,10.297817445814413,0.2813797196948397,STABLE
2499.8753805774213,-47.05135842381318,26.304815270304168,0.9172589716865224,3.947273070631319,3.2516868112215818,10.877372551148019,0.5238451761501319,PULSED
2462.5833915306384,-38.72578228676503,9.791008332244562,0.3995026216984194,6.724690949414281,4.202430731514506,5.888264957309238,0.3605477737514403,PULSED
2455.3103802411274,-53.58730979014042,11.222232296999241,0.0,0.0,0.5221005499680774,9.323423682318579,0.3592779310487865,STABLE
2491.574734078787,-50.44932026949222,62.77764297998194,0.0,0.0,17.587760706135114,6.6418249479398535,0.8666305744772593,WIDEBAND
2418.8968606362564,-52.8653558868499,18.379022789796263,0.5709412497303187,6.522734169719751,4.001060415066199,12.91766710975707,0.4973440815144806,PULSED
2403.576781407899,-41.886087954437656,87.39475089851115,0.0,0.0,4.745481153458396,6.356367658228633,0.67067460921532,WIDEBAND
2476.785850294934,-39.417844753657924,77.82955374981181,0.0,0.0,11.932971527992258,2.113096275720055,0.9085121609529224,WIDEBAND
2496.9648215275724,-51.60414174926735,56.57573561898559,0.0,0.0,5.2054454384763655,4.180111620447836,0.7285850860534052,WIDEBAND
2477.3895525087855,-53.17426342318894,23.411715272176238,0.6074679793398282,4.8862297287320136,1.530995440414777,17.539010792957416,0.5423908248580547,PULSED
2448.2035387313317,-45.14248149297365,21.277106083684377,0.7609065672902204,3.961115871880268,26.956065070626725,14.378930266422019,0.4588213262322475,AGILE
2444.4247348945387,-62.504120557419256,70.80467484183649,0.0,0.0,4.510018480176877,11.207548104503314,0.7638702961420573,WIDEBAND
2489.7377839608916,-44.38796091067337,63.65473600712229,0.0,0.0,7.683000627087572,9.895445462099001,0.8183894785072628,WIDEBAND
2405.5967773472926,-58.40910308864226,16.18500363802213,0.4538498780852993,4.067302587742179,38.50611867552537,5.362969486779636,0.774220208859643,AGILE
2436.8655144155096,-48.35931685372473,18.276196296444333,1.103670962223233,4.584858043800147,2.6197901838957334,16.123495918385775,0.45364462568908764,PULSED
2422.4492050871895,-46.43463210081135,14.379453884481887,0.9791832519263554,6.1476683196103625,3.9624800811527394,15.85959408050872,0.47162236537883145,PULSED
2420.768301477691,-46.170305519071135,88.10284081808632,0.0,0.0,2.7966453357679475,8.427362729699583,0.7521240358214447,WIDEBAND
2494.5132039062837,-42.89846030612853,43.83524843639151,0.0,0.0,9.00906657864013,5.712179941719916,0.7206849765759866,WIDEBAND
2436.6191466962623,-51.58175271086382,7.926585608762009,0.0,0.0,2.307289525004044,12.248937231326256,0.28891395027796213,STABLE
2464.859679147043,-54.59466709551506,8.229867823162026,0.0,0.0,1.6295354938280544,6.754208496338125,0.18483792681795114,STABLE
2400.9452053005784,-31.16366174051081,94.14395631757097,0.0,0.0,2.8922431307097263,10.76807456248127,0.7908859701218715,WIDEBAND
2408.290455252768,-43.612246728578434,9.47907824549589,0.8562371747662436,4.6250797296776085,13.934936290022417,12.506947742303428,0.4707901170942212,AGILE
2479.311298774712,-41.42259212522972,21.773496600664338,0.6848823490562228,2.8981805646176166,22.397901365653574,5.020099259857293,0.8011424016875005,AGILE
2476.407605342129,-66.07802206672288,7.089037502290365,0.0,0.0,1.8330945185111642,6.004670196979848,0.2878764838072946,STABLE
2411.9665453768057,-54.271770975825476,66.24772166704457,0.0,0.0,10.021944458501356,9.248874993286176,0.98,WIDEBAND
2497.689772369713,-45.72376776621674,12.113667197928613,0.7907840242557435,2.2216643877323135,0.9183354632495146,17.623427793314242,0.47952425408052485,PULSED
2470.716619441529,-46.89813865031327,54.54782635667049,0.0,0.0,3.7819943704556263,2.3384611358952805,0.6550455145857806,WIDEBAND
2443.0796924744054,-47.111765432915924,14.820987217261845,0.7242685515235895,5.652568697501487,2.3855123890811676,14.192479379297179,0.6206528414402659,PULSED
2465.28763398177,-32.1243710364094,23.520119428908394,0.6285430797983153,4.436520186833148,1.4459921028963123,16.8702480515297,0.43002060396716196,PULSED
2492.4714471736393,-50.06273544492718,54.09183252858698,0.0,0.0,10.079910265392016,4.608959574640506,0.8039215264505414,WIDEBAND
2412.4019815309894,-53.813608139733056,9.406050918090823,0.0,0.0,2.489640433473975,10.68263835459663,0.32847493742679035,STABLE
2489.3518224698078,-41.77573742781673,19.658839117430485,0.11656336061614497,2.8415063430647614,24.10521924396273,11.199381254166887,0.4914864009450586,AGILE
2491.8574440716984,-53.167433172120965,67.34441102551335,0.0,0.0,7.7800399624004815,10.874972575491174,0.7230629647179017,WIDEBAND
2499.949720935655,-55.6360029123317,48.171773801466315,0.0,0.0,6.263765136761626,9.851093417984352,0.773792670180162,WIDEBAND
2440.078008034568,-38.05279206795456,23.460302083900466,0.5679687096105474,4.3783071521079275,3.0148200854228437,13.992543706912677,0.46164052421052937,PULSED
2436.081902933927,-35.5303793717375,20.068743448993764,0.8730971418726989,4.512689444994605,31.87296134256665,5.3945135675701845,0.7238552733433063,AGILE
2435.092127796106,-43.99215963580923,100.0,0.0,0.0,6.760118912831089,3.2626520794575957,0.8375864515167833,WIDEBAND
2497.529090526305,-47.21431325009218,51.247413544116824,0.0,0.0,9.91251386276992,3.2944251893613865,0.6801592797136908,WIDEBAND
2484.102709053976,-42.68616657056227,35.0,0.0,0.0,2.1852690841297484,7.125923311150785,0.6884906994114458,WIDEBAND
2408.7963748524385,-48.028801834818715,9.641198589995312,0.0,0.0,2.50163485095893,5.055882621164311,0.31083381004616534,STABLE
2431.917397176733,-55.37648010381205,9.231170575722576,0.0,0.0,0.33779396259028216,5.382523459402968,0.3405922409872189,STABLE
2429.205933031453,-58.23262790570646,10.295625321467128,0.0,0.0,0.41540824392037745,6.26173001835323,0.1488119109259539,STABLE
2430.9912532442086,-43.34388923571867,80.38957989142885,0.0,0.0,1.0,5.95439833846949,0.6829243182583149,WIDEBAND
2447.62313414288,-42.38153603818796,35.0,0.0,0.0,7.708866976697295,9.601662055006726,0.768862782920949,WIDEBAND
2411.1385106857065,-53.495219446974,19.504896372190792,0.839574259304479,6.152546092966004,3.7337362565261376,9.983949261820513,0.4362223889524722,PULSED
2456.346949606248,-31.894357270544827,17.761611591930638,1.2421063321284613,3.3219297071719973,5.036369765569003,12.352126375324081,0.45238005957270894,PULSED
2400.6986841200005,-57.1495360859029,27.995970211042867,0.9887053669772337,4.2109652380926486,12.899415138576558,13.968015699122184,0.7359132558460942,AGILE
2429.0656100081887,-38.35309540668618,14.873271036142391,0.6085840758056735,5.79151689271315,2.2520548787085186,5.161875767258184,0.47813007992186796,PULSED
2468.3649238345347,-33.70802721376123,10.685918927844671,0.7102597758283851,3.4442246359462234,17.314342804195398,11.718911750424507,0.45454974387385627,AGILE
2419.2266121586663,-48.72810329391039,16.79449047014926,0.8639011462628734,5.5490294519370735,6.116723023646136,16.201725387981558,0.4765457237421362,PULSED
2412.78324313788,-46.913554258426046,12.805891451609849,0.6510407538309567,3.168898697607194,24.42607530088208,9.294033721637701,0.5055569025315455,AGILE
2496.9153714006598,-40.47824189034486,60.02889794308166,0.0,0.0,2.3822294286375456,6.780141503152684,0.7410912546259008,WIDEBAND
2420.685040833559,-42.98400171168332,20.01473929957177,0.8540875807448445,5.485432969814853,5.0590235181734045,17.28679227901404,0.4566312449135693,PULSED
2447.203762253114,-56.33814285668218,8.821506547864487,0.8948347915710599,3.3653006241590484,6.511154731838766,16.284475360406518,0.4304650464718665,PULSED
2458.0554049873967,-40.82482400622226,28.19590565077811,0.9099220611271042,1.929213538652495,23.21717375140034,13.527177878534363,0.6111527948982067,AGILE
2424.1097919371227,-47.069143882523605,10.793344327470642,0.8188006024586818,5.3064837335257025,3.458579157924447,6.133306446015839,0.4833520991267071,PULSED
2494.448085632275,-46.395890291562864,9.008415037068916,0.0,0.0,1.4761351352443617,8.143946724901648,0.26777017507772444,STABLE
2484.9552782258183,-46.18785216596375,11.364709788192458,0.9659296859213551,5.936663827187331,7.139990786762279,12.328160605511618,0.6056377964691653,PULSED
2495.6511591705353,-37.60062242019433,16.00735350212153,0.8599185608990749,7.39636079993706,3.979070411379075,13.202278656591362,0.49163365994403146,PULSED
2491.2448796295644,-51.08951115158176,7.9824106210288575,0.0,0.0,1.9105598488617448,17.008754310107754,0.3837839104845729,STABLE
2473.236717691664,-43.016673344501555,17.517405984525748,0.2668292425817882,4.539612868336796,6.338462449949529,4.688317357549033,0.4367618757257926,PULSED
2466.5307876871198,-57.95532207331221,8.459796341161923,0.5595830860532632,4.396865866945746,21.391320769365915,4.493583213605282,0.536685890114385,AGILE
2426.058899448143,-55.182507110006725,14.966255786762176,0.6997390456452277,4.528042463573425,4.303762966578583,11.754074738287379,0.5682269040006619,PULSED
2408.670352045832,-46.22266699234242,11.025795742897273,0.8652860311811927,1.737201598917486,10.761261276154423,4.314074632986035,0.37616879894755695,AGILE
2428.9771567297767,-55.017735435758574,23.56625651341917,0.9116975689313707,5.366061926950145,31.50102090775822,14.19680038667764,0.6199693828436506,AGILE
2463.9013649264166,-55.21366441714054,5.27051669559687,0.0,0.0,1.2953343429273412,5.930946598102328,0.305461465431246,STABLE
2417.7924816726886,-37.882439508809455,27.308200110951226,0.3535881656441773,5.921394302918587,24.644751613686545,4.350155456068235,0.5503304434083773,AGILE
2462.4827563343288,-38.09232659262198,17.108335115754215,0.5959979516349785,4.738678774439918,9.847286715209318,7.39244806495801,0.3348441970639494,PULSED
2478.2211195267796,-61.900512964914185,9.423954045982104,0.0,0.0,0.5548167456569439,17.308356239597913,0.21252379550708927,STABLE
2410.8817178066924,-36.05521800084999,17.338917932152142,0.505942597157879,1.820355353395346,37.97759599204834,7.115590595699516,0.707503577491252,AGILE
2438.5312485838035,-37.48606869589143,54.50816501610805,0.0,0.0,13.01951243971751,7.90858897389333,0.7785267894768304,WIDEBAND
2496.6075437867294,-36.833691260013396,14.11354105209261,0.4627072366013334,3.0567256582250657,20.995954718368328,6.805178875501497,0.4186498050670735,AGILE
2405.174718803308,-39.76228260019941,15.68726879154087,0.7494115600636295,4.85752722691956,3.8973239949264085,4.971691116164962,0.26222610173294664,PULSED
2483.228348491081,-60.36569813129231,3.5801110807675816,0.0,0.0,1.9517938067923257,13.237108653283695,0.25795418259373915,STABLE
2474.87768336204,-32.02933885745073,22.389139467733855,0.5165622846904709,3.217957417477586,36.719202952601876,10.99313688145919,0.664681303163576,AGILE
2464.899925814905,-50.74238225920167,19.88982787761761,0.7903112474944196,7.210699707769395,5.576897100584752,17.280457643411616,0.5083248175352301,PULSED
2486.2794590515077,-54.08431075157969,78.82206762421296,0.0,0.0,9.290356953399412,5.649837877076187,0.7672479083334096,WIDEBAND
2422.9486284750474,-52.62560581134839,22.119178510407416,0.5730757058450164,3.806710912839132,29.168563316649916,12.351104702513778,0.5338998108412801,AGILE
2428.5419161235145,-43.91164870936908,49.361598055602514,0.0,0.0,13.833756870022402,5.346224540833126,0.5609657607300829,WIDEBAND
2487.693802332426,-44.97987754099192,28.799579079097757,0.8505684309496503,3.862715399714185,17.588200345829833,5.892542438237788,0.5636684135544301,AGILE
2403.2434739849396,-46.68917964465301,24.036687678190265,0.6079295332394525,3.673389764850265,34.55315114031674,11.328236614056916,0.4824679101735351,AGILE
2453.5495687261146,-44.107639252863834,20.537822449410125,0.6444191519405501,4.658143725281981,24.98876313854148,14.697906489290478,0.515973232909834,AGILE
2498.3379851176455,-46.20529612906587,20.57392118481205,0.5040696680586796,3.0245195732360237,7.98548560167064,12.417053862842424,0.4390117610464382,PULSED
2497.1930131426952,-45.87211934613525,77.07685282115523,0.0,0.0,10.181381567833299,4.056893328573391,0.630697388003488,WIDEBAND
2430.0247345335056,-40.15903064310599,78.35323025101515,0.0,0.0,8.223579969806439,11.405590556107963,0.7740488535997924,WIDEBAND
2461.5743145528577,-49.590943621869926,19.882275796050937,0.7869781836733749,5.987208873250382,5.9301840242518296,11.148185142658331,0.3018200571263606,PULSED
2402.8052556248203,-42.32625876560634,11.288228312668995,0.8036754563198594,5.686898699075833,5.81519113861799,11.762435799869285,0.451420077776574,PULSED
2411.821126784453,-48.25971307397863,15.921356428289855,0.9471425039094286,4.181339937254169,3.718076277018966,13.251638159898153,0.24026768624766567,PULSED
2489.025793364629,-45.63288080094111,7.6264837303912945,0.0,0.0,2.5455996427232126,7.396077014340637,0.2782750274707536,STABLE
2415.2565604683814,-51.476454029530956,9.189904916353603,0.0,0.0,0.9203409374496736,18.62926658772518,0.3819308712089399,STABLE
2445.38968820763,-42.22451732783021,5.425154837451938,0.0,0.0,0.6225715372362882,17.248531451358655,0.4243040301544244,STABLE
2465.0326941521034,-36.96114576758862,24.01086915715448,1.1450961835152977,5.550118602782638,8.720274499315071,16.86649910324661,0.6199262068943152,PULSED
2456.246433154252,-41.22686583998305,26.020287882236197,0.5496852159416219,4.191319014375238,27.996599060508878,8.783864722848788,0.5211605009309684,AGILE
2410.9326289310866,-34.28768517069506,13.290913427782115,0.9464822361181807,6.199108427314359,37.42143944989735,6.223682336004302,0.47481575266897225,AGILE
2427.435308018295,-42.455762594746496,20.877644259566544,1.173991489955433,5.496666787537158,4.045796920948929,8.71039573899849,0.6294192578871814,PULSED
2459.295663114962,-46.367767105844614,7.711944679890647,0.0,0.0,1.7320323171868282,19.720806518795023,0.34098640603536423,STABLE
2480.6533247646207,-46.3476859866628,17.54517552604336,0.5923255658495568,2.5722976963603292,2.8781419982419236,9.588178819671736,0.4609006645002794,PULSED
2495.6748368454187,-44.789512771204926,11.8216320959252,0.5010303797147213,5.1670759059915214,1.7411439986180421,12.34344853917565,0.5008428792747208,PULSED
2415.1232912940563,-43.77300353949252,9.917339129479243,1.0482291650504818,4.788454448414604,4.32352479247182,13.218294700426446,0.4762593793887987,PULSED
2429.98877591397,-35.657578405050785,57.909975495747176,0.0,0.0,2.443859483503223,3.64876991844487,0.8322416068948936,WIDEBAND
2417.018343674961,-50.41498383467288,61.83900236325595,0.0,0.0,4.221301960273802,9.287259428631625,0.6821910976601975,WIDEBAND
2438.2791565113903,-37.060480788839065,14.639915357169315,0.7329740767439019,3.435960068100781,3.2232857820976046,5.613998054186998,0.5122346531288353,PULSED
2419.5185529818655,-59.34605511644921,6.836557301595507,0.0,0.0,1.20762432470862,17.511813380031622,0.2122977335128313,STABLE
2458.873471821313,-49.76958306670076,71.57726048723173,0.0,0.0,8.131111145180029,4.971152246259435,0.7882756083723981,WIDEBAND
2456.1167673210166,-42.0389130195902,85.74769535840983,0.0,0.0,12.864563858586266,2.258230449822757,0.8800819997852232,WIDEBAND
2451.4592794618893,-51.21593274029456,15.593979351333573,0.7768899381364964,5.263049427061311,25.748788726714896,5.907431880524901,0.6008019416461368,AGILE
2475.012989032759,-45.41748165216904,19.30735808071752,0.3532668741715933,3.901055675155309,24.964751606040313,14.657590243762241,0.6093275710727478,AGILE
2429.1590371348652,-50.00699851419205,17.437840013472957,0.7766593214862598,3.4684369489386837,22.11665714125914,10.197730741494365,0.5591200481778276,AGILE
2493.3075241478446,-58.897633795609984,8.251672110441666,0.0,0.0,1.172427557990106,19.06040482368177,0.2300462091112984,STABLE
2488.347694582066,-38.21848970271114,66.95733049601084,0.0,0.0,3.2749181773123377,9.26213073419352,0.7498359080632407,WIDEBAND
2457.817763294909,-47.29087594603849,75.29296525790195,0.0,0.0,7.2828213214207995,7.497632354882455,0.7782243066469064,WIDEBAND
2472.0378438848297,-52.609871193768925,44.51978502822274,0.0,0.0,7.3738341016623545,6.373377636454108,0.7981355991330544,WIDEBAND
2446.977952487484,-50.27316846419477,18.26254907671952,0.6450954049926152,4.547132942787447,10.822118946317646,7.705325496176483,0.47494278902898984,AGILE
2425.88356372374,-55.418792714572824,5.333051362531598,0.0,0.0,0.32255011894065144,9.192310603552844,0.09388670109689867,STABLE
2483.4770209964186,-44.19645228834408,16.658907064786064,0.650039731251676,5.002095576140395,2.8995564971264205,7.632658698664827,0.4830586258403139,PULSED
2499.0145614055764,-58.73101594362643,7.464410852649634,0.0,0.0,1.0393931804494274,7.405952075841208,0.2729014320687768,STABLE
2473.2343029635767,-32.41398270928451,24.44345433696958,0.6014690148135224,4.186982312275484,2.342879929719092,9.866609845346584,0.569416368582078,PULSED
2467.4144300893136,-60.338741957783185,5.062721139369416,0.0,0.0,2.0062946588458304,13.822195221711052,0.43357187373980943,STABLE
2479.90852849242,-57.85713638174942,16.647094499318907,1.2115525501145934,5.662329221308847,0.2590857018754238,6.917279493355458,0.39018105646173373,PULSED
2449.7055692613676,-45.537021213382374,15.887586449856219,0.26931941874855214,5.311864044520585,24.263450042247324,13.263139912532505,0.6128209396426451,AGILE
2432.8566350874453,-33.37096639762818,15.927422762242372,0.43305068643357825,5.134240296309363,21.740531431927128,3.3483167193518053,0.6754139870140244,AGILE
2416.8566059651894,-53.54939269221396,23.29182843100164,0.43907667348423607,5.095776458995316,24.891526617166175,6.534781428361921,0.5113440383124006,AGILE
2408.1919884185327,-57.15164412123178,9.133941319167446,0.0,0.0,0.9442725172969123,19.964728911822654,0.30314113921916397,STABLE
2430.814995153919,-49.47879946620668,63.69165425925668,0.0,0.0,9.430955036983459,11.11912037480338,0.9406966963639536,WIDEBAND
2480.1678460920325,-55.634500819815415,57.44934621200484,0.0,0.0,14.795972806402844,5.075614942111918,0.7272986149895356,WIDEBAND
2493.742864602873,-46.01829878386524,21.15995983856577,0.9346214258373934,5.212704605835021,33.60323255145998,4.646862283351231,0.6995078023782976,AGILE
2456.544262018129,-41.532776262675725,50.38137542877108,0.0,0.0,1.7805548355273544,6.02718441580829,0.8774791937442581,WIDEBAND
2413.0475459795516,-40.95130463050443,56.7885915186928,0.0,0.0,8.430762601542279,4.247715870117698,0.7148640714198885,WIDEBAND
2423.778063289828,-44.03062472621052,18.157103307212527,0.959908382631729,5.478470189916386,26.15918643010191,4.21447308324533,0.4688145217716768,AGILE
2499.0971986035897,-51.90184378393474,18.177208648531636,0.2,4.621413821697563,3.81942004930005,10.402617192150712,0.5710574977159507,PULSED
2420.1444982852204,-48.57898186534522,12.941356353743494,0.7584095062870312,4.701098886995579,2.384560047301434,15.82011807765014,0.47549012542442,PULSED
2492.1369133493454,-28.924727452431505,28.013430473984563,0.8109880747927928,5.247731116042021,25.240775620879102,11.171600378116803,0.7070754612062102,AGILE
2460.5368136611714,-38.35923283062621,16.676233578594285,0.5854101598808675,3.4779279446326865,28.903782848905355,10.73921119203299,0.4871440366041078,AGILE
2486.0136508121236,-42.045029876872306,13.875847116212038,1.0011693570330786,7.689829866963603,3.5647658003810982,6.5231840987339265,0.4154536544247199,PULSED
2489.470529948035,-39.85842362083968,15.421267076879143,0.5919645245065159,5.872603099616339,3.063355253371682,16.862421896550167,0.36107874760203273,PULSED
2496.5892462589786,-45.80082040670052,67.71434884658596,0.0,0.0,4.560162638504179,2.040963695278866,0.837309886892223,WIDEBAND
2462.067599196943,-39.46818599262799,28.46250781169803,0.5849626623046108,4.767302983650399,27.40182124195202,12.615169630227808,0.5355855841190991,AGILE
2471.1376203752484,-46.54332207810423,20.277902186682883,1.1644466736778507,5.360352124929416,6.888687404186863,15.927938531872694,0.6417901271678161,PULSED
2443.088489741085,-53.30747265499072,8.494013414968348,0.0,0.0,0.9113984077997442,15.287456714357356,0.42071766369445834,STABLE
2453.324980983171,-56.037226494660615,9.929101364478667,0.0,0.0,1.4741303050438277,18.915026036813323,0.23823974212929905,STABLE
2420.535634134343,-56.223234311029245,35.0,0.0,0.0,9.342021409212991,8.402375084642356,0.8953069670301471,WIDEBAND
2436.1595085764675,-41.93474737502924,21.621002330142126,0.3785450380951014,5.4830842010829475,27.16850867430807,14.332289110532521,0.5171864472160081,AGILE
2440.76942426112,-46.68709270649823,15.437998906990819,1.0312458118305223,5.2998562715921524,6.07140176377926,11.704336861301844,0.4867184615093313,PULSED
2497.993008186008,-32.09786882526621,12.667448073441497,0.5479352917230543,5.258928038490497,40.056637857725846,13.435507035081114,0.4704242185053501,AGILE
2428.647718139398,-61.656526182635446,8.417283812974015,0.0,0.0,1.6618545444466841,5.7020741272320565,0.2395042070797696,STABLE
2470.747976243542,-48.59986081884258,28.850620714654227,1.2193548400035668,5.847785306956562,4.7130847565908995,12.368848072452309,0.46254065303045594,PULSED
2465.261537358515,-44.550109440051465,38.85819215994325,0.0,0.0,7.955003271248819,2.0810989586952404,0.7864359171652947,WIDEBAND
2460.6213342734804,-49.001738345490786,58.911562396017544,0.0,0.0,13.120521923239998,6.007066377623435,0.8171431101957333,WIDEBAND
2417.6097429268393,-56.070108607065414,7.919751884393342,0.0,0.0,2.0724304413631995,9.9932393812107,0.2089249786703287,STABLE
2448.520845160019,-54.1478711141567,18.418377841156314,0.9390109078712419,6.831641327825454,21.68402007869579,6.215078546600903,0.46631342427153577,AGILE
2436.674309892996,-55.39027403631285,10.339492361971033,0.0,0.0,2.2397593574158337,17.064377988150312,0.3056527466388126,STABLE
2414.5860545635883,-43.29482805568729,18.48498088569116,0.6972326317782955,4.897363517662314,2.4318711250443386,14.519849896343903,0.4546469125273417,PULSED
2464.280376433358,-40.64393966189055,5.885226510673442,0.0,0.0,0.018251599919821393,17.908453329104482,0.2003914536764156,STABLE
2498.817642455715,-63.16610156744482,11.947042873627343,0.0,0.0,0.662232991938371,5.87621569331928,0.20878374270004924,STABLE
2452.8015280412164,-32.220780375844555,19.382580972104176,0.9691193514791805,4.559728710178618,28.045527748133292,14.48727784911209,0.7152678216218433,AGILE
2477.3332248797674,-29.099738407360572,16.654297753809914,0.8642607132401685,7.286179126458581,0.9721535665154635,7.153990611908875,0.5596753335262997,PULSED
2424.4806560471075,-47.29432694485547,18.966191871270905,0.49434797002808567,3.1514914641999123,12.07174867755179,3.0470854344105582,0.5979320369545289,AGILE
2405.5586960827336,-49.20382120186861,23.20376691089784,0.40189622239360867,6.2127056602635555,11.363528501184629,3.3721680759119272,0.581953497474249,AGILE
2401.190659199921,-43.545214101461184,18.27723422050719,0.48891101653970065,3.1428622390878953,35.55818837572378,12.019231526259091,0.5374051706775053,AGILE
2427.4500491089175,-37.16182025319479,22.424616497382516,0.8060014284354213,3.423875194595809,37.06688614627787,12.615924540552268,0.5612234681841958,AGILE
2494.765651175828,-48.753281273879324,35.0,0.0,0.0,12.59093116858263,3.5003992232733387,0.7773538907992724,WIDEBAND
2474.779018130844,-57.118589333960195,86.51331769446634,0.0,0.0,5.442576017816309,4.57500639379526,0.7937456156340464,WIDEBAND
2477.3761148696344,-39.06055705646379,16.313564960790217,1.1099445771517586,4.952775127627769,4.2634877206751955,16.567270946077464,0.4081991232953551,PULSED
2483.2518524076245,-63.49471720988875,11.777085336592739,0.9162178264616773,4.556339569716776,2.8823160661437464,8.678225031954478,0.5258071653931632,PULSED
2467.1270913617627,-42.44317176991122,12.858673435074547,0.787584650841344,4.281046361576898,27.094799636716353,3.5105065195857796,0.48575845861082767,AGILE
2415.544156408342,-40.70438630389556,8.840377197449875,0.0,0.0,1.810162513009612,16.757361640635704,0.29900655203204746,STABLE
2422.448647802751,-50.2431742948308,18.065968279907203,0.8707855648761773,4.249995144560633,4.153928766503911,17.302014398305467,0.6069161459010918,PULSED
2499.4269179163284,-53.46004761572643,4.571028209007757,0.0,0.0,0.9289444022250312,5.512691163923902,0.23321939013202642,STABLE
2409.393639659209,-51.0858591139827,20.811499223630683,1.042540368351495,4.82465250630151,1.2463779981190632,7.25144621189458,0.5187811251836864,PULSED
2425.5017462703427,-46.42280815258936,8.513388998086171,0.0,0.0,2.182586130295261,8.16790580043587,0.28739746397511823,STABLE
2429.473018022941,-54.95863823867743,76.70302728747922,0.0,0.0,11.385225833688596,9.91365581816441,0.8149606104521311,WIDEBAND
2419.1529910605323,-47.81845804804075,56.95013404852605,0.0,0.0,1.2277197425952444,7.511171926997704,0.7258754344672563,WIDEBAND
2427.885420712482,-37.227916411723314,16.198694986931656,0.20605079902005374,5.90739454859291,28.083567324888705,14.105177542417296,0.5777705056492421,AGILE
2437.3989535803253,-45.935778648227696,77.54051260890937,0.0,0.0,12.274138515695181,4.777737708575243,0.8454645800685305,WIDEBAND
2415.413746305369,-47.486623752773646,21.44144085197373,0.5889218911444788,2.925196031755693,26.19441613321084,6.047533499308343,0.6427838571288103,AGILE
2483.1251482533016,-54.30270598209154,71.56568540561153,0.0,0.0,6.182035391021733,9.382905470899914,0.8247176338629474,WIDEBAND
2461.616570002412,-58.913880948499575,10.310624072213393,0.0,0.0,1.9870091777795518,11.98977729471841,0.2682620037418156,STABLE
2405.8158552509167,-42.383303915486465,60.946917193812176,0.0,0.0,1.8980794162942,7.255725316232236,0.7953191835494572,WIDEBAND
2441.122540852959,-49.50225591046344,59.73964178599853,0.0,0.0,7.005369080180179,11.066917669422779,0.6261207451553147,WIDEBAND
2409.12917354221,-53.12655070640664,23.748820010153047,0.7115992873698668,4.835153542421361,19.174044532065892,9.366253416551515,0.4124635852932752,AGILE
2424.430947407181,-29.108981070770945,57.79786078194612,0.0,0.0,7.016460927318791,3.6250350644720646,0.706961890629012,WIDEBAND
2439.1514415080132,-40.62354218280067,13.899027767095632,1.1980537839397636,5.090874029682094,4.921701692599339,13.633758583346637,0.5026976229613673,PULSED
2472.375298222828,-54.10845407954397,62.58524040383156,0.0,0.0,6.871256169105963,9.121410487642788,0.8487131927809929,WIDEBAND
2402.0220090963585,-54.464577839802764,6.4955264289110755,0.22464394189664183,6.6186562835477005,15.814761417223275,3.537265313248116,0.4858092201089295,AGILE
2491.5517507928853,-36.12646004474917,14.258918158262084,0.6272509973948985,8.324925333671242,8.0,7.625306475066692,0.5771622920878897,AGILE
2453.689634762511,-55.86496257589066,52.96825188438608,0.0,0.0,3.480875923675491,8.61556462713785,0.7885177047531865,WIDEBAND
2450.4821762861297,-42.94200424420552,100.0,0.0,0.0,6.6794087957773876,7.721448922651189,0.7244128640740752,WIDEBAND
2439.831449493385,-43.97613156350097,16.175031566406446,0.5352647647313304,4.979533011331419,4.104186902470249,4.869075182315265,0.505719993943637,PULSED
2420.015726623703,-49.42788877689463,21.988557073200212,0.3273079118304098,3.1631898338945943,27.21455162953784,8.027436451042814,0.5494009143786444,AGILE
2480.3888982843314,-35.486069453929275,20.694519705574333,0.6849824863431995,3.626473067541366,2.8612687926138385,16.33304778191848,0.4640014724279683,PULSED
2413.397721922901,-56.688219951434206,7.506352408976829,0.0,0.0,1.89039309664367,8.481206910046817,0.15231746716292732,STABLE
2493.9982593704995,-54.794933705652554,8.601229613529073,0.0,0.0,1.9431010562230655,8.878848065736427,0.24279488529587534,STABLE
2492.3313554301662,-39.24643541228033,21.115428667579252,0.7697061321559869,5.944234687810714,6.521745010167005,10.077210584718173,0.4474389555869281,PULSED
2483.6199750957776,-43.64170668746474,9.364785019625586,0.0,0.0,1.4439897129497596,11.67885058304061,0.3149411157875041,STABLE
2432.4756643755236,-48.48734696404059,12.563823392058232,0.727666252936754,4.441102389913564,3.3496811939924913,11.888703221784844,0.3871753925891414,PULSED
2410.754330087494,-47.576354296805015,15.913946653921265,1.0880842562310757,6.557962959127736,5.908447310866791,12.096318326861429,0.5190095225439137,PULSED
2417.781446404554,-54.450841364566834,4.255688995133209,0.0,0.0,0.5806725675690912,18.1361902453947,0.22550960944066276,STABLE
2473.462109193516,-60.328803122401915,7.283966623851142,0.0,0.0,2.142868015502881,19.703071773480225,0.1670691090773776,STABLE
2498.68496922021,-53.54234357020655,19.489551724008656,0.6343780765319963,4.9030547499287644,11.278671977371035,10.85160408963701,0.5900460796351075,AGILE
2401.3292677345635,-38.86305395836895,15.183342615093135,1.0213443882247812,6.218971330623042,5.354992691849327,14.645146430932598,0.5070658665923973,PULSED
2405.278338078644,-46.66238969725386,15.038904180426487,0.7796084698923536,6.5697729122072595,8.94603160784695,16.80145303500842,0.5370395013577417,PULSED
2418.3180603633677,-51.76329760450706,10.650712419464325,0.8559731767670145,6.93612915227043,4.406332953482076,12.569151568626545,0.4680093381630722,PULSED
2475.8021083150306,-66.63251576202116,5.3554272081996315,0.0,0.0,2.526234284882171,18.994700399739067,0.2080448741101572,STABLE
2457.7453559409264,-60.37730549589027,63.138136533303076,0.0,0.0,11.489616746313118,2.4780189692061265,0.8175576776798237,WIDEBAND
2444.953224112352,-53.44115285916694,10.0498433862508,0.0,0.0,1.3688371999784028,17.176285568288975,0.11345581577669486,STABLE
2444.1041879675395,-51.67627896402806,6.834012232671865,0.0,0.0,1.9962979151450864,7.447672355962155,0.2463446167175239,STABLE
2458.4866906261104,-39.042018286722616,35.63591773015597,0.6124628521414681,5.4383699386827615,19.191606333002554,5.459925634981845,0.4795716063225531,AGILE
2420.571211209093,-50.56331168192087,16.79301269766659,1.2676598142114806,4.924023475876893,1.711192927713122,7.101062006512265,0.4122457251366597,PULSED
2472.181379944403,-40.04204814130526,21.170299881170468,0.4899970585109912,4.998661399035351,33.222652707458366,12.639042331993632,0.44575566799392763,AGILE
2419.444985846416,-44.69534269819982,17.38426855350394,1.1981784334456944,4.980742851099982,4.800606812997377,13.483348359477727,0.34035983479564935,PULSED
2409.124796757439,-47.80179992792839,78.79563824903407,0.0,0.0,13.687453163331984,2.278637834089351,0.7625106453071917,WIDEBAND
2462.160696214776,-44.68803699041365,15.703161055880603,0.4829595661934077,2.316302462745827,29.979160253628294,3.241523118002365,0.6109979446373052,AGILE
2404.0741256704614,-46.8016136955311,27.959076029503215,0.6517492552224172,4.036775379307641,30.41021141964072,5.160682814680188,0.6049869984490898,AGILE
2409.5761851859834,-51.020707358461024,2.4426607166678984,0.0,0.0,2.4797034860798437,10.229396350392783,0.3006006935154987,STABLE
2410.6814386241026,-41.20296847386133,67.55867406009273,0.0,0.0,3.385553104233134,2.951822509928637,0.7848577010521944,WIDEBAND
2407.991835791607,-39.44159074831015,20.35955002245607,0.22692465634370418,3.8209274110827227,6.768211693011847,8.918987443371975,0.5205968920052646,PULSED
2401.69604742679,-38.64928182877043,62.545667295851544,0.0,0.0,10.0701365812761,9.03789785369737,0.6831176295879142,WIDEBAND
2405.944798210602,-51.11143943417176,11.397390033152503,0.2,4.915830857915414,2.35690712101313,13.193529180543068,0.2923018084764506,PULSED
2486.8278516548685,-51.66347091195677,20.726365827436076,0.8688932247406365,5.948099254934857,3.3476995638987703,8.103721721751727,0.52350771907316,PULSED
2404.82918507704,-35.27560485894238,16.094277564694124,0.7741865923847703,5.168630776224289,8.43628278942425,14.512749858751317,0.5375156282866809,PULSED
2487.1091428137406,-59.09658112009416,42.592066099608644,0.0,0.0,8.467224668982144,5.01337625398721,0.883407528311126,WIDEBAND
2479.673938245271,-42.98281509063301,66.13099608782196,0.0,0.0,6.9655015987844395,11.574428232508723,0.8640327983668239,WIDEBAND
2425.0454835475007,-54.3347334351859,69.03293837580641,0.0,0.0,6.748685370288377,7.122363289412974,0.8726374792852796,WIDEBAND
2487.2752823927144,-53.218944281162145,18.90090704235737,0.30842265855897877,2.8725448032608356,23.41810216305509,14.340997843072776,0.6073930615366429,AGILE
2425.877848873044,-34.64305199788415,62.538440432407064,0.0,0.0,8.124868832587584,4.056828806037001,0.752220481333033,WIDEBAND
2481.783530995808,-45.05574327860502,6.630887951640399,0.0,0.0,0.9535265587318602,17.804760035067503,0.26268760914183503,STABLE
2408.356203214848,-56.02245794340989,8.02647334560334,0.0,0.0,2.0885866882241313,7.931293826159337,0.19954305167977252,STABLE
2479.100108616164,-40.1279664934626,17.280139453894346,0.6004163053152933,5.719792130552781,3.8720286887428697,16.76991806859754,0.4136912113316651,PULSED
2448.4213514280063,-56.087386207280204,8.895430060190137,0.0,0.0,1.9367030701913162,9.921067138414116,0.28064247695281086,STABLE
2456.2437059426843,-50.450942207938326,13.919497626172253,0.8090218204736125,5.044500333379821,2.4297370544906602,17.94216412105351,0.42877093015077017,PULSED
2498.907793504226,-52.49577518180902,11.328466502995276,0.0,0.0,1.7520344288929366,9.73305118854259,0.25105221410038353,STABLE
2484.2821309999104,-54.492330461142345,15.013274930350086,0.7105343757341871,5.953660438767972,2.943778929223,7.0010826966618795,0.33704059382798207,PULSED
2414.9089379520833,-49.667538384138176,38.89344276337538,0.0,0.0,11.27719805489059,11.18439944615113,0.662611777940412,WIDEBAND
2458.505445432095,-42.87099664900826,63.453514538864894,0.0,0.0,4.8931216833620255,3.5822489280015994,0.8537246838245778,WIDEBAND
2421.5616016186864,-35.72457963428281,35.80157348323616,0.6240772704018239,3.5664123426376464,26.41886322928359,11.237146163145747,0.5567633785767807,AGILE
2445.9677290587533,-43.178322994294994,83.14352101536899,0.0,0.0,15.771809056844859,8.503375562897967,0.98,WIDEBAND
2497.729836174034,-53.15980486184152,16.393411142226963,0.789865800277217,3.4869948224075755,23.1511525491118,9.633705902392176,0.4693656920505141,AGILE
2404.857673782986,-34.21012973341129,16.159564453567167,1.1337702088251798,3.7469526189443165,1.8382445004686123,13.66403434263297,0.3296207409272959,PULSED
2453.4864045541503,-37.35339093506184,19.25521478051571,0.8953704734813129,4.947595116165163,15.504535434393405,8.523952912647285,0.6725571522715137,AGILE
2431.48784782775,-50.46848934414339,8.702619351975835,0.0,0.0,2.3793471950282488,14.779435190496281,0.2625189749124021,STABLE
2479.5027407296157,-56.06774533447412,9.515553521872373,0.0,0.0,1.3180634953954748,14.78942073711958,0.2380701038212677,STABLE
2432.3207289492784,-53.36007246077875,12.477663332828847,0.0,0.0,2.6438299619763344,18.57789134320194,0.23091835397157584,STABLE
2460.8785089387766,-50.13376034274634,15.295511548686013,0.8862079273692617,5.711863256844932,5.536967474681197,7.617717719942381,0.49228933772436667,PULSED
2410.3354046129016,-48.52895769126113,19.673036458653606,1.0103540955335915,5.568841196689184,0.3932711009980707,6.339637252510056,0.44195089898678974,PULSED
2447.1791507393846,-59.0650692741506,5.852768541724866,0.0,0.0,0.016036679958304934,5.167801296303153,0.11543034270337399,STABLE
2468.634261146813,-38.1881188886413,24.99221825191827,0.9063975625920669,4.867979851093047,3.4942430610992328,6.912744273575404,0.5571788035918883,PULSED
2449.640711949986,-49.348918096407864,21.35741644181528,0.8475062331704013,4.855365271906729,7.703918040356639,9.99941464233516,0.5492570109613989,PULSED
2489.102060527854,-37.16113536928087,38.22751791599598,0.0,0.0,9.608557114434285,4.202642083847447,0.7779273867957214,WIDEBAND
2494.5539361415535,-45.683824966108844,14.117564739979429,0.5363439471665618,5.083702741068183,8.860606205466562,11.744585730576322,0.44977553180065805,PULSED
2451.8521005602083,-44.97996196851056,20.64707821613876,0.7992014292772338,4.061171038379167,2.969519511736201,4.8123857560364955,0.4922701675892196,PULSED
2491.246541810838,-35.74510085049175,14.127339453883474,0.7908574018941502,4.869474747654103,31.506779479574377,6.898646080954622,0.7038319636632596,AGILE
2498.9637150870285,-46.973785607146475,15.25959349509222,0.5935876672348587,3.4590758098092262,35.70407241768065,7.778926843828074,0.4275178250016272,AGILE
2456.831773821083,-41.98315880457797,31.817907269680834,0.668061770406884,4.03263976119599,23.837384321164496,10.872504291461253,0.49116066270927944,AGILE
2429.2846839254707,-48.545766251041634,12.623662251285658,0.0,0.0,0.7423497383248385,6.4814728657034335,0.1973346360682854,STABLE
2407.0003560460846,-41.922048281097545,5.65734937714182,0.7432883183253857,6.025091582382189,5.244590612116752,7.007471106156936,0.35642684831251864,PULSED
2481.978249565984,-56.1569824714836,20.226063551235097,0.6999417975235359,6.00765192387196,4.297917082484699,15.107576486847014,0.4655283286439066,PULSED
2437.8008578410395,-38.28889463355907,15.58070428662255,0.3588012474331081,6.647243176905403,18.503049701143397,9.908977900410122,0.6031042799507483,AGILE
2467.1239052423175,-45.94197999256714,80.57011364082855,0.0,0.0,6.937003751904086,10.208669563210867,0.9190538649171807,WIDEBAND
2448.351164100368,-59.65884644889018,13.34352675951337,0.0,0.0,1.2892181998567716,6.498977134585455,0.20810671241604564,STABLE
2456.1943828457593,-39.283930771184586,12.781332817159923,0.9735735526312326,3.606608291470768,39.44296853520453,5.281433784363413,0.6006808018916648,AGILE
2413.4552208413147,-56.511864269241315,8.305125024204937,0.0,0.0,2.677193578394526,11.941990483902739,0.23578898412941895,STABLE
2402.282466901292,-49.712974229331245,42.9461379719403,0.0,0.0,5.043958749767544,7.033404411686989,0.8392226927855548,WIDEBAND
2479.3541933408487,-52.15528132851647,35.0,0.0,0.0,7.012699046228563,9.445897093530576,0.7862907748714697,WIDEBAND
2480.0248443608866,-56.56045923673,9.217579543058514,0.0,0.0,1.349604049533423,15.687219256398,0.2506345123317445,STABLE
2433.5015885106204,-46.99359781998054,20.03954217340444,0.6689867746500016,4.848345167652338,28.103884675110518,7.269328422760081,0.498889510060742,AGILE
2481.8149508415336,-38.564110457819304,19.880476837769955,1.1177679677150356,2.185054108995924,3.4190736517191,11.793377991768008,0.5422146301985257,PULSED
2484.201953632426,-50.21284479832438,7.072510124404927,0.0,0.0,1.1717274148387098,15.80210671349461,0.2071521344679969,STABLE
2454.2364402302205,-57.45033176352836,8.077162245961834,0.0,0.0,1.2506029353420423,17.778997366921978,0.20943896165911788,STABLE
2442.4098642044128,-29.89592739919554,21.023604063304013,0.23662188036887605,2.7298056072296655,22.716754090037902,7.868314945096275,0.5652013845115919,AGILE
2417.7070238174283,-35.84464941793007,18.12296149828889,0.8374118712090246,4.2076146316929,27.142065900672318,13.307213039217215,0.45290787016765455,AGILE
2403.8887989662544,-39.65166652122677,22.873445691393115,0.8749722711851494,5.764498520346795,8.370051689156643,15.17423035058211,0.36634467992883546,PULSED
2475.5232070175584,-40.58892606400177,25.106188829607667,0.7460300503180199,4.620234748820139,2.2548079395726726,7.935050347765335,0.4262305941041527,PULSED
2478.767312784155,-41.0689539260833,19.591982263106498,0.6679365082335662,4.102981816693462,13.87474601223936,4.396154422619206,0.5126390955108009,AGILE
2424.2925118245143,-40.62667238878297,24.167654806373477,0.7452195785661364,5.203672532171238,22.379467263854014,9.866931815351544,0.3700255668234604,AGILE
2457.93901820284,-51.32469059337462,65.46938455419148,0.0,0.0,8.33457840889051,6.498636109441945,0.7038026748294073,WIDEBAND
2431.865375973753,-37.44905013093801,26.947479375710685,0.1,4.615333785412728,29.82728509658476,12.278242256111133,0.4853561438910283,AGILE
2418.4945108541747,-25.26904863082214,25.711110808287646,0.7192102781724629,2.8379458117324132,26.50582963602581,7.326127322579997,0.6386976348237032,AGILE
2432.654046192852,-46.463716771854976,7.185053497931829,0.6378266350024339,4.971285932288249,8.0,8.014301513023444,0.6104210347231845,AGILE
2468.257178926878,-40.553519480505614,18.57726786815218,0.6771226061421052,6.0465775220014,28.92331228144106,12.66761936192618,0.6138529504259885,AGILE
2424.599688801779,-50.36134692096526,83.95312982527464,0.0,0.0,10.778708748474806,9.129846892242139,0.7842654142289137,WIDEBAND
2430.151840910153,-34.047599416126346,20.779723740005323,0.5493707177745274,5.047990743478595,30.29159390916582,4.31923827321644,0.688464512308609,AGILE
2419.1547339036842,-50.457229799768186,27.60154439382005,0.34791015716436496,5.118796749675148,28.328133043070093,12.95968300912256,0.4985287977416782,AGILE
2410.174723308217,-44.556597924136085,22.660597626276722,0.7544182468580052,4.4478908958273395,3.4660715698330233,16.905280650399163,0.3581224020499993,PULSED
2421.6098521767626,-46.99411683126229,25.502873221774784,0.9540840996352526,5.359358628624798,1.9562746163491256,17.525049283771693,0.34793888361996267,PULSED
2451.8860848549507,-30.73898869992273,69.21437099224258,0.0,0.0,10.52058128317538,10.071234759519763,0.8232401049222233,WIDEBAND
2406.5921389015657,-49.016734423050686,20.05940058766937,0.8463228794586216,7.557926367870301,4.877697633270859,9.04918615212741,0.36429718586214954,PULSED
2499.705782906386,-52.17057626851266,15.896064173278305,0.4121122178717305,5.403426577967885,33.100353995096356,8.88125010261928,0.6253166061581601,AGILE
2463.0254664159133,-50.69807206415121,15.70980568810175,0.9592388407717396,3.7744956998208723,3.6438668067195885,14.873717026993585,0.44173105733448287,PULSED
2403.171715281089,-49.269226711376504,19.152448217149274,0.6183825988677826,2.794446220334031,2.3978134153291233,8.448800195553043,0.38815252038759357,PULSED
2413.0009839895993,-57.51892422434662,46.983005501972805,0.0,0.0,4.663041024384199,5.1280885511596015,0.7305380732238037,WIDEBAND
2462.0376349346816,-48.467360183130864,15.527687213469857,1.0422589698384137,7.1771058600181625,6.252873736008606,8.71380906835012,0.46711272075957305,PULSED
2438.1149189651574,-29.615955795865585,13.972627131020118,0.4347240707765699,4.199528493525505,26.950134481539454,8.55391088620604,0.6102697999875604,AGILE
2455.761788599585,-47.410201285147345,58.77970148459569,0.0,0.0,11.799481635608235,9.309325077327312,0.6198430079671253,WIDEBAND
2440.6584880105065,-36.3003311973407,26.22383360002165,0.8711265731486355,6.206525336708046,27.339560000632204,6.865663241759369,0.7124179952320425,AGILE
2408.67114836432,-49.947238245174205,6.164492925164971,0.0,0.0,3.7476551760771137,8.555931154769947,0.23134066600454345,STABLE
2448.9547067939548,-49.19393642587583,19.032653661775758,0.6221801034294155,3.8370367389322753,21.334321006244092,4.279398892395443,0.5954458622943455,AGILE
2439.46571896129,-44.18931121954535,14.838148067920889,1.1158708360455785,6.825871291402642,6.759825601394146,14.73587470071138,0.37369807685079304,PULSED
2469.9342729170767,-44.183517516353966,61.926464613740855,0.0,0.0,13.48505909217926,6.214511847822776,0.7347613184371876,WIDEBAND
2437.6993818970536,-60.969606662897974,8.453746036025475,0.0,0.0,2.3102509641562987,11.93413040420423,0.26000411017800157,STABLE
2486.3182542410436,-41.5473887779206,16.969881576920276,0.4981181470664081,5.6006503152558045,6.862266030058496,17.505243242411197,0.5317859996173185,PULSED
2407.0902920140747,-52.94487750170264,27.861065584560542,0.9114563235043136,3.900480083713687,24.050170474534404,5.690086741011582,0.4256008837798412,AGILE
2475.216506686444,-53.58237537646592,10.311502074996836,0.0,0.0,0.23179630191378764,5.015779588405822,0.18488588253147142,STABLE
2478.206210047622,-42.32200518336474,10.57339475996772,0.48528413434147827,5.001555447837328,6.397491872308935,16.263783352836263,0.38666722348943744,PULSED
2493.5908648338304,-48.624921307997745,15.18386461527302,0.6815492056480765,3.4826655868528826,3.4825409148696,7.105835106481303,0.38937626348773263,PULSED
2455.3223392230016,-34.654784255964444,19.027906196640583,0.4065221001203938,1.0,31.512202358088807,4.393348473289029,0.7295651198335154,AGILE
2494.3979121286366,-54.92680313506014,13.032570325967908,0.7178067788320763,6.936501017886799,6.108561098185698,10.321238843210654,0.5581077671001989,PULSED
2400.7897563319652,-41.83438475597861,17.51270437243278,0.8620033776785565,5.0940037519437515,3.6728451959553654,9.88643686751087,0.4158988101857773,PULSED
2440.5688750347585,-56.3466859440417,89.61778597443802,0.0,0.0,12.631661825408468,9.260813574697035,0.7537350047726094,WIDEBAND
2419.294173649348,-55.2068491902078,8.107505125981005,0.0,0.0,0.22480640484750336,9.918858252960561,0.2744358336241281,STABLE
2422.262336382419,-33.98774679788691,20.466416166970625,1.2486407570955138,4.807904037106376,2.902420075405782,17.5816210009558,0.4037552208100812,PULSED
2436.4482960552464,-53.23180157564374,13.83019032375962,0.4360771027507321,4.28076160092282,16.361648755769124,4.142562191911434,0.45705525823478904,AGILE
2421.7837291883598,-60.80494046425141,12.28689364955396,0.0,0.0,1.3577394197690484,8.110299995396836,0.33586594993535784,STABLE
2424.2780387139683,-49.82123302783316,17.565530578707644,1.0914731562410924,4.413315047779679,20.315710273614236,14.587545567991357,0.39014692742340784,AGILE
2492.66278193506,-31.255117592023794,18.77458879828912,0.5100932600540968,3.737312292896917,28.635639907992537,5.380415298868899,0.5927215400458387,AGILE
2440.51183092171,-60.41557814351566,14.883595962026572,1.0286779284545662,4.0863696400911484,6.9954877562672575,8.744975827812024,0.49027264446531643,PULSED
2457.3984208152488,-59.83550667170615,6.755984952196624,0.0,0.0,0.6008225900564527,9.113036034400999,0.3217976721392206,STABLE
2451.2533054402393,-35.687293155575496,96.35381658473588,0.0,0.0,1.0,8.573492797963972,0.8563961094807352,WIDEBAND
2415.5698626105877,-45.20813233884051,21.708056391790393,0.2720177346966551,5.991677321699669,38.60167270940671,9.142936527828965,0.5856104492430807,AGILE
2425.710190639517,-56.35151097715938,85.23336394481097,0.0,0.0,3.8908190803573213,9.820839880740762,0.6972199758191511,WIDEBAND
2448.893883152642,-49.4272469030643,12.636190062965333,0.7989555092595128,3.5764720166577133,34.38897185250939,6.5257237233815335,0.9,AGILE
2479.793131353562,-26.20936375242565,20.754322028461182,0.7767528712231592,4.202029415014457,1.3131998362303006,11.903466974328666,0.5043483342693056,PULSED
2429.3154208006695,-58.10523018609402,11.267353934329295,0.7358686106643499,4.916688359817338,2.4138924477388493,12.874326574907812,0.4152933087273299,PULSED
2461.19334658262,-49.98361479326978,43.21073091133978,0.0,0.0,4.8451151288262775,7.241402987314132,0.869655945146937,WIDEBAND
2420.55517328582,-53.82537475547901,58.785914156357364,0.0,0.0,10.432067091544202,8.172693739307746,0.7965761358642808,WIDEBAND
2423.361492267388,-51.45642933880349,19.108971230233497,0.6580695078135931,1.8261064228279351,25.580760376816063,9.836518874015049,0.44308006564631414,AGILE
2420.409037414887,-46.96811389184172,13.701720935979893,0.5753852851056409,6.3680265344519364,5.994603496618073,4.942963583295941,0.2999372707138276,PULSED
2485.7002717032547,-43.63972462077136,23.270043200304627,0.919106875073655,3.250641946306682,3.535843849283246,15.898911082329283,0.45132014059315373,PULSED
2461.1519456218534,-45.82855834641692,78.2218214177581,0.0,0.0,6.323112223180206,4.16205092547158,0.7040066080736677,WIDEBAND
2480.4210208523978,-44.9785503593834,11.401453959178024,1.2361916931880246,3.944484069267886,16.33469557651443,10.001491654015782,0.5326857030990797,AGILE
2400.5641700436586,-45.81990085364382,25.77934003798203,0.3285788928255627,5.303790004845819,9.141230289445954,9.347857101248605,0.5543843956213494,AGILE
2400.888019326645,-35.33558229755368,24.056625973800696,1.0895111741640302,5.548015831738711,3.301543400971675,10.282379588039548,0.5152833524204092,PULSED
2418.145445530144,-60.63737645111655,5.8092126215679265,0.0,0.0,2.79129113841959,16.370026477000195,0.2126062489932319,STABLE
2444.6078816946206,-48.21670360650185,68.00623391147346,0.0,0.0,11.030707125207144,5.020688867224338,0.8400051506502826,WIDEBAND
2487.83657338108,-54.81449633180381,7.764778289149758,0.0,0.0,2.471351863142801,15.96703964979193,0.2737560324658494,STABLE
2459.47026719176,-48.35704428734023,8.586153306533832,0.0,0.0,1.7122541440623866,15.214499001877385,0.24273829505320146,STABLE
2407.501730735154,-48.83856552207628,4.156990938902723,0.0,0.0,2.403192880769614,12.64745549085574,0.178456280173454,STABLE
2448.9956449672604,-57.11680868350764,12.697737799820345,0.5111636680836584,6.238741696021307,24.123382397733224,9.97969418597186,0.5254875563851038,AGILE
2405.1952503758057,-52.105682576005286,4.326979595249854,0.0,0.0,0.8675724402216645,9.708299844698534,0.14575468425627336,STABLE
2453.2872776715944,-46.07638509880135,22.735747437719677,0.2598039761618282,3.064486675911103,36.451701207641996,6.754173284404835,0.5937484699335376,AGILE
2495.5173180630873,-60.298535867304366,35.0,0.0,0.0,12.648369819324467,4.08890088680665,0.8005275693042448,WIDEBAND
2497.145470706095,-49.784058761464095,37.86495748378359,0.0,0.0,9.877584620919876,8.709072893216465,0.7518921074026051,WIDEBAND
2457.9998799588966,-58.9716973102241,62.70876179231265,0.0,0.0,10.474174175144295,3.562473167713777,0.6777730938363231,WIDEBAND
2460.3350553260148,-48.80257772821228,85.58504406432024,0.0,0.0,14.764837112688658,2.5603867682052033,0.7836088968210828,WIDEBAND
2487.2567265901566,-46.824852344857135,18.72466126038353,0.7743190003219679,6.8872831397530865,6.019911113632722,14.890249324594105,0.38894830538243985,PULSED
2451.2552912541105,-58.799525213641566,9.12308230923929,0.0,0.0,1.6094192938533594,19.098081338413856,0.18698967281915738,STABLE
2433.859144321081,-51.30258762068012,3.3458004061093796,0.0,0.0,0.011045052395554977,12.796304895437647,0.34299343396774756,STABLE
2438.0547590420933,-48.4018611493272,19.319351339777036,0.9038969001298013,1.5779510709568005,12.488179066083248,6.773034238941747,0.5473356313206795,AGILE
2429.4015004486446,-46.743968301422434,18.268432029883698,0.4233339302382778,1.790349141046521,30.407615687592326,3.3780802453156307,0.4160633423707454,AGILE
2431.095503439933,-56.95104500935184,82.48580386666586,0.0,0.0,1.1388016595810129,3.388292538847659,0.9100349777362315,WIDEBAND
2432.199048609415,-47.23378034084737,9.024520027810127,0.9273765760831942,6.809298544889796,11.61124817446353,10.319009127165701,0.5569813581508052,AGILE
2420.1899806535675,-55.911635506814484,28.03749753988118,0.5477560506667465,4.284980620040714,34.105784480421015,7.240562482956085,0.650286528504553,AGILE
2485.968030124199,-62.61453768915887,7.945133291632553,0.0,0.0,1.7435484182510526,5.966861486823632,0.25169960470497643,STABLE
2490.1129329632613,-55.569424467556196,39.59717067596422,0.0,0.0,4.090548602805427,4.5409098104567125,0.7839519185215921,WIDEBAND
2439.183770991005,-50.57898081447969,7.07488856735084,0.0,0.0,2.297243907598723,15.122191286088045,0.2676755705535028,STABLE
2467.669120217977,-46.34652132707319,14.372942967849605,0.6428831979774621,2.6548484994721457,31.404642331590587,4.821755456310168,0.4734885543656113,AGILE
2465.303838291959,-50.45395442812347,44.193195480230045,0.0,0.0,1.0,8.564828666503022,0.8433643585718038,WIDEBAND
2439.733388420654,-55.50293512901178,6.264818125473452,0.0,0.0,1.556396983216931,6.124977339485598,0.19330396986279405,STABLE
2460.6202376701867,-53.57587976929242,59.00462079826938,0.0,0.0,6.791688230070515,9.855225142746413,0.6252657140487021,WIDEBAND
2436.3238178647866,-34.14250016741014,16.37886375037404,0.7867037120707305,7.970501767517531,3.610479546538626,7.83629364358593,0.5017047546709082,PULSED
2492.3647374773673,-45.824911486461865,65.8468334981341,0.0,0.0,7.318203867107956,3.7241146469623194,0.8442345898012923,WIDEBAND
2429.4954275024406,-43.7717726753157,81.13036746953897,0.0,0.0,12.045847963539106,4.5373559007169835,0.8698128547649789,WIDEBAND
2462.663921769748,-52.34527237018173,7.391146474286666,0.0,0.0,1.1722808573055985,16.394645784595923,0.1347450444462891,STABLE
2418.96249261134,-60.31908542823512,54.32754648668539,0.0,0.0,4.412159413728168,11.940564377993397,0.8536397981419567,WIDEBAND
2413.6718618335553,-49.1282868886106,31.71239522028266,1.0621744316418946,1.0,26.4142750987666,13.939023537104978,0.5941704808317816,AGILE
2424.1489606364808,-54.84422731939897,3.994372522948341,0.0,0.0,0.8921056597240679,15.035561451854482,0.21226327870403353,STABLE
2430.5345949228736,-47.84465450315948,15.687105763564578,1.1088696493660368,4.950900605871929,4.158199641091643,13.39792600459434,0.4870293457803924,PULSED
2446.2712168594826,-50.148539953501256,11.389330509583504,0.999012654371582,4.7410932519826146,8.07754737763577,4.624445742499626,0.5176787343805433,PULSED
2486.125241702747,-41.88489211553714,29.659942363616338,0.7936500288329061,1.2238885788388982,31.786971234529478,10.45532197786234,0.829701601016174,AGILE
2466.1016634599964,-45.51521033247637,63.11893338148205,0.0,0.0,8.177786915436386,2.0954717703405428,0.7443434594534817,WIDEBAND
2423.559253312527,-57.83220215054857,70.36441889623245,0.0,0.0,7.4668011133367616,7.312824844359571,0.866315935556437,WIDEBAND
2476.8323551733392,-61.38364851890407,54.25008859480633,0.0,0.0,5.05942658833822,6.158329417282772,0.694412869187113,WIDEBAND
2442.8500742295173,-39.715016509559725,14.765179744043246,0.4347466655006911,4.930856299199282,30.760585385675416,12.398989772054287,0.5629790919389571,AGILE
2433.4130040501545,-56.85203833327848,9.871094250930298,0.0,0.0,0.034875132627901095,5.220242653401062,0.13055128029256013,STABLE
2449.916432922375,-45.332069499742744,86.38359231616609,0.0,0.0,11.31477943616391,11.309496698578922,0.7247226680704998,WIDEBAND
2431.3800559415536,-36.60943887103678,16.18581399683256,1.1565195305531706,5.01529203824487,5.296857861628089,6.218461178139752,0.38405802077193185,PULSED
2461.274215670033,-51.20296520589035,8.756933878585972,0.0,0.0,1.4296327592150584,15.793624920437933,0.23702966660068206,STABLE
2455.444988199653,-54.899495745569546,14.359728977647027,0.0,0.0,1.6210775469253929,14.690175859562594,0.14737191702560348,STABLE
2443.9481766578892,-64.90915597143615,8.84936890641151,0.0,0.0,0.8477708569643723,9.494703445281036,0.29685589468655127,STABLE
2467.1183328328952,-44.669708945328196,8.828701519174105,0.29316522554851165,4.608881327292975,30.609053596840834,6.391120148538791,0.6645949501393503,AGILE
2430.3569968040815,-49.01191445060932,19.353205187878142,0.7929301194953983,6.084638822661727,25.188081728275797,6.885877204340105,0.5285730568497969,AGILE
2458.192225038306,-52.95078923664967,64.2294831649739,0.0,0.0,10.716555273300784,9.18515234359992,0.7143075966584894,WIDEBAND
2417.7786107580773,-58.883667544523895,8.989862609046597,0.0,0.0,1.000703155949648,19.792419859334405,0.24680555208165533,STABLE
2413.4866733133617,-53.315338684754074,75.33431189385503,0.0,0.0,9.532979879140095,6.161866522183233,0.8384073643377471,WIDEBAND
2466.2857199360287,-50.38754778858527,35.0,0.0,0.0,7.53412937453362,3.883811283126228,0.7609995936734462,WIDEBAND
2407.4057683369074,-54.41437604502736,6.1189395689975665,0.0,0.0,1.0765821546400853,16.616258068539985,0.2522513939403759,STABLE
2460.0251092835865,-38.649524783381345,23.047781473575125,0.6600940838883625,4.413609719360099,24.099468429250546,3.13341252494476,0.5318348871376429,AGILE
2493.6989492969565,-46.79190668537062,20.759475663056772,0.6460423727547787,4.537545274563415,11.340028785114251,3.9947568501586184,0.41341554798781,AGILE
2417.9343700904,-33.65475979935717,11.662621964628226,0.19186871592089594,3.7973259881119765,18.259527606435906,13.085211831399565,0.4862930044995158,AGILE
2474.838534769834,-46.80304900365677,41.43900493590606,0.0,0.0,10.695459065487706,10.146603928328213,0.7408165513971587,WIDEBAND
2419.5194557420095,-44.761623870687934,75.01409513806514,0.0,0.0,8.559700883987682,6.372737554342954,0.8569084759333836,WIDEBAND
2473.785718136041,-57.56532688797712,6.857728171280526,0.0,0.0,0.08004556433701837,7.767073762686589,0.3080947355422776,STABLE
2496.8107403245294,-58.71006478487691,18.435779840633906,0.7841991790090929,3.9050046724077565,35.04238218240681,14.783563046676788,0.45414363747794084,AGILE
2471.6958595894475,-44.453401199915064,5.940794810230441,0.0,0.0,0.919684593897408,9.419316586815103,0.13863875860679262,STABLE
2405.750454825193,-48.77806162835436,72.88583421648254,0.0,0.0,12.742173349043956,2.545046647401768,0.8555443742317798,WIDEBAND
2487.9515374605926,-50.25469693507037,20.820117763433938,0.6489987783167348,3.265363734013434,39.5180343515905,6.483912847837219,0.6711590878794177,AGILE
2460.2784567101985,-50.44721998994506,25.401149344856535,0.9312680102155166,5.395883457912753,3.3862633748794035,12.323961871637652,0.44876233897305584,PULSED
2448.9887791993233,-42.0387481768872,24.874538557339836,0.6992315347484639,4.741323950404902,6.143263679778144,12.679589528629945,0.6073494914330133,PULSED
2458.119790370652,-39.670552554070866,45.26543285905809,0.0,0.0,11.362403913900366,10.956070526746387,0.7465742445737952,WIDEBAND
2430.756405627776,-47.611651735562944,65.33599509525133,0.0,0.0,10.487594195457305,7.8514097942185845,0.7718117634532385,WIDEBAND
2459.975504871604,-43.076934460851255,16.356486874320126,0.5534262113568913,7.130455152923977,5.263725035448061,9.565996925458842,0.4169720201438199,PULSED
2442.8691117889284,-50.257765703340525,19.49708780703259,0.6852049970393542,4.244853128076039,11.315671385531548,13.871334350178119,0.6136264891431676,AGILE
2477.4024085992437,-53.64364246538785,11.185456912039136,0.0,0.0,1.362512960810402,8.524183178796047,0.2835622040384415,STABLE
2403.1701028043826,-29.886304314167987,19.977682009472638,0.3119513882810225,5.73070919537285,35.10419661424819,6.657969890746048,0.5253605604791038,AGILE
2405.1902593498776,-37.329375011670415,32.007368321059445,0.40571754620134237,3.132344743039149,37.87044397845486,14.663094013364933,0.6300081337761733,AGILE
2448.1244782371555,-46.5869900602618,83.5253444090423,0.0,0.0,1.7560200442652016,11.328416549468189,0.6400764565645896,WIDEBAND
2406.1461384029717,-50.32663649282514,68.91648607944808,0.0,0.0,9.584942944005583,5.290742607284325,0.8403989091431705,WIDEBAND
2408.8417424117883,-36.01536351174009,54.97044520529147,0.0,0.0,12.637889269673467,5.587490022354761,0.8132804038123003,WIDEBAND
2424.38321193765,-32.41265313015041,28.417991220498344,0.8231815513059882,4.011405480912186,3.403102149019786,10.3733003360315,0.40884887841423634,PULSED
2453.753743484963,-46.44740514486326,18.648911612309217,0.5720784309179408,5.936649331395801,1.103284324059238,15.692260940973616,0.41725997547118543,PULSED
2488.0122509610496,-53.07778089799639,44.499452936920754,0.0,0.0,9.234941560436713,2.7720555461747427,0.737105982588369,WIDEBAND
2407.096845289531,-51.364701271865705,61.98302964879281,0.0,0.0,12.815779678919316,11.839282472345142,0.7153651355500209,WIDEBAND
2435.8497241059395,-45.908075133074114,14.644545536411956,0.7948150361335995,3.752869244922123,1.4385651265632426,11.87008084261177,0.37242739093058774,PULSED
2459.838407495265,-40.48692672155054,11.852995490076681,1.2248419743863508,4.036321826865786,7.475084865974188,8.688087508505037,0.491012522589102,PULSED
2445.577628983361,-65.36392253915409,8.868847287091715,0.0,0.0,1.6901884818658224,7.651591744088476,0.16323652873669273,STABLE
2428.4713058212333,-48.19661286974673,25.119094234722056,0.6660977711852263,6.692844083826388,6.956569178768983,9.058001782714255,0.49654066424167687,PULSED
2460.2307073428683,-45.93620857614293,22.138934743465732,0.3737837164656189,3.06317668046727,0.5666886892490535,10.983712313527022,0.4165611618304228,PULSED
2474.56750006603,-46.47023813150675,7.197490121360352,0.0,0.0,0.89942030538791,6.661254775946023,0.32590959672929964,STABLE
2495.552786842262,-31.31159419225348,21.796668857292342,1.1456301606020565,5.920129150715744,7.419798511854767,15.917626366441839,0.5260932136623142,PULSED
2447.8324385834226,-45.97480118533348,19.01761491388256,0.6730988527310978,7.829359668049663,4.467327486810651,12.812994290828716,0.5452680835406472,PULSED
2440.5559784587235,-43.635420692603354,82.18704308068183,0.0,0.0,5.4648866550775255,7.0513640175677565,0.7291738293974872,WIDEBAND
2494.1867911708214,-42.133312654869805,35.0,0.0,0.0,7.523550335654258,11.76480870708742,0.553271006759271,WIDEBAND
2496.086739806167,-34.50822218310523,20.3323660859462,1.0157204362051375,5.924738659531393,18.182179194315626,3.4887096539347464,0.3952703370473148,AGILE
2449.221571600492,-48.49867799371936,21.662320030339963,0.5828834666074589,4.101890237642153,26.954803256931605,12.044474513408254,0.629302188665092,AGILE
2482.14544062643,-43.42774944894731,15.89078935233779,1.0311258706221686,5.140060965279626,18.872619380905874,14.440399538337577,0.4721686726215445,AGILE
2422.617930340853,-36.13548571275399,13.708175903447511,0.5332303403168006,4.517859369553711,37.90795620358816,4.511196051804628,0.525748941346156,AGILE
2426.5653455389615,-34.64512293620564,13.085778943971146,0.587658347891295,3.1361634744551017,15.19163121691517,3.1844054403335993,0.7232927758235224,AGILE
2492.584217887745,-67.82500357648352,7.554355648485577,0.0,0.0,2.410365415520039,12.558994466453514,0.22006374700228326,STABLE
2400.068404948264,-50.343837781670686,33.3086420460466,0.9436849912674943,4.531629107994563,18.152880620861843,7.899554244232493,0.48075744485800315,AGILE
2413.391564365356,-59.59213309072182,5.630069583431572,0.0,0.0,1.941563917044479,15.85517504862041,0.2830207060842933,STABLE
2429.0033694488498,-32.21261990769473,55.47253320930135,0.0,0.0,8.960236867667653,11.467482898903576,0.7566595275717246,WIDEBAND
2467.853862642276,-44.98051345390812,21.364900921048264,0.5687552096754938,5.337068158337213,26.761303793831534,11.655275877370771,0.5822003223538532,AGILE
2461.1693088669294,-50.19012832669326,75.8457351463628,0.0,0.0,10.963585980988444,10.292667794441382,0.8226657562332744,WIDEBAND
2413.341717041819,-31.96375318725882,11.821295845010884,0.7046151708874696,3.8859730510116615,1.9311763926172412,7.018182602763142,0.45213212016006543,PULSED
2431.8439455086595,-45.23055969877345,10.741481780850274,0.9564537076702189,2.313849578085052,27.790710108553935,14.485363071236128,0.5573951303678883,AGILE
2419.9319455064124,-52.29318867067105,29.15794035348653,0.2877046013418321,4.658277684393398,17.9573490173331,5.972911246890937,0.6762949985770697,AGILE
2442.475769352059,-44.37691422424684,14.781221930838466,1.013668271622826,2.3572918772257325,4.693361497487418,9.028582288948282,0.5651954511280529,PULSED
2492.8628854785215,-36.72488233777479,63.51825469338899,0.0,0.0,5.151513487820799,10.624315749528632,0.646456353467162,WIDEBAND
2455.5646283413357,-50.11154134564994,18.376561249106796,0.879129321562618,2.746273069256116,19.698527824379504,8.991685080084704,0.5543815071919984,AGILE
2492.959897200717,-38.77608935632368,8.788475298884062,0.0,0.0,0.9244147632171619,5.882728059986476,0.19343920512811957,STABLE
2436.3076711260846,-48.257638635213915,72.32084773328732,0.0,0.0,5.152921396181812,4.107580754017199,0.776827784188126,WIDEBAND
2423.209671985754,-38.67494809613959,55.47222255847589,0.0,0.0,13.294071736720062,5.1210275914927355,0.8191063636983761,WIDEBAND
2400.0557851932986,-34.233093532772806,15.453673204834612,0.4144458180200521,4.136568554994959,28.86043733075917,9.321651359055501,0.5792465450680786,AGILE
2407.916157638148,-44.30082421998479,19.853204486351025,0.8801536817962545,3.915698203411806,3.315898031798997,8.718278190282582,0.4330849923777521,PULSED
2404.928774638572,-42.98417504400096,16.12994400629863,0.8581069035153792,6.431423257943251,3.8915690826733607,11.2376918454344,0.4537088060999765,PULSED
2401.9549971642973,-48.071945379626314,19.61969821043009,0.34630956283120085,4.123440489309258,3.4401443475942908,14.412866565725462,0.5803358411847113,PULSED
2482.733352467872,-43.98648478677031,19.690358633636365,0.3910081615739107,5.787198386194522,4.574593688165136,16.54815030449969,0.4788713490447261,PULSED
2436.346781973002,-53.19325154288786,11.212722301261437,0.0,0.0,2.4645385161535645,10.104509654997926,0.19064825370215926,STABLE
2481.813887108733,-47.33819720517736,27.446371550052817,0.43953388427662954,6.668590311784573,24.127585937074322,9.827564063406129,0.5545108001213397,AGILE
2457.1950625641202,-52.01246239438373,8.204513319294831,0.0,0.0,0.601634360714296,5.584690663059806,0.17651771334096758,STABLE
2499.121810669422,-29.39645811590305,26.293527683255817,1.0567110802127493,6.582135233663351,22.184748281587257,8.176341209516163,0.2822227317835815,AGILE
2485.724051275655,-53.93661912839133,12.895605507185815,0.0,0.0,1.642016980413641,14.391534677138157,0.1732365947247102,STABLE
2430.6112834291894,-38.71827108456708,23.681064161062288,0.973754061809343,1.4738327365239905,37.110703930637875,11.914336362083326,0.6068070663270215,AGILE
2455.0758892203194,-53.97608834949969,5.2189751327388105,0.0,0.0,1.3490046295910179,12.222206412781977,0.2468106107158144,STABLE
2418.6294172617936,-47.6567480427872,23.20663791610191,0.8449599453619976,1.0,27.253366960236466,11.6537367274628,0.49514838901012387,AGILE
2444.1470612332905,-43.420985519399984,16.78085374739214,0.60184314133871,3.34887781920716,6.265254647386021,10.18919014051627,0.5581960301673881,PULSED
2496.305963392501,-48.43701120917612,10.660103274566293,0.42438833147336574,5.35607930101077,21.604664458422583,12.233434338614389,0.5134514800285354,AGILE
2433.8893944154183,-38.25575521737984,25.73988433907128,0.6041449213018644,3.552149181518394,26.06418336422131,4.7657054666882175,0.6703909262056631,AGILE
2428.4540875111825,-55.48952661811072,4.588695567968966,0.0,0.0,0.20747332854345757,18.63597221634423,0.21863687822981917,STABLE
2416.304853449133,-51.852755201346184,21.477762106471047,0.6042540261704064,3.9274214078577017,3.2140622717654628,9.053672921588813,0.4671900938888319,PULSED
2432.364702775356,-31.496352237971514,19.851248737590545,0.21815160946674522,7.127133935062022,28.915236401291555,4.737451533130631,0.4332028848993623,AGILE
2493.9363314872753,-46.36534895843102,17.879025558843228,0.6593043988295724,4.991544151357418,5.424462612264093,9.940261141955828,0.49147295700277316,PULSED
2471.173672934462,-37.72599317961073,17.324434845466858,1.0189352409402372,6.041681478135013,3.8252574590136663,11.874014652473209,0.3991812775102136,PULSED
2406.997241867495,-33.812798994225794,22.11018660749399,0.9000641952550301,5.20283878016421,8.0,9.684466695171478,0.5156324514385516,AGILE
2484.158859675307,-36.36310277394197,23.180389752873946,0.6485900620854168,5.031961016571479,1.4349107405920254,4.242102341806963,0.3999047704699421,PULSED
2403.5603781337772,-46.26787814476532,21.585002173577998,0.40068549432358475,6.9250185441753205,1.7750331035525786,8.107944279155877,0.4282252804264836,PULSED
2427.3688718958583,-42.05384686229341,20.973181125020393,1.2296850399372776,4.6195644562522,2.6936141875416943,6.745684972023171,0.5741893605329979,PULSED
2485.654802357456,-46.81682662111655,9.790369963943371,0.0,0.0,0.9244158133721677,6.795088337973415,0.07212826972950093,STABLE
2434.6388039030753,-44.05419427841057,10.2420499875121,0.7451750099373273,7.150870254084671,4.262831996391428,7.135465921420897,0.30935434719971094,PULSED
2441.9870872196993,-50.8194363896457,57.77973198710135,0.0,0.0,13.92988754854635,5.918709059063797,0.9164904321925305,WIDEBAND
2429.360810394157,-60.6944810409497,13.016146240974223,0.5257337402828608,5.884050653335969,1.4334731767906357,4.408752471296133,0.5640636378861804,PULSED
2411.2840343317357,-53.2180582821585,5.392708647017773,0.7819445944131894,6.346909291159786,7.182523939600404,16.801966178856873,0.5901583283730373,PULSED
2464.7118788073567,-50.533998467501945,9.550458373701428,0.0,0.0,1.761928876158032,11.098972155529443,0.2285481934867279,STABLE
2424.110123472211,-35.57031660211321,15.59539459861891,0.5260739773760608,7.2459753486165575,22.5474062183953,6.448138328827351,0.6085621985898931,AGILE
2474.998312408332,-44.36963302065262,20.49511300358872,1.2107120422132958,5.424500574046994,5.28798535706247,13.73864772935801,0.3577587694453896,PULSED
2460.342445433332,-44.288989587567215,10.272097367110856,0.0,0.0,0.7633196817526979,9.775986767426895,0.2883775845698741,STABLE
2485.701066952226,-41.75935693179396,12.052486178307737,0.6686732490928963,7.3205772784948095,1.1665409306717325,9.02103213308846,0.5254041240932228,PULSED
2474.4594654563302,-61.09247150693384,91.44418730803433,0.0,0.0,5.197362132518739,6.1595923895506,0.786204937985271,WIDEBAND
2473.9396344964885,-37.312696678394516,19.54248407707939,0.7105119210838278,4.6979364031736495,23.380716891303358,8.64355479312214,0.6891400860599535,AGILE
2435.7308982877175,-44.176417100482794,8.269238872645193,0.0,0.0,1.2510406046147253,15.975091752016837,0.2927841569110952,STABLE
2455.241915114194,-44.049349303411105,59.556006888290256,0.0,0.0,10.981513425165708,9.396594774609955,0.7729066066668615,WIDEBAND
2430.3299874886557,-31.815355587591693,20.110476327725856,0.9328458521176383,7.110660897814105,3.10187674951082,14.653027730758367,0.34973422167826973,PULSED
2483.2837054661513,-50.957233637993454,9.721059415922891,0.0,0.0,2.7470529982392686,19.775700450813062,0.2364127249273517,STABLE
2491.247636952574,-45.437491486947195,18.498936553923436,0.472318989693537,6.020663456270929,35.20510621409378,14.710806555863137,0.5538360143082647,AGILE
2470.0654800321017,-47.44240927830549,35.0,0.0,0.0,12.63912486670019,9.12238222414566,0.6895298494284479,WIDEBAND
2449.7998290793157,-47.588515670138364,8.026711183087345,0.0,0.0,2.38395239116618,7.078708271636943,0.2775135481727301,STABLE
2413.7793535927804,-47.53031572812132,7.137321123520979,0.0,0.0,0.5013598753277235,17.686954367032136,0.20001779663223931,STABLE
2433.312551628393,-43.34412431538408,17.670606245104786,0.5721957190668328,4.31391505116869,20.807590183053073,4.981460511122918,0.4537737426191104,AGILE
2460.8221897478506,-43.577597633295504,28.219784856063043,0.47815229672110116,5.035669594194826,3.5473291339357313,7.591676830499315,0.46554017225230176,PULSED
2469.3442218097875,-38.10322263518357,23.13078140386106,0.38827687948783407,4.018196578519737,3.071991226173215,14.887446918152198,0.5414460470804525,PULSED
2479.9915060187905,-41.93139583675688,52.300211951775765,0.0,0.0,3.3868509266836115,8.86192499825874,0.5662321692601016,WIDEBAND
2404.588508901858,-27.91861716782189,37.679406611893135,0.0,0.0,8.964199292083729,4.663763698284028,0.9269135916144993,WIDEBAND
2412.4410388726524,-60.219744838122814,6.269314335796332,0.0,0.0,0.20245989853583257,11.102837590862396,0.2878742996840289,STABLE
2475.0836333436464,-56.760418546383846,7.735797574373749,0.0,0.0,1.6817302387099728,15.47285367076574,0.2753480454542336,STABLE
2469.313803465443,-38.52290305221297,19.270953382788285,0.42945737527986966,6.021785752296644,3.9858004761817147,6.475884153498821,0.5097341043127145,PULSED
2496.9233771621284,-49.05934968656809,57.05826624575388,0.0,0.0,12.496224671707868,7.5798495809043915,0.7336405423501846,WIDEBAND
2422.955392947018,-43.912517832378605,17.191851265760754,0.6483783807577956,4.128298842841634,21.707095503105226,4.887046366562554,0.55672225879845,AGILE
2463.4840219016305,-53.15962937933999,27.239048557248022,0.7956781392772531,4.90233775462134,3.18978965653882,6.731680776352147,0.4080097193486368,PULSED
2469.541341560829,-48.55694578329599,20.198706978015892,0.5293160294939991,5.93607000335643,4.625882672979923,10.567382648091039,0.432078838118271,PULSED
2401.7382901097308,-53.201570091661395,54.393616745772476,0.0,0.0,7.2195567566118655,9.793577145198409,0.7771592045201661,WIDEBAND
2496.0013625017673,-44.650893041626894,58.811024423109515,0.0,0.0,9.829447817425914,4.01344820062781,0.9696837222854807,WIDEBAND
2499.521523454388,-44.48323767714539,100.0,0.0,0.0,8.732484721420827,7.0293386294545614,0.7732665863524922,WIDEBAND
2462.3382611117663,-51.357366548717,15.022748275673603,0.7134666385849595,5.256079132631219,8.233352349657107,14.911490839256523,0.7555715365702715,AGILE
2495.829569747778,-40.34935474937451,23.24228277782202,0.5396032575716465,4.173404369379439,2.6371553882375105,8.133439856459145,0.43607985351315526,PULSED
2454.961363722031,-50.19586646010352,18.862535941925373,0.8033504645545098,4.719101512303825,6.055208722802347,17.10300195933371,0.3667102826085915,PULSED
2499.0510409935605,-49.06955045280667,20.860259879007693,0.2912259388259205,2.9220661011780207,26.544890550465677,14.289079098929143,0.41944760968303246,AGILE
2400.1140776146003,-33.4405855876238,21.63406834854823,0.738589976249742,1.9181690423265678,40.35031944486454,6.623839347743868,0.35055748582498036,AGILE
2478.0838354519046,-48.4929090344202,4.469559369394302,0.0,0.0,2.279055257373847,18.150172081275542,0.23777308833252714,STABLE
2487.5099897061473,-68.410212987392,8.714729944311348,0.0,0.0,3.055678233808183,14.093759291752121,0.3598572573253939,STABLE
2491.7622832081115,-52.181342150769865,59.072355177810955,0.0,0.0,9.194087045394973,5.594734820713387,0.6023682490844704,WIDEBAND
2451.028726917636,-52.761889669010884,30.758166366450613,0.5303518091658167,4.922359902140571,4.693376312051226,11.349286640266198,0.4348205036794881,PULSED
2475.1081160482872,-51.64737379157345,9.117030363215125,0.0,0.0,0.9857731442874206,8.03728017866819,0.2014821718076467,STABLE
2484.726362059934,-41.8663719865694,66.5181333152381,0.0,0.0,13.574442735969702,6.470386404302589,0.7521063817559906,WIDEBAND
2416.9257087070455,-33.486957413139876,13.313531588644908,0.5629888328118374,3.9115924181931487,18.83378981076065,3.375437371997186,0.4800054664916049,AGILE
2457.5147694667376,-41.71812686129052,20.41054125376573,0.5185827608054564,2.6655042841530934,17.616820669170274,8.553479021914287,0.6681225836387152,AGILE
2441.0853929706927,-32.34545123303341,29.84285932645311,0.5752009699781094,5.756592283992776,38.20501302322667,10.53065619335996,0.5629751611796984,AGILE
2460.572907246576,-39.60487552782955,11.507840154517375,0.8334968254644918,4.299621197751702,2.9491606788753355,13.8939282968309,0.40037444539826716,PULSED
2457.986905348212,-53.92393189155207,78.49862523716055,0.0,0.0,5.2764542839713755,4.926916687997388,0.7761482112003837,WIDEBAND
2497.2567282898444,-29.12323641152978,14.177440611558369,0.5543168140595574,1.1392917584819084,29.470190737295212,13.987286184956206,0.45043999477651664,AGILE
2495.986535749723,-56.18199334816593,12.929201539298939,1.1400849347616133,4.829021090736074,7.781460352202412,7.602266709879101,0.44712170430468035,PULSED
2495.977452232922,-59.96023028150137,6.435167332077109,0.0,0.0,0.356284809908916,5.982956508775736,0.19509063304924443,STABLE
2490.780205276246,-31.26596035310427,17.785294585216274,1.0383258879106954,4.458522933312287,2.9708023214317025,7.904053415334828,0.28515768423005505,PULSED
2460.462268943018,-51.705393091711144,70.51029722271856,0.0,0.0,11.628846938335965,8.761499591679197,0.65366552677458,WIDEBAND
2438.2783162780256,-64.58831425166028,8.270246903736163,0.0,0.0,1.8600165387374656,16.552896703067827,0.15309694656491274,STABLE
2475.356298136835,-49.35029009011173,18.02555138482089,0.6651500757637903,1.0244370369940912,14.890069851830104,12.542627166956592,0.5447472631276828,AGILE
2418.2285348990617,-44.889654171737455,20.805163985097046,0.9012937850481378,4.385408186766428,4.5956488849732064,13.712102009304411,0.4664115749847222,PULSED
2481.9088165132807,-63.045855585512214,87.37725239495958,0.0,0.0,8.407015506105466,7.553167879399727,0.7041228398018103,WIDEBAND
2483.3245038801324,-57.08458702291717,8.265038771656116,0.0,0.0,1.1103073516818982,11.973066857868364,0.24370091762164717,STABLE
2412.304324614099,-44.55710821611131,13.958657782836536,0.7028183706130038,6.382750990099893,5.063236401606748,11.97623354377944,0.4764308395697259,PULSED
2461.6814026635416,-37.68692173112057,48.81889253039937,0.0,0.0,5.924845273562465,4.474523988729974,0.6089802554682079,WIDEBAND
2424.554881962262,-46.291316495509015,25.90373354410154,0.6162828732933711,5.02260365425604,5.609498660341133,12.299129227650749,0.5380609466926307,PULSED
2495.3580102007586,-29.89558516266439,17.100632431222834,0.9716408134966226,3.6091757188123843,33.158789578080516,12.432195463426998,0.35229415807473763,AGILE
2451.1866580803735,-50.77424783934763,89.50191042428456,0.0,0.0,1.0,4.537114659106338,0.8144005555595154,WIDEBAND
2499.201225165867,-42.17068346605767,21.418251922134772,0.737837146821533,4.51880855141943,37.203181350996715,14.198746253541291,0.6283382248852706,AGILE
2468.0683775665407,-62.27631279425554,8.854962084241677,0.0,0.0,3.60118792722952,15.566874320501254,0.29310087321364975,STABLE
2467.5162087668464,-41.54071405947968,16.24257539951935,0.5332476152270414,3.463182833133687,24.976556593397916,9.012319337480319,0.630486634854107,AGILE
2476.484681239582,-44.15324877508093,19.025733544542092,0.37672525242865174,5.470205299916588,4.319863153451792,4.792664374253706,0.4984648640909695,PULSED
2431.7514026121235,-47.953796918428566,64.2360140012834,0.0,0.0,2.788348505408699,6.5835175180896295,0.6769313451915462,WIDEBAND
2485.13346494022,-46.38218946062025,9.058826814251445,0.0,0.0,2.5907429696685593,8.671947523252182,0.23092560708229226,STABLE
2480.264993644498,-44.82924851096013,17.48746644543658,0.5493911321698969,3.4635043844636435,2.8391772762737153,9.39875328803709,0.3894470220556406,PULSED
2483.115137654684,-50.274962495656084,36.236956873135284,0.0,0.0,9.797327417518327,2.4482885136021784,0.7218240817179329,WIDEBAND
2413.220933699087,-47.153653594285075,23.460285125631533,0.6582252567493024,5.392222097368789,5.641109880542677,8.7160471781833,0.3901268526660493,PULSED
2410.1301504823823,-32.846571047397696,21.59112413790309,1.1692759031029092,5.405269784061366,22.18868403857662,3.800472484317476,0.6743341502973609,AGILE
2490.579185291426,-55.00337858273775,8.079387053195124,0.0,0.0,2.2685874460755713,19.982429164322074,0.1315699678084622,STABLE
2441.2778813386863,-42.76793662186867,28.794337634159,0.28462070609776946,4.409078917905745,31.35137263205158,3.137219265107113,0.3885807694479824,AGILE
2410.9207184658653,-48.55079217978879,75.76793232418323,0.0,0.0,8.751286596477405,8.842801643937337,0.8077174709420537,WIDEBAND
2449.506133095964,-46.97206079113949,88.28100982111053,0.0,0.0,7.101506010620744,6.923890534881346,0.7930937157863143,WIDEBAND
2435.2106216058824,-44.793812427750005,22.4870859746566,0.30750286402559623,4.715568983670837,2.8533322980656646,6.152408587425862,0.4796039746612354,PULSED
2497.8995431885437,-41.26493467319391,61.10334554830911,0.0,0.0,14.902688218241014,3.10896786834103,0.65522874386874,WIDEBAND
2492.8490993354126,-59.169772031217384,24.408902400372256,0.42172630144658535,2.9280890445214425,40.665095479381776,4.998986933367978,0.6455914632762392,AGILE
2405.0594412899104,-41.509391132652986,12.281421110128557,0.9926255534639487,4.425995133810367,6.318192888188368,14.432931066603269,0.4617492856851417,PULSED
2435.1687398990293,-39.3918395395289,28.115984567932514,0.49597934006989647,3.6987223207880033,34.56080602945569,5.407288509444848,0.5209549593085104,AGILE
2464.487311467786,-48.614126882516906,6.043118239917131,0.0,0.0,3.7515579626129294,17.149047105675624,0.2728497551702604,STABLE
2483.3412008228574,-38.63826264141488,6.573797886891992,1.1238240444826737,3.788398709803222,8.0,4.183119193174788,0.4624337766914134,AGILE
2432.1403330877533,-48.26973869973103,69.79058048657402,0.0,0.0,8.23127939113509,11.926869607245195,0.6857514587003579,WIDEBAND
2447.314579228666,-47.69827706716529,83.50983558644027,0.0,0.0,11.163154050514384,6.517310202750356,0.844841615830525,WIDEBAND
2476.922064084235,-43.57484894481216,20.832327623931054,0.6973023718998649,5.009389753099356,3.9913505493135504,9.148277700155893,0.4850871540431711,PULSED
2432.973802971202,-51.176200063757484,51.527372768124366,0.0,0.0,9.558141763824171,9.049274282288524,0.9178723518826253,WIDEBAND
2411.1383089519286,-33.57110290173443,24.37739492887255,0.7788629104415898,6.39985604689665,3.8076470034477445,8.397886837372617,0.570256113122455,PULSED
2417.294393644208,-54.6376844294535,5.394695766331071,0.0,0.0,1.4590423105467225,5.248697028463354,0.3578536699986784,STABLE
2488.1770434302243,-46.62201275983092,13.728960230574703,0.5646360548997219,6.261841631467416,30.48350385410501,9.117982130635369,0.7088520943591049,AGILE
2447.475324348162,-41.916516035647035,78.90147364636888,0.0,0.0,18.88209250975023,10.443650029928225,0.7895766029159451,WIDEBAND
2410.29390470474,-52.1209657785867,10.746349835777295,0.0,0.0,1.7107402093217277,8.87182249474337,0.19380413094338506,STABLE
2484.2771277609427,-62.14343401667986,9.766824348181181,0.0,0.0,0.8785990771149432,18.94138107569281,0.22596226481379933,STABLE
2455.709504012732,-31.501669388730257,19.258061265501784,1.0253191848899188,5.831926213510622,4.614099316729974,14.761952987314736,0.49378524472970403,PULSED
2431.2405171507885,-37.06973379676046,14.794523086295762,1.1987784646993482,5.054353957190099,4.099490501575661,11.326880471901003,0.45554526007529006,PULSED
2443.713469062958,-52.906661647023725,20.288344889751762,0.8931294992175582,4.670492488319883,4.795355930091431,14.885357821246279,0.48979355958052323,PULSED
2428.6589101292325,-48.03451784088896,15.399102399936309,0.7342763741157272,2.3455592504154046,16.886672280162536,8.075083127903426,0.5333879424170528,AGILE
2424.5875587005057,-61.405562614269314,7.890130267594165,0.0,0.0,2.406151856415671,12.02347108540376,0.16469418103932565,STABLE
2441.3742324985656,-65.00054759794142,9.799999328859467,0.0,0.0,0.9184600328558745,15.283883486568657,0.23307825713260333,STABLE
2405.3277232990813,-51.92080711044673,14.717935408695592,0.4502331148233678,4.834188953109831,5.266276796365688,13.846739952014822,0.44275149738710584,PULSED
2428.429868441152,-39.67194615135576,16.557236098718,0.7979080930702775,4.206050729043417,5.808129898600519,13.880332759391257,0.5688125075950282,PULSED
2490.8710422668323,-30.246912864720834,18.55961560760957,0.3835625695527339,2.624276683252856,19.497232439805657,13.151140582234158,0.6256873581134459,AGILE
2495.851529397545,-57.96040804229607,8.282838946681089,0.0,0.0,0.3602970998994295,12.974193780431591,0.3641744477364501,STABLE
2482.9051891622817,-44.32617125161719,27.116809863501892,0.8517143293189482,5.295416338790522,3.389018224680205,6.702464960294572,0.55862220402432,PULSED
2420.2246438033612,-45.658813792980936,14.461325171681445,0.1,3.480757959850309,16.25339873190933,5.0162017706557105,0.516413306515457,AGILE
2448.1591589206046,-60.900495871954185,9.375522263199745,0.0,0.0,2.4703069533785245,19.43299982802053,0.15447921986551266,STABLE
2493.96419673418,-38.196329965700656,52.83223112380798,0.0,0.0,13.358591316566685,5.882767387258607,0.98,WIDEBAND
2460.0342883480384,-43.982031587603,10.868808952918076,0.6075472848775709,4.871872023115192,23.394610478997016,6.095877401479713,0.5538126815487442,AGILE
2491.066932962371,-49.05817158287841,47.38582003420612,0.0,0.0,2.4342852815806895,10.789009044809008,0.8886525091761824,WIDEBAND
2458.9755238880607,-47.049708492904195,15.722399380616757,0.2,5.761279509393605,4.202025279323767,9.372472647211367,0.4177740263111346,PULSED
2457.3045576528098,-46.5235293866499,21.240225207405167,1.009849179274978,2.8704176757953137,3.8163038495498443,11.684151104837376,0.45416128874098616,PULSED
2480.315897408341,-49.53621048777505,9.792109559119012,0.7213942574871931,3.905132779898442,18.393780560185803,8.577845321287723,0.5932710901848891,AGILE
2428.351808675954,-39.276079295673995,15.235126024475182,0.8830200026631074,4.810768590811429,18.110481172685382,4.942002974985393,0.6971834773500527,AGILE
2472.6208523423957,-39.7305089384494,13.09689594616289,0.2534266885932671,6.294601897111929,4.222770122662159,9.84270456242762,0.5438849875004482,PULSED
2445.854808179855,-59.764817740152544,8.879273212033986,0.0,0.0,1.9193502742502169,16.71941053147274,0.16523404696645802,STABLE
2446.08278352236,-44.722267946365406,8.001625115925846,0.5494740277051058,4.448976435232644,26.615200706053905,10.676999132228808,0.6987714940796352,AGILE
2416.5265832242244,-50.59876500061339,12.515826569546999,1.0829362026514988,4.78534230827993,3.7050272200155843,10.068021524366547,0.3965930639323059,PULSED
2493.2472051336076,-52.616030150422816,6.467222639777678,0.0,0.0,0.8523860342955203,18.91757327124825,0.3214930487590087,STABLE
2441.5468122502184,-48.71203913973472,58.81658595893499,0.0,0.0,11.542609431184268,9.564657312317879,0.716122505666224,WIDEBAND
2498.38279591055,-37.08504078893716,91.57137894678179,0.0,0.0,16.858286199618867,2.269367808154616,0.7097385629807997,WIDEBAND
2408.738768149672,-57.86501406366029,11.619138558057006,0.826894702391692,8.133291474091115,7.292010653975572,10.275746976968247,0.47210532583811043,PULSED
2426.6408058877055,-36.73472204392607,17.205092868220767,0.2555939405478223,4.54542819635879,19.457561325401468,11.26084713353396,0.535724676968583,AGILE
2460.739553950325,-47.58329560856801,33.15309501293774,0.5794458014700108,3.6587632303697406,8.0,3.2936329138951903,0.4416646041897361,AGILE
2461.5943442398434,-49.0604224780192,29.61325856819584,0.6921500532397483,3.4352142169823554,28.187838577120168,13.35916252365035,0.5782097716462424,AGILE
2418.9363491672852,-52.738313285827765,5.7460241795982725,0.0,0.0,2.562904853479549,18.009545607517722,0.30757543154500444,STABLE
2440.9701076548995,-62.26031709813421,12.662049343116141,0.0,0.0,2.155558058094318,5.243856648390777,0.3249413618124097,STABLE
2470.755818822213,-41.637085779379746,9.573493139111152,0.6819350083213104,5.809257553052261,26.25147734682798,8.68613568465394,0.45089257139753436,AGILE
2438.304105927331,-48.44284415788981,18.625427207204208,1.084890339362175,5.563950590089551,27.4643035311972,10.282587655247275,0.4675103901993355,AGILE
2407.874328988292,-54.17076922388032,7.610040227760426,0.0,0.0,1.8820885838054164,9.312095278226344,0.28650710418578074,STABLE
2450.956767884225,-62.422346722268585,61.77238567912529,0.0,0.0,3.6016433463478785,6.340190186106753,0.9737748757573427,WIDEBAND
2472.592002439647,-41.94353695619458,12.971607914255749,0.7836733169586299,5.143552419047378,4.496239118356593,13.545213198385147,0.5165660150633385,PULSED
2406.374892435976,-54.13495561322361,61.91284163628067,0.0,0.0,12.600956471924565,9.140275378886223,0.8167326628641695,WIDEBAND
2481.942514981047,-51.220505977177275,18.129643922269334,0.9655792833217895,2.9073318817879477,20.22937717592516,6.633258383597428,0.4968269203711333,AGILE
2428.7496288796665,-46.1294689305838,15.592799885547457,0.845239989355283,4.405009695425567,0.24774983977671194,17.396440404426688,0.46944140490785546,PULSED
2489.2586070708,-45.86553108725292,23.325656863177226,0.8753714825835096,5.049710012062332,4.2957411829202785,8.82395605569129,0.4638139181587285,PULSED
2468.9380453670146,-54.11092673277151,9.123323615605472,0.0,0.0,2.4014118466088283,13.448841987054644,0.2851949402400089,STABLE
2427.199285494688,-43.62412614778948,24.09559782607935,0.5928479911865572,5.265056551951277,25.359142660982616,7.511320425990773,0.4922485125991553,AGILE
2403.6430195682883,-54.094470839161026,9.158563942641866,0.0,0.0,3.2486910131341,14.725965278050417,0.2791049060238478,STABLE
2418.3642520555654,-49.05540727328331,23.011982527497672,0.36480137942560836,4.265618918892728,35.682900632721186,13.874309195832534,0.5140208412718854,AGILE
2498.2669119167617,-43.27381989202864,31.96861705478186,0.8488996898755559,4.924285193819082,28.12545900017992,9.634580473261042,0.37459297482432874,AGILE
2478.9991818385265,-37.126955643794474,18.705338893078753,0.750918870538902,3.477594207305028,33.53772220134529,11.688692055219368,0.38610746285970776,AGILE
2480.044981231845,-54.60536994887403,8.340677541613577,0.0,0.0,2.2477456503170643,18.594697854991868,0.27766878348159013,STABLE
2471.5674309313836,-45.26126365334815,16.407848377670277,0.50678778617898,4.555785187255915,3.3580939985673117,4.554781660417821,0.5241336131820752,PULSED
2439.362881817568,-48.55352370683985,77.69324529733085,0.0,0.0,9.703429462346204,10.262125134530928,0.8431633782207097,WIDEBAND
2425.577791910001,-47.68217814003489,64.23917670310101,0.0,0.0,5.420002447370544,6.263862246690936,0.8855458057917277,WIDEBAND
2496.4449236958576,-35.770704457295274,19.069899782530953,0.4906712760556428,2.6952645322458766,18.542541080267696,14.138050077286394,0.5866847761826076,AGILE
2469.555203041264,-53.56510429219924,8.540970772220398,0.0,0.0,0.772801844389026,7.922565297220878,0.24195836675143806,STABLE
2428.0284305998366,-51.13192799897941,81.08842614491975,0.0,0.0,5.622889559855356,7.761639120213643,0.8857034024438025,WIDEBAND
2400.192970787334,-44.31263843451059,7.014262104351197,0.0,0.0,1.1184927815733774,15.762163789559839,0.22751265083690453,STABLE
2468.814933147562,-49.46237014522008,16.93144883026348,0.6663499399332169,4.9807065985677825,7.556032153614575,13.867092796581181,0.43729338268253964,PULSED
2499.942190922419,-55.40247057730767,11.158371005963264,0.0,0.0,1.8956453242582827,19.649961173248837,0.32451759980882866,STABLE
2413.8960073152757,-38.98019861623987,22.927292117916824,0.3350609864279167,2.3653472018361557,23.1707169346135,14.413206561324007,0.46195878604737145,AGILE
2415.486803291828,-39.83053777780456,17.953247037137828,0.23639681177324945,7.198088478573826,26.900213974650807,9.253105983859529,0.5077590613925015,AGILE
2468.0780208277965,-47.20845535829248,20.43238611493728,1.1881499207861428,5.202264312599963,37.889196710615934,8.777049002226233,0.6570976396820207,AGILE
2463.6459873616845,-57.014085345787784,14.419180684136768,1.026751906082499,5.072814916444481,4.734682882887364,12.964053872087367,0.6253603155437145,PULSED
2486.320737579967,-32.131985206318916,17.06923096272931,0.44846275604608726,4.097348322028333,0.6983854745528344,4.812556439880113,0.3669365639722785,PULSED
2417.449194202408,-48.36882756328451,18.101288996734713,0.34069750116800823,5.552200424834574,4.322811689540092,13.870115872855395,0.4505983717143238,PULSED
2469.9368679862046,-35.75646704762332,22.300447571330377,0.628048120747388,4.020171395929569,3.579888454003601,5.12392457794323,0.37306448009971227,PULSED
2402.47778751616,-66.11636717014167,9.723516988406734,0.0,0.0,2.453274891346053,5.9124480125204215,0.2708921809566891,STABLE
2495.186829981745,-36.29837974681475,23.33216793932162,0.5389527432825356,4.639129241379496,3.549828661291568,14.00653026449049,0.30065629857901865,PULSED
2419.6848938871817,-43.362465892055326,72.75217002295454,0.0,0.0,9.883413963588849,7.256889592831843,0.7471624684985929,WIDEBAND
2493.8534874055563,-38.840379487681226,23.32934350058136,0.4170905362891412,6.715530822426339,15.130586728074377,11.452040550264302,0.41632329418213926,AGILE
2411.0381054665368,-55.09414864365647,65.20575825327407,0.0,0.0,9.966697721227387,5.631446000537998,0.6443649789048331,WIDEBAND
2421.6573199639033,-42.87542706766234,81.63259252049644,0.0,0.0,10.320231171665938,11.38695842400511,0.720794405198682,WIDEBAND
2414.9123411505393,-53.23847814307859,50.33536809446867,0.0,0.0,13.558031192912658,9.026116043196991,0.7579081552985312,WIDEBAND
2451.758284400954,-45.15611330058674,12.870357814302952,1.2658067079730606,5.185115536570052,6.155509559113484,14.553009731116607,0.456821365219473,PULSED
2495.320552490519,-53.142279508545,9.179093772071205,0.0,0.0,0.5793083926515464,8.797769091899024,0.3064173678930153,STABLE
2417.3937598823572,-47.36002366521047,9.023634383240871,0.7398697064322255,4.69244766911693,0.8153650789003763,9.356141091866014,0.28463118203124826,PULSED
2424.501260137217,-43.51148752677579,17.74804024785349,0.34023869889273706,3.1489087363707937,26.08073131432782,4.073759287483496,0.4789214528584191,AGILE
2430.6259560936846,-53.15734982450547,7.868738636226827,0.0,0.0,1.0007668480966316,12.602404493263247,0.30384168754120144,STABLE
2443.4349248225294,-54.4324448022538,9.569377432263373,0.0,0.0,2.196658216293311,18.93863366009225,0.14151135718775526,STABLE
2477.99292605482,-46.64452306401569,12.420330707043139,1.3375548036056824,4.736010898743948,5.193861985646191,9.576874918211052,0.42161890621156134,PULSED
2403.8994643574465,-46.89549720629033,68.86889886171929,0.0,0.0,5.859558774654074,9.022938343177328,0.6621852942144092,WIDEBAND
2481.2296946470287,-60.74102027727788,10.894117392062205,0.0,0.0,1.3748628166853611,8.449220267279486,0.2191818243571054,STABLE
2482.4543388792517,-33.55774209374913,75.28642280146993,0.0,0.0,7.297801264571502,2.9393361589960247,0.6534450857654479,WIDEBAND
2443.4610360737206,-59.41157957056199,6.06036387347635,0.0,0.0,1.7587720407604883,14.346278862053317,0.22128829031453404,STABLE
2460.9154081778092,-42.01015358206315,15.632223393458093,0.7526659343554944,3.29128127766793,6.68625444346779,13.033109917716674,0.3527928272885573,PULSED
2437.4033008085134,-48.319268211067815,62.64100537025239,0.0,0.0,3.439303891566148,4.552884306693888,0.8346726422133426,WIDEBAND
2402.1156011423295,-51.03173086064975,6.716914558434307,0.0,0.0,1.6850256181946917,9.125465609453792,0.2903268589057862,STABLE
2452.077060795917,-45.32853713519506,7.019075678612579,0.0,0.0,1.8161142552253804,6.552654024650877,0.24766424797090955,STABLE
2485.217688333772,-51.31779691319448,20.052987591007266,0.6333541673858936,4.570047110791441,21.48379761746309,8.20643934607771,0.46381852870235735,AGILE
2413.0804327012834,-37.725162172429236,33.271455501177286,0.17171978572991992,3.239380499449294,37.329145418892054,11.684990299845776,0.6289493505574424,AGILE
2452.677323136231,-56.5649707504275,3.784621224771194,0.0,0.0,2.1153889664297028,8.057909409943159,0.2886735047190388,STABLE
2425.5780653424995,-61.316698378669976,6.781793712353359,0.0,0.0,2.6062977912325875,16.59495539287141,0.1894509795179895,STABLE
2409.777323898804,-40.29360705824864,14.709066352062294,0.7160999675030224,3.736434501061435,4.14553572784272,8.667319633742931,0.52461904867797,PULSED
2445.0229752839546,-50.00843106927918,80.85531890700993,0.0,0.0,1.0,7.550719899198886,0.8387292735795413,WIDEBAND
2475.502637750058,-48.48204449876181,6.766040992490445,0.0,0.0,2.2889392383125697,9.551643460876914,0.24927820480606322,STABLE
2473.1212348598215,-40.04033162123129,11.08989225189439,0.8493325327365054,7.567618092869256,2.2627768191154316,7.736716334833554,0.5630819481440782,PULSED
2459.344356480917,-50.69016373786628,15.971217436805539,0.37940766971945783,3.3191420920924948,28.299385265590942,14.137299043371081,0.6152530172699026,AGILE
2484.972649586481,-40.812414168090115,19.29970487998602,0.9321005822630131,4.495753652158217,31.556528450494483,11.635258685942315,0.2623759595843239,AGILE
2452.9010600073566,-54.299439472764604,8.341254167238164,0.0,0.0,2.5483436006652145,16.969011757683035,0.23330094641730034,STABLE
2466.431354032739,-56.85607923832143,8.913550475114823,0.0,0.0,0.970459247146679,5.3406810970079075,0.22709572636010025,STABLE
2463.4183215395183,-62.03055011129967,6.799989450577761,0.0,0.0,1.3242950784660676,7.19584743329311,0.2213000343100363,STABLE
2471.666537046453,-58.41065250230648,7.8683933578556315,0.0,0.0,1.553744887723185,16.813438438095563,0.24895396618305946,STABLE
2404.2957627375645,-47.92929489809001,8.398476082498478,0.0,0.0,3.4774472608443756,5.8522651759997215,0.2325960535637649,STABLE
2467.0793053197203,-51.16786300759142,35.0,0.0,0.0,11.1616933552263,2.983199738950157,0.8522188785564604,WIDEBAND
2480.270497612688,-60.89861156594965,8.552828728507508,0.0,0.0,2.296431462530146,18.84954035386818,0.254206789523993,STABLE
2414.564054050445,-41.94304090124527,21.951486195591137,0.6875075815654387,4.602992320275869,25.759237969386337,10.364365716200243,0.7658982230696907,AGILE
2413.6674546081135,-40.36362089543208,61.135738422222815,0.0,0.0,6.604716848890885,11.734501820994513,0.6914426960239539,WIDEBAND
2432.3936668937636,-58.45988375340216,9.119080741232333,0.0,0.0,1.9529502068598663,7.555117904877783,0.1826338940637403,STABLE
2410.644942619474,-48.487980552926565,15.972585133414881,0.41285428242708505,5.471529890289581,32.76470773479762,14.770751884034425,0.4736278828807615,AGILE
2493.495781686585,-56.01730429420267,11.682511228853809,0.0,0.0,0.48845571105822905,16.097466410577567,0.17188392579018974,STABLE
2464.997810614026,-46.84768593573134,58.7527555156727,0.0,0.0,11.330710387075602,4.630424893136215,0.8443480238081966,WIDEBAND
2481.0141645531316,-41.881544227018466,8.168578136894038,0.9740181974413311,7.241287026998695,26.362802079397714,11.066698738330965,0.6581057670050497,AGILE
2425.923969449491,-43.200707530670876,22.151410719238072,0.8697744077279941,6.303618206833993,25.262457659648675,4.028268543551974,0.7034534094093365,AGILE
2467.3067715402085,-37.97955285232662,20.600546436971456,0.8142020984720733,3.702029623264372,37.412508536717425,13.303362865796032,0.6449373830198024,AGILE
2407.4750777664285,-36.15883517669173,30.348256134378943,0.9601518422775561,3.986274933674147,49.86702892145517,8.695087381079963,0.6040516035045658,AGILE
2490.3933608948573,-51.361203258803556,12.578730412064534,0.8500389387721314,4.5876412284891845,7.093294366634553,4.154456700164898,0.4546976393795627,PULSED
2481.2832019733155,-47.49481638175834,10.793833333179904,0.8442444410213698,6.395427563979608,5.6842322923305355,7.765650315395149,0.30276706427830424,PULSED
2461.046993239208,-44.51549070716416,19.99324460362021,0.6390748179840542,6.080929400720235,35.44698260968216,7.0647751084576065,0.48711811300646085,AGILE
2492.956600963317,-43.84717628505382,20.63022245616705,0.7389344602100352,4.282183365408733,22.94471057975539,10.402485050771116,0.6377069097501218,AGILE
2459.643246789084,-48.56045300926506,7.187732709058029,0.0,0.0,0.6771966072469842,14.711162343141043,0.26664065078321286,STABLE
2430.0043733675625,-42.70167918916134,80.22400096308799,0.0,0.0,8.148117430760612,8.318421417565212,0.7654325694602295,WIDEBAND
2401.5541615160078,-57.299738381945346,67.39039957608298,0.0,0.0,6.78896007122181,8.50555852486829,0.6749447212379591,WIDEBAND
2494.2925620424644,-40.82563049584108,17.91763315976247,0.5062649776734685,4.907857549429719,4.352129327431686,15.968737693090457,0.4635388252793075,PULSED
2494.925281410583,-60.43858635566298,8.919800532615541,0.0,0.0,1.4430664089175307,14.301689434210104,0.27250648982525144,STABLE
2427.672031944743,-48.354212439732095,75.19789054989448,0.0,0.0,1.0,3.934822885266345,0.8118677500263797,WIDEBAND
2435.966629366661,-64.7565069317591,9.4497093431124,0.0,0.0,2.637685079938845,15.671140215646135,0.256086845839003,STABLE
2498.398495282128,-49.315691917571165,79.56927288064645,0.0,0.0,9.798789765590971,11.320929815832296,0.7794378754826814,WIDEBAND
2429.8002364448985,-49.47257775156535,82.71607502314582,0.0,0.0,6.3015664005536784,4.51297996652308,0.7354568956432931,WIDEBAND
2407.9067171463607,-53.459323571329634,13.522595447606506,0.8310413080333451,5.037688145095812,2.066247816538731,6.514646423732146,0.36479645040355524,PULSED
2495.0664841469484,-52.553629782291765,7.358919243324904,0.0,0.0,2.1299861635084203,16.301908091545126,0.2207731863510893,STABLE
2466.088123037673,-51.87262739061871,48.96156241281173,0.0,0.0,6.6710967323157035,4.210314016841423,0.6814074650459799,WIDEBAND
2473.943146847651,-50.7170791811056,8.483289043353503,0.0,0.0,1.0088185588856824,14.328466600628687,0.22356085470581546,STABLE
2420.439736708143,-43.97567994707488,7.328121549919705,0.0,0.0,3.024048171251576,10.65717020533521,0.35522146160206486,STABLE
2435.5507783440466,-48.14252304597485,24.920801945067666,0.7870062019206249,3.751858021893123,21.227010640041716,3.7620094469998877,0.6089330811497969,AGILE
2450.5993978819647,-42.86387398795344,64.4876327816506,0.0,0.0,7.9191596566357445,7.092111319558982,0.7482547883163054,WIDEBAND
2491.5194157793494,-49.13202536946699,22.63468815611717,0.8487893383413665,3.346059282927281,18.67498679975767,14.073319898644737,0.40183711282123213,AGILE
2434.214623298669,-43.566108367144004,18.818214236890437,0.7654723283092144,7.020266854687757,2.573466541808683,9.981778919197918,0.3510131883936003,PULSED
2422.0274110136816,-38.69138850424132,82.77237509747027,0.0,0.0,5.997252983130024,7.440364205885528,0.6332676437306555,WIDEBAND
2469.3005306325,-52.62770518106576,47.065353699482976,0.0,0.0,4.380741065522527,6.621020043733697,0.5479134054144942,WIDEBAND
2482.659584310136,-37.762192768533076,24.569001333043644,0.4613193188487196,6.531669680245487,24.110804814620586,12.340711582330616,0.6847625501313754,AGILE
2433.999671804659,-45.27552830453854,77.45969099037976,0.0,0.0,6.811795687028518,10.707183867127181,0.7653101357518223,WIDEBAND
2461.0967819113293,-39.02103551215835,25.79263874767574,0.7589440490162417,6.559391536064588,3.951487160913562,7.429038372911138,0.41350257183094313,PULSED
2426.3407464316083,-53.53793724209051,28.186855109878998,0.6775634318158735,4.591188798834805,33.057938484678075,8.74984529218809,0.5701026896216128,AGILE
2489.7563575408785,-38.59540692962595,23.602197425671946,0.8224202553046882,1.431410860164282,23.53174783452354,13.197852217454704,0.6060964826612025,AGILE
2415.0170418547086,-38.420669181727895,26.215245528391478,0.44600430370570665,5.001903500770798,11.201462097273561,3.4797840249485654,0.5225340115192358,AGILE
2479.689173884079,-28.57986872727295,23.295593301040924,0.8682735264078878,6.4065355129720345,0.04149504663244441,14.404120207670735,0.4180567150600075,PULSED
2418.0391208035553,-63.93687171115683,22.37231650937828,0.3782825920404417,4.933491258970751,32.60216310668993,12.97279739605984,0.7244740485978532,AGILE
2413.00249950179,-54.924528985889,9.313637053440274,0.0,0.0,0.9181058074726944,5.060047436641686,0.23126390832360083,STABLE
2406.202655174555,-51.92903593622903,67.85784746358296,0.0,0.0,13.0731714185392,8.81800112809847,0.909521388049244,WIDEBAND
2481.6289770248986,-45.77678146931158,20.579971188422867,0.7462265721533393,3.7997549600170695,6.060370797203003,8.290000467260283,0.3667050262957007,PULSED
2498.6969503117252,-40.30045732233414,20.153094398319894,0.8814027565524272,3.1258768583966647,21.018113504855062,11.636818174868832,0.593728427460041,AGILE
2421.4538972560144,-57.68294594397968,7.900882324896835,0.0,0.0,1.4076008965608522,17.401848228856167,0.28972489207490515,STABLE
2461.712857768465,-64.3907703670024,6.207109687751457,0.0,0.0,0.5577681858393031,12.947009163612066,0.1780358904505579,STABLE
2481.916949913927,-46.87292340494424,60.38327272054599,0.0,0.0,4.841440990850508,7.450163620948184,0.6809494357765101,WIDEBAND
2462.488422780621,-44.24260249610354,26.095401216682482,0.6507745798971452,1.5330009505164641,21.975033014941445,4.422407935921832,0.6157364826208634,AGILE
2452.282324121563,-54.52058768851882,30.765533620452572,0.9652033901908016,2.799155600882744,16.020587698421735,13.654663148243918,0.4074136712168712,AGILE
2440.9215200360272,-42.513955498102284,59.24881189055217,0.0,0.0,5.755472568300435,4.376471188215463,0.7185481384483747,WIDEBAND
2438.6482702994413,-42.95536162232313,19.855458486814168,0.5129348449388093,2.46799367206879,13.361577331214026,10.468890719071027,0.5926015495744044,AGILE
2480.836591962042,-49.28716186138595,28.239062503575113,0.29998457217855146,2.2893804709399372,28.102993049309966,11.803493523275035,0.5706696699039759,AGILE
2476.65571935099,-42.94029308739003,20.605878759069277,1.0885969749111064,5.370620669964517,3.074221649149542,6.372478642602632,0.34416504456774555,PULSED
2443.9128194782443,-50.486571716284686,60.15053449101676,0.0,0.0,6.75697507779172,11.822817688105339,0.7878119270343562,WIDEBAND
2443.040729905216,-56.983957333119896,47.72272506414555,0.0,0.0,13.806668170096327,5.8792060954874765,0.641294309521634,WIDEBAND
2498.7294602823913,-38.5769443152175,24.060678667628707,0.9652965943679208,5.089070399935315,25.80252753726967,4.0206266881037855,0.476496216543866,AGILE
2447.248424198718,-39.04470874096125,85.67658110385344,0.0,0.0,9.661626451980394,3.2931787285945093,0.8825801809611803,WIDEBAND
2470.638787981151,-45.18388600770378,29.40208155961598,0.858112861304976,3.4277403275400404,2.87585624977976,8.239055400684022,0.4973701720922703,PULSED
2414.5296286448092,-35.68553226670265,20.113938610072324,0.35748584038140613,4.52740666813444,26.89594002719461,14.613668860495322,0.6331546950074849,AGILE
2478.2905274171726,-47.94696054094732,8.384842235536363,0.0,0.0,2.4056418307313425,17.725711310916214,0.3454271378749614,STABLE
2412.4923679305643,-55.588506825220755,10.707171779138795,0.0,0.0,1.5737013267472875,17.766966496429028,0.21433597886807587,STABLE
2450.1804815076066,-50.50400285156738,18.480285695587213,0.558635830522034,3.0068097331915737,5.63881224172959,13.215364281355487,0.3830373077420887,PULSED
2499.124462814003,-56.05819570293598,6.616460513995374,0.0,0.0,2.7016234014745044,13.328834298500842,0.28909243723863753,STABLE
2455.319863153779,-64.27179967317255,7.393596766579005,0.0,0.0,2.3764179291966476,16.986611726599094,0.17145429685672087,STABLE
2455.817300531268,-42.79869236384325,84.35841028783827,0.0,0.0,6.369925430115954,3.955947599588026,0.8417621966262456,WIDEBAND
2433.568551898846,-41.47309709816029,28.20391302650141,0.41833829017516344,3.890063433189264,21.153334161116636,3.603188005315966,0.44855155534085517,AGILE
2419.4208236272293,-43.95657396159367,35.0,0.0,0.0,11.296849422534228,5.1160242609223685,0.8253975691197186,WIDEBAND
2407.5626565487887,-50.54296215984616,74.33294954161933,0.0,0.0,2.724406306648591,6.72941922472217,0.6978222826230368,WIDEBAND
2476.331111300949,-49.04779583193213,20.887091329711645,0.27616308228360437,4.771510075309524,17.178687525825886,5.846094029682353,0.5875492048431893,AGILE
2430.487317578754,-44.75882816859421,16.546909872346557,0.5328769935527012,4.6275209844293625,26.382485525044604,6.056910190742782,0.478857858205018,AGILE
2435.089528808254,-47.45239733146687,32.11558705633573,0.4952952258762798,4.366693066508814,5.802717165493785,15.812986307855507,0.4889911215313879,PULSED
2409.772791900654,-48.05041318964361,63.040321078056884,0.0,0.0,1.0,8.414377279545803,0.7985774804664956,WIDEBAND
2442.8634650006234,-36.91687528218386,20.93958972956811,1.0873007844176357,6.871672559001548,2.4543225857204702,15.927086784085605,0.33275954750568787,PULSED
2441.670410308246,-54.68900740604292,6.752794980741281,0.0,0.0,1.078794642787108,6.430301797742904,0.32594649550999333,STABLE
2430.762848542413,-52.04621852837178,6.758962758702677,0.0,0.0,0.2342663870984656,5.647628375853268,0.2467177337890437,STABLE
2444.4427426515413,-35.83221349333314,18.712668511457313,1.0573573940159695,5.362009662571662,2.9286654575358693,14.630608986573092,0.5083541067145738,PULSED
2480.4199436101158,-52.73348340314189,32.138386563668064,0.6722190958397721,5.479357424526889,31.946662538641853,13.037656000698087,0.7161831799143186,AGILE
2434.260814251595,-56.27882376596734,16.028741974083033,0.5247352671884462,5.976956678519896,1.3799580768420925,4.321033144818365,0.41303788054892093,PULSED
2474.751729604174,-43.04883848020363,87.37989996122914,0.0,0.0,5.301938181081706,5.027422109542401,0.6917893905190289,WIDEBAND
2403.9560208390194,-63.44148499361117,4.044501875265744,0.0,0.0,1.2907504791468785,5.49214999246593,0.21558124338081325,STABLE
2486.6351783524565,-63.95236733912036,50.83448315963345,0.0,0.0,10.069176947430202,11.644010500004486,0.8041576980220734,WIDEBAND
2468.853825878896,-45.40189838449251,18.504290499521904,0.796149015737329,3.64914015056213,2.658538187965192,4.6799196434531,0.33757828422197117,PULSED
2475.210693273836,-42.318907946838216,13.915760488122725,1.3175996522276556,4.30445603878853,7.112032653899954,8.255443621605199,0.514567769252397,PULSED
2408.680044335072,-58.75374463840838,10.151445934988384,0.0,0.0,1.7854050322466863,11.574744641217318,0.2767876612747112,STABLE
2471.4924302896193,-47.5710381910609,6.669876559276754,0.0,0.0,2.2499015735357184,7.82840117951837,0.35957256081440797,STABLE
2466.6670201808834,-59.27282705434314,90.51626459327278,0.0,0.0,11.924747817216073,7.515594393998855,0.7825237784096559,WIDEBAND
2465.306050811145,-47.85181060578393,14.67898718382143,0.8602890100075206,4.162835727887401,13.367044037573642,9.890550837734594,0.5093398767756555,AGILE
2438.4144386525245,-33.21376314162511,20.913732203290493,0.8203825698078724,4.961130467862275,6.208366764339386,14.069541869911319,0.43877729698075213,PULSED
2423.690490547976,-29.753158198511848,28.274362059411985,0.9665543935055417,3.938697791053341,14.685388550140981,14.94933982045157,0.5562952935216021,AGILE
2446.217793627584,-27.76643840186914,77.50873411050586,0.0,0.0,10.21557205494627,11.085178895200434,0.7412125246670611,WIDEBAND
2497.9418722835276,-39.99760477287312,14.140832236766343,0.7315769395561591,2.8762441878546516,2.2015795053083473,14.425107975248782,0.41525573892637574,PULSED
2477.8451417150495,-40.79799725966519,63.31891234052126,0.0,0.0,15.580414592983605,10.016222875906582,0.7023239070063498,WIDEBAND
2429.93703433543,-58.50114027274624,11.27285042468333,0.0,0.0,2.19486555018713,17.3982179223432,0.267242842578613,STABLE
2458.4958207847285,-45.011992358927564,57.59399246301118,0.0,0.0,13.835145798984438,9.57612564721148,0.6701094977764135,WIDEBAND
2449.987509720301,-51.44381050621287,19.907116585210243,0.7957776694087952,6.646420607639694,4.580268996846056,4.11138141818493,0.5603553738385627,PULSED
2414.5382560312637,-44.49455854354435,18.810292471669506,0.8094970820695422,1.1562824171707655,17.208852626868993,5.134761556673142,0.6052776148620875,AGILE
2471.0070296786307,-40.092108597381966,24.71174871645129,0.7429725615443948,6.847137226776282,27.97248337355063,8.08352999632686,0.5463723971484044,AGILE
2447.1484723267013,-59.73083991586692,16.971424204952587,0.6827751320289461,5.502549784071784,1.0914144069619827,9.933301116969394,0.4418112212808195,PULSED
2477.1925427004485,-48.5259076797967,15.95316535162082,0.7916218023349216,5.250101434236538,2.1596912972569493,11.883012523987922,0.3883461741657924,PULSED
2418.9309519679678,-26.703097665192338,11.952566056190749,0.1,3.376488599581128,21.12779280068777,12.457142002712995,0.45735610460723886,AGILE
2414.4371528103356,-48.34798255964906,63.07577692788021,0.0,0.0,9.291341741730363,7.3807361189160785,0.7403538004949166,WIDEBAND
2449.4141646517423,-51.325084536699606,9.331170472626859,0.0,0.0,2.368229603556728,5.833518753603169,0.2328250759866585,STABLE
2417.530970920991,-41.056476255351285,50.03756076131084,0.0,0.0,5.4979134704866635,5.892843584315542,0.8036374687417479,WIDEBAND
2408.444432113989,-53.924346190262106,8.439993367943531,0.0,0.0,2.5873500601923496,9.94791818499178,0.2714122635489706,STABLE
2411.099136577511,-35.57146504079171,23.938896124925595,0.6244447500314616,2.1608001534348986,24.287730487001827,6.178088442790031,0.628272566687917,AGILE
2457.4273115067776,-37.68520090737309,18.00386854617371,1.0551304934390835,4.1948004632283675,0.3582679710760672,15.634718345577287,0.385499158857897,PULSED
2499.2458709775015,-60.95996276034812,8.784060796115046,0.0,0.0,3.318127192714665,13.2899203415547,0.20346343124430374,STABLE
2459.1638854579764,-52.56914519477367,20.88837814433496,0.9652427659917061,3.447633052832132,3.406736471503999,17.687445331040834,0.37153896818573656,PULSED
2474.7427195739074,-43.45352381880703,30.05342961150191,0.7051051473548064,6.956399695557749,34.40215335445157,3.6205652113380244,0.47768931333803766,AGILE
2431.7169694658237,-40.82976465301799,21.38068692388429,1.2462819504914724,6.209660315432711,2.81220934208853,9.184584649106506,0.3405206853182091,PULSED
2432.63789059596,-45.413369182694495,15.535280995320086,0.4206777009199411,2.4879692243026597,21.13788348317502,11.312046140510894,0.6086584115975846,AGILE
2468.1816725646318,-66.07527324776095,8.246618808884916,0.0,0.0,1.1233008962273914,13.291265661087047,0.36852058707073154,STABLE
2451.234304566039,-47.09895958303893,15.33888734539789,0.676475995320417,4.642976823524913,22.494938845465725,4.058751221440387,0.6750965117085133,AGILE
2473.240624189381,-41.32264191876297,71.60039467459076,0.0,0.0,5.574951803408588,2.9773018349210427,0.79950499992533,WIDEBAND
2449.420638428194,-50.31441022258134,72.50260508664402,0.0,0.0,1.0,7.621625450179075,0.6275456683474897,WIDEBAND
2410.721084586014,-53.90566471165675,10.561888417560848,0.0,0.0,0.6396641947049453,12.408646147315986,0.18028598670401128,STABLE
2451.692786559399,-46.27652671511953,24.3561552512845,0.8013726018840888,3.494303026022993,3.4838022540409534,7.315184347019885,0.3531265731840286,PULSED
2412.6467759725224,-37.19181086463113,23.01812432332128,0.43002821796189183,3.9144020755637507,20.071946383705875,14.899212599483699,0.6394873978636113,AGILE
2487.7795579569083,-57.67924221866577,72.4794985467429,0.0,0.0,15.144349733461157,3.187886902103136,0.6917653072971798,WIDEBAND
2497.6484131651737,-47.12325069162303,25.715501507809524,0.6541142608634087,2.8131387726129216,32.718345890918584,4.982368806555542,0.5831390668518082,AGILE
2467.352185106172,-53.276136384544046,9.241509641281514,0.0,0.0,1.8499587478892265,7.972685462342799,0.28509507998480227,STABLE
2410.967318412105,-34.32454048968965,25.428603562699667,0.634312244170638,3.444190168624809,13.288442766119747,12.429712803672794,0.668613511496591,AGILE
2472.6809089296726,-39.61536752768195,18.74943274825415,0.14259957574946558,4.0163017681600675,29.15308847129561,4.529691848821896,0.3611779001327584,AGILE
2422.344461672984,-52.81667797707056,9.169655274119226,0.0,0.0,1.1706591101287507,15.858909193296254,0.29151184134022384,STABLE
2404.25695191841,-35.23214694176886,23.117725585611858,0.34829959178896885,2.4026099788862325,25.77757401827052,13.615023736974248,0.49405661753712937,AGILE
2476.86941411775,-39.24964559779414,24.230268872119016,0.557369021925433,3.746668089577783,36.85962049801644,8.491731929870044,0.36263682517756335,AGILE
2474.169036504512,-45.933180601845194,7.261089324352503,0.0,0.0,1.7334502139410481,19.68212981670562,0.22199264871738883,STABLE
2428.9648749431262,-46.38515717052379,15.147828107567406,0.5154385540543671,5.6359913279987115,34.45121042014991,9.754935134863926,0.5960551094634312,AGILE
2412.738612172475,-59.90962023351075,4.567502645030897,0.0,0.0,1.146948404883454,17.10251670785683,0.38659232137258537,STABLE
2480.280129011583,-36.946190645150295,69.91731318266756,0.0,0.0,13.374662281775048,9.414028712082661,0.733068775814545,WIDEBAND
2489.540226259421,-42.73357385583627,15.333763239014171,0.16332232816470094,4.4938479044769055,26.963343198938848,14.539532479844237,0.5455627640448183,AGILE
2422.013762466547,-60.09131364926557,57.333332642494554,0.0,0.0,2.3949963041352555,3.7380108496642057,0.7723115335492177,WIDEBAND
2443.3734973687483,-59.51874636274575,9.744997004286107,0.0,0.0,2.386678062304031,15.317555898942471,0.285418665673318,STABLE
2461.3713816725917,-51.25484131469587,9.798462143622219,0.0,0.0,1.9464936095597234,5.141535914414758,0.18621107739067463,STABLE
2484.7503185809537,-39.872069949181125,27.603244906412954,0.7577153785451981,5.972584407184939,29.56271197011546,6.26986873824081,0.6593234091856517,AGILE
2494.99052593851,-48.90343137939163,88.16410319753678,0.0,0.0,12.314191153697639,7.255376417725132,0.5645413506670955,WIDEBAND
2436.671251629121,-41.19264958186011,19.642921707618214,0.6415919787637137,5.510796575164118,1.8294438806761302,17.077559866601874,0.5603109359684968,PULSED
2422.248225212874,-58.223162764080506,6.337428328097848,0.0,0.0,1.817126801765654,11.2741597884255,0.30362792475612743,STABLE
2464.3863414734064,-49.14216530386676,30.831034876261292,0.8318836636573531,6.419240520903376,33.276307367691594,6.474746055514245,0.3152022061671135,AGILE
2448.118044100983,-43.41699028245149,60.51885661109639,0.0,0.0,8.868450861447435,4.473124826955665,0.6805813379012852,WIDEBAND
2450.5276922293097,-47.9827711162367,7.64268966197222,0.0,0.0,0.9446891510834675,18.69730625520812,0.32637296612527983,STABLE
2489.328398637398,-55.30585519183151,7.880291204608297,0.0,0.0,2.1260145445379184,18.06628789789546,0.2720887933119044,STABLE
2490.2127723351646,-46.16050094857239,19.028030864072942,0.494894821246853,3.4593255202595583,30.183864509552475,9.791070914838427,0.650393660597137,AGILE
2407.7452577754107,-48.649350825414025,14.285396160454821,0.9853416327327262,5.6898703014967165,1.1787797985781467,14.481997239949653,0.24708559960415957,PULSED
2490.9051019798285,-52.606108595785926,9.649875779228205,0.0,0.0,0.9295623346469489,15.57860088187757,0.1590584847091917,STABLE
2457.121907733371,-37.57359139323046,21.55154575983289,0.9155881151677647,4.007838754722793,3.3483455651133864,16.526828569899234,0.5099167598558849,PULSED
2402.7664180906313,-51.55387430032459,7.692899355659924,0.0,0.0,1.922414943755618,17.12277215056887,0.2534958632350892,STABLE
2434.3354184300356,-49.452495675237856,68.2588773091278,0.0,0.0,9.364537774007859,10.872760542418458,0.5870981261313504,WIDEBAND
2440.633286732109,-45.4558269983899,25.30487920889264,0.5236300641905988,3.8536668076711424,27.890490196702846,10.753949231685194,0.6144227924542853,AGILE
2418.444596088684,-49.15148910948051,10.6200793857339,0.0,0.0,2.19947394275711,12.243617485566068,0.2939745134462521,STABLE
2493.360896299158,-45.16061758739031,19.40504627743406,0.7634125690398825,4.698813415293967,2.263537651970572,4.746085831712705,0.5691763229393151,PULSED
2442.251706957901,-56.48514227200777,21.52288208528776,0.9908347118829,5.056371435559397,2.264752739545903,13.6507160482305,0.5320745705264183,PULSED
2472.78737130226,-53.97426788687497,7.773919258257231,0.0,0.0,2.706975698658063,17.416110047900307,0.23074120957697666,STABLE
2435.5281539552775,-59.20050417787533,7.305234332802937,0.0,0.0,0.35694765261897743,16.770633637822222,0.2571277923941741,STABLE
2451.4352835923,-57.71839573344869,83.13725043209678,0.0,0.0,9.022818032963626,7.552277910527767,0.6117589981696347,WIDEBAND
2472.026619474723,-34.64399122159221,25.251706788018645,0.37047413348935265,4.414136446674558,28.974972619139393,7.077936643505417,0.5664752103904716,AGILE
2427.729441917201,-46.040183096761936,18.541157278473833,0.3584543584404629,5.585993564478793,30.464296664974288,12.196327745683682,0.545721442637473,AGILE
2443.821308003922,-46.142504459410446,62.08947476166608,0.0,0.0,1.0,5.459128126786723,0.7508426223909521,WIDEBAND
2408.219076322172,-44.96595843845472,29.270324228062417,0.10816252825892897,3.919458329195846,34.83136892189627,6.666386406460694,0.6160116372846354,AGILE
2486.975605316736,-50.08026653107421,8.023841864416378,0.6577718505130183,7.493618052359613,2.273445415581291,11.670330391363567,0.3701934071752139,PULSED
2402.5052240937453,-38.53331830539233,82.25444160643536,0.0,0.0,9.101328009044645,4.2000139334947475,0.7297442940354406,WIDEBAND
2494.6554888018254,-29.11271201500362,17.899914849845374,1.0788506657742365,4.00403266762427,0.6501073700492883,9.559952249594378,0.32218226257006066,PULSED
2440.0070668026906,-50.258091080907384,19.35031905791312,0.8978060408516831,3.804432330468839,0.6834624739120043,16.62411006091542,0.4925536440895627,PULSED
2430.766546637903,-49.64286510206227,6.450979876973209,0.0,0.0,1.0048427579269095,9.425288130685932,0.21606167509869767,STABLE
2403.1341041459855,-46.12979352217588,14.729774825102018,0.7351216938794759,6.352394602317515,1.9902261833603139,15.800107979684292,0.5501801957972496,PULSED
2497.734679744869,-26.40078349505886,21.077918910243156,0.5983569380071597,4.383792048535102,19.736625592133667,14.19430961855517,0.5941176409081129,AGILE
2479.2023242829773,-56.46116825034917,10.644271788156953,0.0,0.0,2.008674670612746,17.0106946033179,0.2596914791292308,STABLE
2422.2293340190536,-47.711510988811106,19.025599880565657,0.41261146595259074,3.7073073338407454,23.196541205332935,10.175079307436356,0.4611535336266166,AGILE
2445.725123595874,-53.95484531393381,75.06090219301001,0.0,0.0,14.979103768628597,4.530577278153144,0.761881353118158,WIDEBAND
2416.599291148703,-48.11046145290407,9.084390571448512,0.0,0.0,1.69574554038988,18.396954591050488,0.2395019177971493,STABLE
2403.5529918029024,-39.90600961577067,12.144550071482968,0.9279739780123109,7.489341673771349,6.9710429772885965,15.758239958244348,0.40706095517253577,PULSED
2497.721804772762,-46.206525755167235,63.554860832135915,0.0,0.0,7.186187061587569,3.5952617288973814,0.8531889883730529,WIDEBAND
2494.4529665852624,-51.11431613668263,7.6516508755576025,0.0,0.0,1.6105787403794423,15.479503530300192,0.30178904432224835,STABLE
2422.237968056033,-54.48519794528527,52.76907360480689,0.0,0.0,9.426254249548085,6.163692551902046,0.7179871381196524,WIDEBAND
2426.0899116085266,-59.719917756628014,20.951434458872384,0.7480519433956855,5.854119862491659,20.01945398995206,7.697354858429039,0.6151509839660325,AGILE
2495.0661503743786,-51.10578144235307,83.16226843962055,0.0,0.0,4.516181964083774,4.924060446243822,0.7714329332010407,WIDEBAND
2430.773087841343,-48.26475311286921,69.21517854830182,0.0,0.0,9.272474026284604,8.614066169514576,0.8410915726346172,WIDEBAND
2487.2583602558425,-31.59365972507951,24.398401246710858,0.5351548596628853,6.5606241428896155,14.079768908880764,9.686369699726034,0.5431761891136001,AGILE
2446.7992966377296,-46.471804262414,17.171720936879254,0.46697064264753446,4.754574152992163,1.4768498752044028,17.956874010933323,0.36318565039115375,PULSED
2459.603387938941,-43.15814091393584,18.21304611880018,0.8504893174656485,5.216155332566974,3.855608926806587,17.986742253916592,0.34505657123734157,PULSED
2423.804942885595,-54.80299809571465,67.84468282494835,0.0,0.0,11.423492484316053,2.1117164365705783,0.8888314337245327,WIDEBAND
2490.3387686803553,-61.9223074387897,45.626960885299596,0.0,0.0,2.626114093057277,7.163609007122397,0.854401523242652,WIDEBAND
2482.3149864515235,-48.90272117127912,56.78942070820386,0.0,0.0,5.753727846633291,4.536281877061305,0.7709341367374339,WIDEBAND
2464.756667535542,-45.86847531127785,18.173490558815768,0.7208284556081257,2.0055663298119515,43.746857380696824,3.028159165385755,0.6550847394228726,AGILE
2465.5814507633218,-51.32612089162424,26.881596490202902,1.0265026068926522,4.494986184793671,5.152389378686985,17.49725964523532,0.3961883079048406,PULSED
2481.4115229414138,-44.550909038481265,62.073883889927764,0.0,0.0,13.237199129562356,11.785173324126996,0.7438156052586373,WIDEBAND
2412.201296323445,-48.20594005020952,21.53312395645703,0.2735956070224299,3.117756890231369,24.999063606994508,12.806982528227094,0.7932956284679927,AGILE
2480.152207711764,-55.02529934994891,77.89979672071304,0.0,0.0,7.36055045966185,8.809427395242604,0.6718279893039081,WIDEBAND
2487.6839192928046,-37.337522667822604,26.131812132692584,0.5848274497671047,5.141824825272293,19.70023921110318,9.441321927127326,0.6502207414437865,AGILE
2411.3059336781876,-29.806836127027044,12.143529275049838,0.553914558446557,6.3770965576379615,3.181696700563092,4.864409658123588,0.5182970197702214,PULSED
2465.2222046617594,-43.31727824246781,11.572522189331918,1.0389996514100306,2.065440775981657,2.8274942854484433,4.014534200409925,0.386819014126931,PULSED
2485.182600613701,-47.45518457387823,53.54038987304539,0.0,0.0,8.028501034127014,8.571743284719858,0.8914065688717236,WIDEBAND
2475.1852442662203,-41.48553396299579,22.39915297857612,0.756610021515392,2.9131938489730063,16.53903684299545,8.538218592116536,0.3858958705564317,AGILE
2400.0189653518246,-48.47852802077427,45.183350855909374,0.0,0.0,16.054729878789512,4.924823940349693,0.7967125409043324,WIDEBAND
2488.5745966390173,-46.85793805808061,20.476357787981993,0.7286123648602648,3.6026559191450787,28.55657791392292,6.770915736297294,0.5597485312989714,AGILE
2406.8962095594434,-51.77148813837347,67.27658465372043,0.0,0.0,6.864255001016954,6.912529067811641,0.8215530863332486,WIDEBAND
2427.516354968001,-36.948433690517824,7.238764676881818,1.3045663859480465,4.489657763362269,4.2821907643242785,13.230002059870905,0.5080903244892443,PULSED
2490.65113834452,-54.10567140680491,51.051464552073625,0.0,0.0,14.053845250375716,2.7418150111897304,0.8018184853667851,WIDEBAND
2403.4658882471786,-49.3277880965319,35.023570890492024,0.0,0.0,11.30897771484772,9.333465042892065,0.8984897964446779,WIDEBAND
2483.9633700637,-48.37136444561084,81.83302019590187,0.0,0.0,6.357562545273163,11.741365961999733,0.7431302149400754,WIDEBAND
2479.590485319628,-44.26134646197981,23.464437789204535,0.8738667103393516,4.4824454264915,4.13352824294577,7.581185521979435,0.44266438541737413,PULSED
2446.0932149323035,-51.35800077424788,59.05026085063511,0.0,0.0,16.21996440109107,3.0776641889455654,0.7093775647068729,WIDEBAND
2467.4153067293964,-54.126218113936694,8.786459553969655,0.0,0.0,0.8104141157493,6.507830021250626,0.18327734473844792,STABLE
2424.711928836902,-60.6312672838554,6.650703563635353,0.0,0.0,1.028583312748803,18.188573283499665,0.2693918558115225,STABLE
2468.8729586264712,-41.56505793970935,26.655125454410204,0.6898991135709219,5.020444114119708,14.11800783274782,13.040592507057411,0.3303887694207098,AGILE
2405.678103404507,-41.82857225873988,33.5835212066196,0.8812611852965749,3.437214313879961,3.608192850014048,12.400412184401278,0.4183305284333782,PULSED
2421.270480546446,-40.4545562004309,12.75212586732522,0.9690304838250187,5.545163966887767,7.0197725091542065,6.291842861264019,0.5346864842987502,PULSED
2492.480842931203,-56.343152901283,8.484993582542444,0.0,0.0,1.6412586867629688,6.588461056261299,0.2554293868976725,STABLE
2439.3771311400405,-57.82005231409209,5.211768312493171,0.0,0.0,2.0608288214976853,13.914842671809849,0.23134559967564564,STABLE
2468.7826829376227,-60.048760918567886,7.450291791939032,0.0,0.0,2.1236968165887196,10.644211165227969,0.3182121180070338,STABLE
2467.1424258192333,-42.02527425241363,16.848291903131365,0.3507641862309148,4.0621969371772435,27.744705402017043,6.3758653809850125,0.6871743822473673,AGILE
2497.6952374393077,-57.44369042814374,25.060966891664563,0.8399290960988851,4.947388842770047,1.930468118898828,12.110852321384534,0.4497676053122084,PULSED
2447.8029376398936,-45.926170440541036,9.76244678073528,0.3705494356445246,4.608304867859736,0.6758030022959458,12.723718354319299,0.4977546585119787,PULSED
2478.4763449252187,-53.106369978457955,10.411707241776467,0.0,0.0,0.9167329298051131,16.952256324877425,0.1211626582156807,STABLE
2438.8082350113714,-23.546903734736567,11.271022012474962,0.7687253197920545,3.291521466555531,3.2244282480600983,4.984626410146596,0.517590402098651,PULSED
2427.982344153943,-43.49167546411857,28.7460892969469,0.6290660343427655,4.013130922472498,21.334064007832687,12.797514132796671,0.5737722074823828,AGILE
2441.930098792781,-55.35569587615559,6.541426127252677,0.0,0.0,1.168421547331313,11.600751623503285,0.25017959747199736,STABLE
2403.189720843703,-44.04397837756011,17.676457025451114,0.9096013008455924,5.189964244508632,1.4194594855618998,9.994725807235586,0.4840082507250745,PULSED
2428.8100415847853,-50.935297360987576,31.07941553780846,0.1881532967297555,1.8393374556067634,19.92229514351037,11.832888596603771,0.6454844886078885,AGILE
2443.9724934977603,-47.65193025799888,68.38689426018449,0.0,0.0,7.013131381074409,8.932038567302682,0.8596800208157249,WIDEBAND
2400.4392713739444,-46.934621628558986,18.897500276776558,0.7738793368673027,5.548843253990174,23.817002524449226,9.797958413692218,0.5835658159487237,AGILE
2461.954254274251,-35.060738422525404,20.94575195584189,0.491218688474079,8.233167675789339,17.06700364190425,14.466508753369384,0.5832784888076624,AGILE
2422.743996679393,-43.09642172629737,10.986516856851448,0.6594197320028272,5.199225261075964,6.248248969908228,7.112604986193915,0.5919748273269965,PULSED
2465.324567729242,-45.320334454601976,18.649831460579982,0.8089074283726417,5.311003847540098,6.674686451352316,10.273657725724846,0.4226278131599664,PULSED
2446.406602990191,-49.179012309647334,20.306060593521735,0.8485340664868762,2.4151642143755536,4.4142758333141625,11.915531385580572,0.552700959855896,PULSED
2416.0197679496355,-36.36749215436379,8.41721060649115,0.9989026656807053,6.277244194903307,2.6825996676485273,5.333950049269328,0.4657079171249646,PULSED
2415.352829404463,-57.52802364787419,9.957185727329929,0.0,0.0,1.0693607237466805,5.247368884664748,0.15512135310934044,STABLE
2427.852578458158,-40.87745434017137,9.141871982545936,0.1,2.5367976424445935,27.2579769741372,4.236955698319155,0.4656453932760493,AGILE
2482.9986648984886,-61.20181399311347,8.983860402712619,0.0,0.0,1.3581802708128003,6.937462941535967,0.3143520018826117,STABLE
2493.2113448371174,-55.11389559808517,7.915390548654803,0.0,0.0,0.8316957689215704,12.609859693896043,0.20409423238615498,STABLE
2411.895331074021,-53.7303416032297,9.772787919135904,0.0,0.0,1.8926133671950551,11.975211979839095,0.2673615494174267,STABLE
2464.3865120080663,-48.236552758191806,8.935018684504092,0.0,0.0,0.8125660296934094,13.318771805237523,0.19246704395026007,STABLE
2473.8145780365594,-45.60517033649032,99.5400819841629,0.0,0.0,5.501168403435447,4.508188562140681,0.8210805842790095,WIDEBAND
2406.161266466522,-39.69188955117467,59.57820062032961,0.0,0.0,6.141013081327731,11.530827942971614,0.8623361503622244,WIDEBAND
2419.2114224249212,-54.81292930801223,7.964302723415217,0.0,0.0,1.2817903618631659,14.868376721089922,0.25437209426970947,STABLE
2437.4454457617203,-39.173129737458716,17.68020959381588,0.8815530965869205,5.3287152093630805,33.70485034200665,7.839896038178264,0.5043645501691637,AGILE
2475.671742682354,-39.747790874781494,27.19969044995927,0.6406827718728619,3.84895891978871,1.9641709086893133,17.826967122751807,0.5403494098502682,PULSED
2496.5956035753343,-44.00578279699203,18.21281748226959,0.8257211268065999,4.7385097780205365,3.129288072558394,8.165002796298243,0.4095427838432679,PULSED
2490.956237702314,-33.94557052974241,23.21358056966343,1.0652541566397455,4.505754069567565,3.8050783080634565,16.620658803358808,0.32952862850800746,PULSED
2466.72952760162,-53.016595796207056,8.641492568002818,0.48717984161932837,5.134351089733253,5.960467537445327,7.149555469140155,0.5756434880575212,PULSED
2450.927207518668,-36.01480958924305,20.47110059639248,0.722692319012379,4.531571356148891,5.1232175014992025,8.876758575787317,0.5297434148560696,PULSED
2454.515324450463,-46.04495363447496,51.07090338458225,0.0,0.0,9.268586174713041,9.894511935554089,0.8637532016571333,WIDEBAND
2465.2587340560103,-50.03207093921765,7.406858092930583,0.0,0.0,1.5532366526873638,9.322334212736926,0.30937503607569117,STABLE
2424.428887849789,-52.856638869369114,67.98748484699578,0.0,0.0,12.342339516894896,7.377874479064747,0.7576309524009409,WIDEBAND
2410.27767608384,-40.88628745578353,13.193607888476691,0.41288795356892277,3.909121626994656,3.2303333649913695,7.131946762942901,0.4396885673405789,PULSED
2451.7308425345445,-42.68971780561513,17.23190703625196,0.862233790646277,1.8349893359079172,21.58116182746129,14.46793129493888,0.44703605568517457,AGILE
2459.5477756391383,-43.04742565918362,14.299695043745718,0.8022944231397344,4.857320391247321,24.828780535216822,12.61138912892673,0.7607317899782017,AGILE
2443.054185970045,-42.63508173440309,66.39250928528705,0.0,0.0,5.1610747191746,9.650655888620086,0.7754939357507555,WIDEBAND
2463.5007915860806,-42.362558213780005,10.481193092386144,0.0,0.0,2.1280487345999886,13.880043311733054,0.2192203150481954,STABLE
2412.408599705781,-49.137976067849664,55.13710412989111,0.0,0.0,10.350304041565085,4.720353883592564,0.7154428250848451,WIDEBAND
2485.0184127040893,-47.27677739509924,13.29875056985605,0.9168874479938558,5.5424259629410715,3.073663590950087,16.214788644164027,0.39116421446080846,PULSED
2403.083675731241,-44.487083773494255,77.28374899841884,0.0,0.0,10.55842606014189,5.600323014992664,0.8642103791709254,WIDEBAND
2405.93906104732,-51.30493840298634,66.7650443705513,0.0,0.0,9.617525679930043,10.402940644749076,0.7992783119633405,WIDEBAND
2473.8630382119845,-47.8020064112706,27.2025795612129,0.7179189878717833,5.1079260749851905,5.52573240154711,9.176579555922482,0.45576758406718043,PULSED
2461.74644435817,-44.95389690730314,21.597809157989673,0.6651150891559354,5.827891581963,1.0887420151918041,10.364649536895019,0.3533380608459157,PULSED
2429.6938737817723,-45.72462112132811,8.48014302528416,0.0,0.0,1.2658366684628104,10.19610118961613,0.2718135079036756,STABLE
2451.2549332529693,-42.75801914389901,28.47333817283895,0.9286997823439065,2.970270787770123,31.546605720712147,12.73113617127845,0.6182616343003802,AGILE
2415.3213187617202,-49.48886930799893,17.751229262025838,0.6099746397301883,3.737369358408383,0.2561049385960832,7.193529972751135,0.6088325088889219,PULSED
2455.5712132741396,-42.627266705312195,16.209728603946573,0.6865605663093135,3.396725893933513,4.155281153054339,16.389580019818485,0.42426813210864284,PULSED
2410.216692447206,-47.55169851085272,30.263455453953522,0.9831234928647538,4.893816153473323,12.50013543443736,4.722993816888048,0.5883697099150702,AGILE
2440.1482677723175,-39.009191413258065,13.654120456346739,0.7348719614500704,6.137419813020866,6.974334386916383,9.79480376149855,0.4113129352461474,PULSED
2400.0571056403173,-47.522002817306685,15.16658121581355,0.9262640865499067,5.936537816732084,1.7389720069896346,9.007491067278313,0.5263607964496813,PULSED
2481.4902259052,-49.922959221832826,7.105072723587036,0.0,0.0,1.1591315438151477,10.845067789742984,0.274521510241442,STABLE
2449.426706363393,-49.72855371404864,17.913361145467448,0.685108753715788,3.727272688064996,28.99616052198177,4.553751782219253,0.5385368858550768,AGILE
2497.957446398168,-39.2545183147053,14.92666008743884,0.5764883221125829,5.11289938973537,32.428608932504766,14.591768910225223,0.5835436066782794,AGILE
2442.0801672869848,-45.71891227366737,15.335818631637675,0.721736940124202,4.009254048001353,20.81670131977112,9.772631259350078,0.4430203200193302,AGILE
2448.463457365244,-39.33896662443314,23.879800737190568,0.302738308845703,1.2934358344956038,24.666002339989152,7.483175884331562,0.5895708843268607,AGILE
2414.9762399244596,-58.153604978791016,58.94547032586086,0.0,0.0,15.151256517467925,3.564077482091144,0.6577735045475179,WIDEBAND
2490.81228185288,-53.59997459529445,22.32118726666076,0.25356175526486185,1.0,22.247890871013567,4.0274559640370935,0.46384629873644473,AGILE
2463.710841317824,-57.016747615758064,4.28302412451804,0.0,0.0,1.8618032981617547,7.48425770810601,0.143096050053934,STABLE
2493.146192930889,-61.60396758540616,7.523127298039395,0.0,0.0,1.4081776407984619,6.454018126839705,0.22871816182241936,STABLE
2457.3134731856694,-53.19373049672182,78.87364742539171,0.0,0.0,11.2524546219378,7.822473531243265,0.9060778443552544,WIDEBAND
2408.4344894438314,-51.54226484969074,5.993365219276631,0.0,0.0,2.522024153392219,17.14368803491078,0.26699720788903875,STABLE
2493.1824290795316,-60.6492256133788,8.402689706429843,0.0,0.0,1.8516129154331429,10.139035349754167,0.27816163957724643,STABLE
2446.765245245021,-56.13733306923567,6.3604921424583125,0.0,0.0,1.589080343518489,7.302973195055712,0.33864361989848013,STABLE
2415.717583235464,-47.49675551956937,76.50616350728849,0.0,0.0,1.0,4.338783425831911,0.7021887992742389,WIDEBAND
2413.110869302622,-52.98050124036739,8.849931794872298,0.0,0.0,0.049573546164332294,19.32347587783711,0.19107883481018195,STABLE
2440.6590543882994,-35.659568638946574,20.05605145495824,1.2912054654635488,2.620356354767095,28.559537136525584,13.267071048717364,0.656567712116558,AGILE
2408.887128593342,-49.330024564024974,28.60270372703467,0.7180100207721045,2.547197615421991,29.07182907641845,14.571942044647558,0.5533428054347476,AGILE
2472.04872228068,-35.078506963604795,61.25388916847966,0.0,0.0,4.411670699815138,5.040665738553892,0.9371411709374062,WIDEBAND
2404.836742619915,-42.05174641435042,15.3003041070363,0.9539874842870186,7.234990606462847,4.943401330125261,9.857453765289023,0.5037723982560566,PULSED
2408.1869272482772,-48.88816661892673,29.439112440555636,0.8227304276380906,6.435568293337431,25.081674292502036,10.752237233931323,0.42524905139393765,AGILE
2403.8219275878737,-44.46836379955991,58.87238995159031,0.0,0.0,3.966815159807365,9.99368533922928,0.6273550890066417,WIDEBAND
2450.406390656455,-58.96180069613193,9.163700878614158,0.0,0.0,1.881282373859184,12.536194904464075,0.20260081876794384,STABLE
2489.2430974132876,-48.70907099146893,17.145148606788517,0.49793827287765846,3.1101262114274277,17.65329801807163,13.804200275152636,0.7196639678142235,AGILE
2483.512579108073,-62.57433579314299,8.058847151169946,0.0,0.0,2.3230247357964076,19.911166586785676,0.2707435947880948,STABLE
2463.9811181423283,-61.68026029740553,54.616045567383196,0.0,0.0,5.807910694617336,9.45944032427188,0.795265701749194,WIDEBAND
2418.194786008662,-47.71661834570713,11.662703790807424,0.39905696118582507,5.251483697027739,4.145251706938449,14.965607846356836,0.41260348316063433,PULSED
2426.6030872621664,-56.5142447499069,7.914842757911112,0.0,0.0,1.5628789648920298,19.15697552155567,0.2819277624328863,STABLE
2447.628454308368,-54.43407906171342,11.988856989362144,0.0,0.0,1.4070405725121968,17.817346045482864,0.22624492213536412,STABLE
2411.934188356321,-49.263023034481925,56.180347699469614,0.0,0.0,7.7577071876926,8.99020934268665,0.7422202686490358,WIDEBAND
2489.67553715907,-58.559321109222154,7.348909976960936,0.0,0.0,1.9079185987812286,14.722755945007014,0.22628535129979171,STABLE
2459.2185212130253,-59.86045782747899,75.64047060298,0.0,0.0,12.965785186932063,5.481229982576739,0.9376806601038397,WIDEBAND
2442.0083565302793,-55.645202465596384,9.108660009264781,0.0,0.0,1.6845378419045005,19.956035166143653,0.25452397258876375,STABLE
2495.612372395996,-38.69678994641736,21.731754569398717,0.5653049618581336,3.4809029429094047,32.3373670818533,10.345415164597927,0.5049668775461624,AGILE
2404.5425908147577,-42.82261543382727,68.83358210179023,0.0,0.0,6.017940707534214,11.441153505333782,0.7436113143632278,WIDEBAND
2483.4275275572727,-50.4752190138021,40.96645388242695,0.0,0.0,1.905667516615969,6.402350320320448,0.6683887895260938,WIDEBAND
2436.090279349128,-47.7974776005388,8.807176140562206,0.0,0.0,1.6499741377380222,12.295376348999284,0.15783490245731657,STABLE
2497.768304772988,-39.782288838097514,16.27486437959531,1.1261481268649933,4.243558823903413,0.32373106308944877,8.157671119976754,0.3477151813507202,PULSED
2423.3983811939534,-58.59520567975295,96.38439768653691,0.0,0.0,8.200977592832988,7.733020488551594,0.7994296696978032,WIDEBAND
2486.7977080494848,-47.63068323915605,49.237098464968966,0.0,0.0,3.988282180853929,8.169377996806558,0.7011314279095013,WIDEBAND
2456.9442160577687,-46.90532229601899,11.63798571040979,0.8767632267614134,4.445050474358697,4.370072094730611,5.895186437029802,0.48094396435396214,PULSED
2403.7166120758106,-44.26403339180708,19.33897873238889,0.8411012238401322,2.540174207700366,16.514264694966997,4.942284169097176,0.6156253174895508,AGILE
2470.8157553842634,-59.8569179133566,9.7561171578164,0.0,0.0,0.4015975864915686,7.211389302283788,0.2607244577971796,STABLE
2443.4035615756316,-52.978259943638854,6.312380042950553,0.0,0.0,0.42010607016342694,17.703113046708687,0.26115007465113493,STABLE
2477.05593027851,-54.60410018849052,7.071176361537639,0.0,0.0,0.6887446456917764,11.905933806395351,0.24709096597176064,STABLE
2418.871221002892,-63.984239020567216,5.379406500469122,0.0,0.0,0.13018280618777434,16.39011650033581,0.18290165096760735,STABLE
2450.3750567133097,-40.126547767147414,23.412107258084742,0.7224761728526423,3.7469335813086095,4.152188957845032,5.6168022307212855,0.33314197552224395,PULSED
2489.174230231792,-54.51570492945702,19.163591545396244,0.41445447361840715,3.766727648019483,0.037382813433248785,5.070866093513255,0.5787706961847275,PULSED
2426.123118092597,-45.71861456896388,67.12008237371005,0.0,0.0,12.714356613343845,8.132522264631802,0.7160599222103827,WIDEBAND
2444.615627557403,-55.59091290705654,7.153403375911693,0.0,0.0,1.4362254312748808,10.427189158300855,0.16317325165461477,STABLE
2495.889896599193,-30.875281951846084,71.25480422371528,0.0,0.0,11.63572145665517,8.13303733901718,0.7610475330588277,WIDEBAND
2491.4146307955134,-40.512868005613214,10.348748441499696,0.4896016768547311,2.15018786971984,21.74313114089313,3.8353565624902175,0.6511821176235576,AGILE
2403.3336774896316,-35.72059146514218,80.86584919223841,0.0,0.0,7.759474475322103,6.995094216780352,0.8016482383961817,WIDEBAND
2444.265601516026,-58.1292318687183,6.112092950555995,0.0,0.0,2.5409266789216245,12.235640069436716,0.2862996025407324,STABLE
2461.966852596986,-58.519510510425405,10.870600313290879,0.0,0.0,1.6950019843213182,7.06996276021858,0.2759556671035691,STABLE
2445.1685495805746,-46.893928410592935,19.09938681511683,0.671625937200486,2.851338776657723,5.872226249859414,9.236644858795106,0.4056165858566673,PULSED
2441.987439162662,-52.09657887136706,20.368109717017713,0.5859335364336852,2.4636798171841736,23.227988108889242,7.90060509960185,0.5495650400655987,AGILE
2447.984448037739,-56.407452633390065,13.787589787156367,0.7407756102216766,4.499494127429659,3.3344866033402507,10.704326985089207,0.5623164842840009,PULSED
2461.761802491388,-46.88192328228046,70.10513848874096,0.0,0.0,6.912630734527977,9.150529474613574,0.770724907148988,WIDEBAND
2414.571976173338,-34.17011604320062,10.593349696249316,0.5722243637322378,8.365354991283295,3.4538054320880507,15.496685314670653,0.40339598853214675,PULSED
2434.963971538424,-38.94200462427625,36.19493797566112,0.0,0.0,9.559700375741293,3.6364896750993774,0.763664820413042,WIDEBAND
2485.6496000901593,-56.39710429669351,11.830869383145721,0.0,0.0,0.7744504119232793,8.752565792075444,0.25089315251245575,STABLE
2482.5153462340536,-43.10183592214256,14.127175170885666,1.038301220872822,5.783871109523388,6.198832881939681,6.8294014662607,0.31404187625708446,PULSED
2466.4344868434255,-48.261432217350766,7.910009584713987,0.0,0.0,0.06867647877562622,7.405839861016041,0.15040672711481873,STABLE
2485.5605460596944,-45.25128976060123,12.978508338046716,0.0,0.0,1.857936568961903,17.811331199483163,0.2036082929894274,STABLE
2458.852204783793,-34.47527171275624,21.310238796521855,0.5427054221510826,7.986280030765559,13.524632807939518,13.194976722310745,0.44510217148278053,AGILE
2448.3998445736884,-43.7615712909648,21.668720049600388,0.6606340712509304,4.884189247934625,21.181737873039182,13.229115625702114,0.5943562193606736,AGILE
2490.0939889251977,-29.584723723420062,13.232176012623944,0.7611575819409777,3.8906535929768036,21.007637231530275,14.341508513799237,0.40385743653152906,AGILE
2413.810473786875,-60.59935330413601,7.115054114299978,0.0,0.0,2.336051732616899,18.529320352726913,0.28410457147448914,STABLE
2489.573083826515,-65.37442688045351,7.897314283310061,0.0,0.0,1.724965164738324,8.61114430286291,0.22975141581240302,STABLE
2477.202515989726,-57.036752636060484,19.472814219139053,0.3236740576087983,5.194005108868677,1.2974965118072936,11.625980855095175,0.49836323193058873,PULSED
2455.3540840089613,-52.932370571497856,8.758560068730326,0.0,0.0,2.5298648892840525,13.504066929790802,0.24206628060812968,STABLE
2427.0741050663887,-64.5249569423878,6.484776550915505,0.0,0.0,0.13328008563732174,12.138686519862924,0.4179818333102385,STABLE
2451.513337684619,-59.60330241118384,6.387436358630632,0.0,0.0,0.41180524992626055,16.742308484729676,0.2827193957180236,STABLE
2432.689835187699,-48.15848031433432,8.023432835438731,0.0,0.0,0.40671096236588955,7.24912216901091,0.11683154448261684,STABLE
2497.284154948554,-50.08816022216934,51.86784154914926,0.0,0.0,3.134882948142108,3.435615546325113,0.7371226491601892,WIDEBAND
2434.3120529545095,-51.838704831950515,12.33429852428078,0.9588861428105581,4.950390084373877,2.207546903660083,6.073513128761084,0.3866791759233839,PULSED
2450.21898800079,-52.36617227533933,63.76461870139316,0.0,0.0,14.61385291169327,9.659913236269022,0.7714494503740591,WIDEBAND
2474.1446806587714,-59.0102480997972,9.80983703738777,0.0,0.0,2.4299704037455965,19.095803720342,0.1923402194845408,STABLE
2466.948018821303,-47.25415840046694,14.757909375157968,0.8128886408312399,3.6236447260802844,4.857606435667821,10.533892541149289,0.4436636767209591,PULSED
2420.351425303352,-57.92311501963447,20.245535903934776,0.568217822920228,5.024223157450898,21.39175349163363,10.721465211636058,0.6119412938954704,AGILE
2427.958994938535,-35.43058802041363,35.654808782340886,0.0,0.0,9.444928476408581,4.081677825079938,0.8206181677071,WIDEBAND
2403.017655291628,-52.76753315806157,23.14059547988055,0.5215907110872486,3.778127883678737,2.468108119946616,14.598559313231567,0.4996637951317919,PULSED
2423.8738533895516,-50.33350908163441,68.78709259944529,0.0,0.0,3.0991368164146387,10.62352289418247,0.7229644886747673,WIDEBAND
2408.3955575375726,-53.13139091797649,48.77828961981811,0.0,0.0,1.3092112266077889,5.827350225333877,0.8382416283564385,WIDEBAND
2402.6935765408784,-47.09421435432713,5.0,0.2,6.526906592340859,6.460516915759392,5.406381281169425,0.4258340133736494,PULSED
2488.484759226438,-34.572533364465635,21.245230644778417,0.5289300997911606,4.648794447977773,3.742611522910594,15.39135307258968,0.3724105581751247,PULSED
2476.618863360252,-25.626629030921613,25.62544717632546,0.4386715492642309,1.0,30.50524110080261,10.54468304401389,0.59313615857437,AGILE
2426.2151114516732,-38.95381930079465,19.582741984801515,0.5517805100274766,5.763400507346277,33.17429176125613,8.868295582312744,0.614145100641175,AGILE
2427.5117076633633,-43.7660607499027,22.49561741999556,0.4319323460415785,4.65764220513494,5.65830659075824,4.0469967944181775,0.5673867049661985,PULSED
2490.762457751948,-43.12610559643632,19.307263275402267,0.7584475216047323,7.905256443544182,3.7185952266313826,15.15236710943392,0.4162085512633814,PULSED
2482.0564527099486,-51.176108482853635,47.05960394181964,0.0,0.0,4.141642504221939,10.008695121758835,0.6181637164873756,WIDEBAND
2447.979850275515,-44.336902958453656,9.317594736732385,0.0,0.0,1.4918431074999632,19.181248586599228,0.25955786702977846,STABLE
2457.8977524750244,-54.859868103312664,6.80050110176227,0.0,0.0,2.796056247308841,13.440020207478996,0.23691825231373467,STABLE
2477.399882209465,-41.37467068275307,15.947717044804929,0.8090506598149567,5.900839978013693,4.161850466504324,14.106658533691801,0.5401589001824897,PULSED
2417.433206473369,-43.232488460878855,56.4132008554396,0.0,0.0,3.913159821608666,8.4362244070807,0.6750029883500764,WIDEBAND
2455.153368595061,-49.76342405435816,69.68368758086596,0.0,0.0,8.487371812699052,9.50263356605312,0.7885917259509092,WIDEBAND
2487.325093597311,-34.08734355336065,14.29682713567884,0.5885054540734961,4.37276416526066,32.20633005991227,4.426919203150504,0.3290377686162368,AGILE
2484.5780450949596,-43.140381389599064,45.911725368108684,0.0,0.0,4.531912304568824,5.056129167324126,0.750582674942952,WIDEBAND
2499.65278191413,-51.14419263660272,16.962560225948803,0.28283564313758625,7.0142674467853,28.514371410474766,10.618417894144024,0.7222001762345575,AGILE
2446.453511230918,-36.10825304728088,26.14767870632521,0.2550660802427964,3.635393467271299,28.739368538827456,6.686758593479616,0.7253352992609825,AGILE
2474.998353793527,-57.54348251451903,4.696481703641465,0.0,0.0,0.47514463452333433,16.660146912937677,0.21876469522867534,STABLE
2442.8906732384135,-44.85560674791478,16.152972749831793,0.7913360429786251,2.8696013702936103,8.0,12.049653826796913,0.5220609172429791,AGILE
2419.7809847259196,-58.004468462541496,4.689809313629633,0.0,0.0,0.663965032330958,15.017737382719796,0.253130399119452,STABLE
2467.1612808855857,-61.2435163150746,3.1744393381410196,0.0,0.0,2.7887495960095157,17.80017006716089,0.2256838440730401,STABLE
2432.901600790391,-50.99141310190862,24.472521696285227,1.0112563059141122,4.81894464329368,34.8675852314892,14.893059971676736,0.633737428439062,AGILE
2474.513918348242,-58.257478608965286,91.44176491244858,0.0,0.0,6.8463637891042035,5.398379340310223,0.7209971778232935,WIDEBAND
2458.174381389183,-51.66930619117181,22.70465063432995,0.7596164044642608,4.474698860560918,28.897146206607392,8.49260209536419,0.5553565282256899,AGILE
2485.4032179322116,-33.24433474755032,25.96364026073357,0.7311129362186813,1.0,22.924706412193785,14.80659540941068,0.662410678395954,AGILE
2442.0492541563444,-35.744794048956905,15.426024886283837,0.6971315763115412,2.354600822707214,25.50991871782474,6.925079752871284,0.4622345665087449,AGILE
2409.803874591165,-48.94863860059768,20.324092646928538,0.7640320623269052,2.7470756031091272,31.29540948451506,7.04492060330899,0.4919302472587652,AGILE
2490.851718285106,-42.40273039723457,14.770917982190717,0.3188656694125414,3.6805452951120072,33.90736522829964,4.357746615179951,0.6095879483996701,AGILE
2473.5459319542065,-41.08494997021827,23.909379594316874,0.9549344425579908,4.465563773553908,33.344963604154216,5.607700790828777,0.5195709725920775,AGILE
2479.7459117956655,-48.827262135768144,63.927757450263464,0.0,0.0,7.776368422896723,10.470642689407658,0.6750753711052231,WIDEBAND
2472.6862045371263,-41.645189333183545,71.04664909776999,0.0,0.0,12.403067561757624,4.71068319340522,0.6466191706925366,WIDEBAND
2441.1153137899605,-42.38591752749102,7.857652905842276,0.9342043641494668,8.722262964493837,3.7546475577705594,11.096700568610892,0.5094885600079747,PULSED
2458.74184757689,-59.80312619981484,59.162638933006406,0.0,0.0,17.866570431109544,2.924932883088283,0.7853067034265263,WIDEBAND
2477.150331469329,-43.31537094185924,19.34456395251802,0.6076109809192579,3.9154583481716196,20.52926675830912,13.950078900657424,0.632807599254817,AGILE
2479.2157528664798,-40.21937244803172,24.165301374113863,1.1451355476932108,5.635761823937036,3.83422092728396,5.559216533249818,0.3584399506054632,PULSED
2446.608742007562,-52.94672859720141,56.93632018580843,0.0,0.0,6.7772699818921565,3.855087229926915,0.8727523585558433,WIDEBAND
2497.8341405196497,-22.39520886859699,21.22247737385679,0.7450560338247068,3.3456073792788907,24.971879001145386,4.785545024581177,0.4450904007662965,AGILE
2469.728229598664,-62.54429484988822,9.020277431226882,0.0,0.0,2.7234507831738366,18.228608257083913,0.28433454521123647,STABLE
2426.930141191005,-39.64691997027547,18.12084984775607,0.8809962865344444,6.031064330948934,24.446181317760214,9.21691358804577,0.5047455557776601,AGILE
2477.287955772729,-46.57268155320681,54.12039754360623,0.0,0.0,9.60002694692434,5.012322938155502,0.8234278440669233,WIDEBAND
2445.4248660621965,-45.375211955023225,12.388679563929843,0.8586550412724135,4.97671905716021,5.487003204859147,15.679292587606591,0.4867191919419223,PULSED
2452.0115618361997,-38.25476071204436,35.4273212633757,0.0,0.0,9.781592020158783,8.045621400317792,0.7729029575430373,WIDEBAND
2406.7295261077275,-53.334788830538585,59.45266716552291,0.0,0.0,3.941749264828803,7.9835047652694,0.7415095223450223,WIDEBAND
2413.742633487747,-57.84806819746909,19.634023335358197,0.4223598093275063,6.516933114885585,28.002330958622988,14.218923837269106,0.3447354995204854,AGILE
2434.487741742468,-27.781027938695303,25.59317810016254,0.2844047487428597,1.6444299423656403,26.662176524880973,10.448328779774021,0.5183292612075151,AGILE
2459.2274950444403,-65.21667167135986,5.117298400531892,0.0,0.0,2.38797571448456,13.9018440888496,0.20530102367646152,STABLE
2432.312820614547,-56.574268784261,7.661314985957269,0.0,0.0,2.5177910894176785,11.698950351762617,0.2554776263305273,STABLE
2470.393863628208,-38.26876000512235,20.858756502745507,0.4527434410022285,5.249589921415062,25.31017064284826,11.319696363769477,0.4524529933298443,AGILE
2430.7535072420787,-63.68876355649029,7.864039488031191,0.0,0.0,1.7096286496595048,15.545501985483389,0.26139060357024657,STABLE
2488.042927578264,-36.866654058673895,12.486196613663218,1.251175549063986,3.39301403031251,3.309270777590527,8.38534222704815,0.6250341597495501,PULSED
2462.022833901315,-48.41296636525808,62.15397653000403,0.0,0.0,16.242728900197275,10.872704689328854,0.8031732249691503,WIDEBAND
2417.0346207390994,-51.80473791410018,47.11275303561602,0.0,0.0,11.017600528667217,10.601994632955838,0.6177073790762742,WIDEBAND
2491.6783556946425,-48.214782241553486,64.72176712158962,0.0,0.0,9.523847428715355,3.5124951989151327,0.7067500935535345,WIDEBAND
2487.795698539199,-49.69557882274084,10.861884005190111,1.1279614838701417,4.48774112956225,18.40744664320091,9.384971916386373,0.7689186077806087,AGILE
2466.62025447732,-33.19069905190171,21.558538321624752,0.5416099319974257,5.310490764549118,32.25180880141339,14.14918063698164,0.5878982258570069,AGILE
2465.2519200752663,-66.35167751987146,4.082817119205938,0.0,0.0,1.490144565656551,9.421609243618141,0.243794793185522,STABLE
2429.0917838140117,-55.93982738594854,7.918474947729132,0.0,0.0,0.9761698436564876,7.469117263730272,0.2227009911795532,STABLE
2432.476573774473,-39.46064621772066,8.453232177027465,0.15846720852867652,3.594307389408608,28.932354072759537,3.797667960760262,0.7082399552691462,AGILE
2415.4368456004836,-46.63536749023436,67.20495375933048,0.0,0.0,5.390447255507437,5.365746655102911,0.724987536457067,WIDEBAND
2407.1168822547893,-60.99990868486238,8.713425278071906,0.0,0.0,2.0974774485074357,5.211419681927837,0.31060382181189566,STABLE
2478.7745163103154,-50.06086942620741,19.97726631648279,0.9721286495287103,5.059842612801768,8.814651442949586,12.313286891356276,0.5441796266263277,PULSED
2406.9535467509495,-48.23315486995845,15.11165307627435,1.056389588929425,2.988989872892287,1.714271054419263,9.52219834223853,0.5580837844507449,PULSED
2484.4267884889077,-50.74258966847731,65.04627731130724,0.0,0.0,5.897568515006515,3.139680444733947,0.7999208565939676,WIDEBAND
2421.988263678314,-42.08724996201401,13.173747406342319,0.5971706676064993,4.477822302496483,4.37892781627305,5.953611326886237,0.36010143474952694,PULSED
2480.692297781992,-61.425441975067116,6.978245823341705,0.0,0.0,1.8279484679844538,11.071226032828694,0.12400588085649267,STABLE
2436.6052776749607,-37.741396128243345,20.624871140570942,0.5881257010724574,6.194208899840397,1.7975853258061418,4.541716992184324,0.34811765396492084,PULSED
2407.2454973595873,-47.88314498728701,8.421729204176174,0.0,0.0,1.3590295528304193,17.61680096756482,0.07830889779395964,STABLE
2448.48643835042,-24.945237533756462,17.66139302313707,0.9225957651932587,5.626234035116297,21.508087269564733,12.329318800541138,0.4662841036867724,AGILE
2445.984910306766,-49.42533636054622,77.83334792258293,0.0,0.0,2.531356269914342,3.967569974740022,0.8581010875665065,WIDEBAND
2491.9177691305213,-43.67289911025926,19.990107905607523,0.7748161264896308,3.241301866328591,22.66953690762659,6.639287077664676,0.5052507300242886,AGILE
2499.224720731325,-54.72214021123516,6.1478439192990155,0.0,0.0,2.4815527011487513,15.953986434200699,0.2936123718217854,STABLE
2489.2487689687327,-56.81571855682268,7.034419682550711,0.0,0.0,2.196444487535781,19.213033994989885,0.35766220327602155,STABLE
2497.366407317334,-52.557221180750346,9.038205995913643,0.0,0.0,1.3402945402578936,10.014101175715727,0.2553361324533571,STABLE
2481.7744264179614,-45.87390169350546,19.70045447690474,0.6690498215481022,4.636966593161021,38.220784726323544,4.5310235257679174,0.6668744804206519,AGILE
2410.2209308097704,-63.36122032387789,61.32689261761405,0.0,0.0,8.760286481976495,6.418420192411077,0.7481255281723613,WIDEBAND
2499.2344543838467,-47.63772524624248,24.35178566502443,0.4400642641379442,2.6448966061823747,20.277672471931112,13.724563550509059,0.5402821063932959,AGILE
2493.14497573785,-50.77126234168921,23.477068963074778,0.8182208699278307,4.801852923992852,0.01629561160042936,15.030703551574089,0.4797273932916242,PULSED
2438.7017115624185,-46.35512441197442,7.916405544248975,0.0,0.0,2.302781032702131,6.105681036674778,0.23611319213867255,STABLE
2427.931878034474,-51.6044745882553,18.404890396749945,0.8619462647117202,5.114969013387078,3.6397307397648686,13.83019793395478,0.48381506330470814,PULSED
2434.0365682987544,-42.36363910724354,15.56751808701117,0.8272969315763407,5.456082674095048,2.879716709624248,14.361278549978815,0.49640673340548347,PULSED
2415.192992735282,-42.06549662117941,25.166023741540837,0.6796755274719106,4.766860705644518,38.708438305840666,6.990898791030458,0.7240958446380973,AGILE
2477.146380893618,-45.64853569431649,43.62938130387895,0.0,0.0,8.298614299514597,4.972350320532952,0.8091251351570455,WIDEBAND
2440.0926382656485,-54.31512705802536,17.64732891577417,0.5078571250357853,3.6582992212079426,7.291445227236419,14.559091660981407,0.4665925188320934,PULSED
2408.883737512335,-32.544269330706626,13.402398272720554,0.5501424966700903,3.070719034469353,22.618532115678235,11.671258146277154,0.6214279237693463,AGILE
2401.5445155437674,-57.50287378699326,27.03342280918265,0.5559780758600926,5.005156137605738,28.81259667413,12.621320019516206,0.5492224471425654,AGILE
2417.5288029626336,-39.06847413651675,24.607353868888197,0.8789289254495929,2.621520446080573,18.000146346653263,7.2744007356979665,0.6321640184055163,AGILE
2409.975062524206,-56.69055886928071,88.26586662126925,0.0,0.0,7.426260124998738,5.4460997664761965,0.7087988497203631,WIDEBAND
2403.1823161763973,-41.15284688116804,83.96197859402987,0.0,0.0,10.650359046551229,8.599796501646342,0.7524691709103792,WIDEBAND
2458.268246173076,-55.93079878708356,10.706147155084118,0.0,0.0,2.6729622557005452,15.071052862595478,0.24745397139525352,STABLE
2479.0430957373505,-43.37317716841915,18.59196685710883,1.0045127102632094,3.8104815957031595,35.647851552381475,4.363897019816408,0.8188112232862923,AGILE
2479.916436207825,-54.986924114996334,19.19177546639286,0.7165501536719922,6.005826926510441,1.4647894625425861,8.199530054955684,0.2589886233207287,PULSED
2474.2476981886184,-42.3440729408984,56.3410250747839,0.0,0.0,12.250547974507512,7.030268515448086,0.7578224445679138,WIDEBAND
2426.00132796529,-35.31226203682009,17.15903977386524,1.029951085047998,2.849560572939406,3.0592739727188105,4.02624787022554,0.6038664543365168,PULSED
2423.6360435383544,-56.94390865297858,7.591860969903131,0.0,0.0,1.1066755080276125,7.926863616385046,0.2916802366977045,STABLE
2460.413420521707,-47.02912713524962,6.6870277863625525,0.0,0.0,3.1105971638356804,19.768775623149217,0.18903900823550668,STABLE
2463.5919265189254,-57.834641272434546,5.351235583846224,0.0,0.0,3.0558097901203913,9.203013579649962,0.2784889793717855,STABLE
2478.955074045399,-45.768899589527614,52.71822534723865,0.0,0.0,6.211982716335912,11.366403909244767,0.9370338835176821,WIDEBAND
2491.281716889045,-46.42136183959366,17.312260788497856,0.47087589552279274,2.6279257219730066,14.92249354679446,8.021244047136019,0.5616028397286872,AGILE
2424.6475853083425,-60.5227345374958,11.136412894127664,0.0,0.0,1.8077786516681873,9.912681174697237,0.15757873744909537,STABLE
2479.403890464383,-45.08929235336875,15.15593664958571,0.6684518135020323,5.35198504602261,2.046223727225117,11.344047665798678,0.41227368322806546,PULSED
2436.4475059776996,-32.65647427588969,10.815153512653922,1.142570779497644,3.8105068256005725,2.8713217618665405,14.891168382619425,0.5486576132408579,PULSED
2494.269358614447,-43.479478352844495,16.83475489953183,0.5223792794517701,3.426780413491625,15.47856261800179,3.227281595258189,0.49027669920859995,AGILE
2438.552352794183,-42.291053955362635,56.288346572004194,0.0,0.0,8.74596217729266,11.485880458844393,0.8650130648235325,WIDEBAND
2488.803022036018,-45.571504742443146,52.14901745255314,0.0,0.0,6.459941794460731,6.376345028814614,0.745989286713421,WIDEBAND
2453.7187154327034,-52.72384648199733,11.05506412951451,0.0,0.0,2.416792246650048,19.71667903430412,0.23415544180048828,STABLE
2464.7016559831673,-46.874391979021304,47.90049888148944,0.0,0.0,9.402709951736492,2.291767569506919,0.98,WIDEBAND
2463.567602547229,-41.60351636648293,11.811018902687854,0.6294390509667376,4.808393500613023,3.609029613153462,10.953689882372144,0.4685797274179086,PULSED
2410.2908997011696,-45.99049864315253,72.66267520654236,0.0,0.0,3.5711846215486887,6.338026661507016,0.6587781216244749,WIDEBAND
2496.99470895038,-48.351342684259706,51.03011821850343,0.0,0.0,11.724733659356733,6.6736469836668935,0.7228723844539032,WIDEBAND
2452.574313040112,-39.63344706498394,32.69101494225854,0.6544453782049843,3.9194828421444714,31.90349284788105,3.457074125017844,0.49223391856333176,AGILE
2404.4225393738507,-44.443052259713035,43.655986144787875,0.0,0.0,4.992454813608046,10.380327774092649,0.8207371837454281,WIDEBAND
2425.73326520811,-48.80870683038733,52.250927887706624,0.0,0.0,15.805420674542534,7.096153141001376,0.6734409579046631,WIDEBAND
2472.316389910616,-47.10680537062921,61.36224845996025,0.0,0.0,8.185117872029553,11.60782172022048,0.8149506764840161,WIDEBAND
2499.7310742546633,-46.66263844851963,7.485364229468655,0.0,0.0,1.5070762453575566,13.302712774804307,0.3173276811900944,STABLE
2433.3135168761773,-37.22131773311547,74.43600192787284,0.0,0.0,8.013452001467272,11.897709847863014,0.7983815059479435,WIDEBAND
2498.9658496671746,-63.385983285671074,6.075054792637829,0.0,0.0,1.766514025660088,19.700189674174386,0.247770352903967,STABLE
2485.9714214273718,-36.296192614709405,22.373715216757116,1.0014335348664793,6.631754973565694,3.1453172906103855,16.468089385835526,0.586790282550932,PULSED
2417.8652732127425,-41.87603726706395,25.792323984357758,0.40486390740217554,4.134975368224444,25.485040717850225,11.153992626604978,0.445243804935202,AGILE
2412.8877404670475,-57.707052143436485,5.7233465460781145,0.0,0.0,1.1466465646616046,18.516579697260152,0.20968913561432764,STABLE
2443.141819517989,-54.96196562582639,13.195347453191665,0.0,0.0,1.67846379410022,16.050585327233303,0.2554912106903925,STABLE
2416.2370103846297,-43.74306338358966,21.719509368572435,0.8274867230369068,3.0039231051881075,6.017587078484264,12.873856142950078,0.5131612861883851,PULSED
2450.2953364258838,-51.852235092886296,74.85659134641445,0.0,0.0,12.122260311657095,5.105571308596322,0.6201922793933077,WIDEBAND
2401.875058673628,-55.0346052770967,5.340217955118837,0.0,0.0,2.082228920248151,6.922434059685658,0.3197040874008819,STABLE
2465.514794201357,-45.90535483275591,65.92026295232543,0.0,0.0,8.914534223939683,6.699164765232436,0.7414765195195526,WIDEBAND
2465.071679607047,-53.73102856226921,47.931513090189185,0.0,0.0,14.79300727263929,4.4953483313701135,0.8446925250068923,WIDEBAND
2461.244551533985,-47.21765682105305,5.719630545702643,0.0,0.0,1.15431059163759,8.889272013622332,0.36945921279331834,STABLE
2444.6389492143708,-62.21617951540618,7.427267728269649,0.0,0.0,1.0311586880195531,18.27639482340201,0.21157059568867445,STABLE
2476.5657945094667,-34.19244148675285,21.19861600793476,0.9645597499944141,5.3019097870378955,21.093364607429244,12.349433297842204,0.5908421686238572,AGILE
2445.7818413806513,-48.58260611704993,16.363570460635266,0.36429357042937327,6.343987429640955,31.416686993749174,3.9247760159649707,0.463612362504522,AGILE
2496.8650473377224,-50.37411046484111,7.218458115733357,0.0,0.0,1.4142310648382106,16.39509055981994,0.251894447336883,STABLE
2420.4365693749196,-61.612822175581144,6.332808233860208,0.0,0.0,0.8161320664537732,12.59817167484508,0.28687864288490933,STABLE
2454.962907607284,-50.33670078126325,10.574340485016176,0.0,0.0,1.0719764365533004,9.350717671603903,0.3316540952486232,STABLE
2478.133513812091,-47.195507661579576,19.139996587666527,1.0270034068140514,1.902635786850987,22.764260252485034,8.303070544495412,0.5653067974551773,AGILE
2411.5704167309427,-56.375755921313846,4.814411480556945,0.0,0.0,0.7696976106249381,7.309453738664397,0.32914079186448375,STABLE
2412.903005718204,-56.69677449488542,7.787636138754848,0.0,0.0,1.6784976147249329,18.827786752324926,0.19001726627983712,STABLE
2448.5294096347975,-42.08814520873686,12.949946694129626,0.7083237044637307,4.037783611952013,5.600137305893428,5.079653168890266,0.3427238895651352,PULSED
2420.6272903405347,-54.15298588700416,4.487046558507371,0.0,0.0,1.3081831896851266,8.379460081735001,0.13541422565522315,STABLE
2417.9152140477454,-45.53745703777975,24.136841386446594,0.7361109783772248,1.0,27.033943490225433,7.002289902012041,0.5158678287810837,AGILE
2463.7104073288974,-32.93612470143191,24.008650155197756,0.8198509537989296,5.257344905523241,2.596258992898062,4.20249760442762,0.4747518230038892,PULSED
2407.361189381638,-35.31805402096516,17.48245675785137,1.2435455558759423,4.051533615581332,5.485654679911107,9.341583108790546,0.4237806066666589,PULSED
2403.308684488848,-51.68456515749295,55.88038990001673,0.0,0.0,6.031516741006563,9.529478171902472,0.7931907841306971,WIDEBAND
2493.7532444812537,-42.124290875603805,18.99179583659417,0.5053507374997351,3.801286578628175,4.797763611896134,16.092073278713197,0.46219323692470043,PULSED
2415.0598287243,-65.8171371785073,6.495678263864959,0.0,0.0,0.7727176891173153,6.068667160498867,0.37005778609540924,STABLE
2465.5919949929616,-41.24616170605167,15.017932957945341,1.1409716435885144,4.997906411095758,2.2881751076161736,8.32444435578761,0.5485542659366298,PULSED
2426.2032221464992,-36.28458550959126,16.06215588322809,0.326360191235358,3.2164994886589424,20.269577826545834,8.891172122832725,0.495443136045303,AGILE
2472.382026401886,-48.18330949506985,61.59885872326261,0.0,0.0,15.072497475978421,2.3743053236562877,0.7505476733094457,WIDEBAND
2442.312393379474,-29.22096699950053,24.046028443078832,0.7060737311405901,3.5406544517911387,16.700296145226314,14.458496723102323,0.4800161337238073,AGILE
2462.5147213403216,-40.26810629952232,23.56500103023255,1.0238014572215601,5.089987558295394,8.966847800162434,15.592657187505585,0.32142394946405617,PULSED
2405.493498919767,-59.15160217704766,7.662696493199094,0.0,0.0,2.3349947181763957,7.330956788859134,0.16618227653493212,STABLE
2445.2750874270855,-55.46463320579321,4.356083540863839,0.0,0.0,2.398481688208716,12.319642473239707,0.25480495747738513,STABLE
2409.186718688678,-40.20501349063221,18.669673718793284,0.9675553642478979,5.903734761053331,4.325437470065606,15.014901452954476,0.5724318241163127,PULSED
2437.037453715853,-47.616284581135744,36.16011369310452,0.0,0.0,4.3443694004921545,7.183774462765149,0.7874395807742958,WIDEBAND
2474.0882261929064,-27.844325471190565,32.910553851080216,0.7141540873842226,5.248393956153269,24.69600108795777,7.667370786196617,0.4889129624635663,AGILE
2495.9349058223097,-46.381623480548804,23.01055084042205,0.26043873177636556,3.467281457732393,27.342750079504544,9.947132440421116,0.5841524396160848,AGILE
2456.812747094884,-49.84333548841533,23.63995470775572,0.5579988954877682,5.222821085481382,21.452029183149843,6.377801391865667,0.7373382640813456,AGILE
2476.384681080908,-51.76644056605713,57.351553891495044,0.0,0.0,1.8512148179863432,2.432681535475108,0.8345998745277403,WIDEBAND
2410.316499273903,-43.8757650743439,19.16440889258113,0.8493084693517614,6.2034918427376935,5.152034828968929,7.986503847673065,0.5088787283892473,PULSED
2422.563798563036,-52.66868991232471,6.920423393974079,0.0,0.0,2.1296675536785634,5.5464792096479165,0.18799975024065824,STABLE
2458.447109471149,-53.99076515733246,9.708769321356744,0.0,0.0,0.7104161953631425,15.206465916386843,0.26075030647605246,STABLE
2420.240459312572,-50.30589794549403,7.618697884989681,0.0,0.0,2.4369976747738553,6.426436223449019,0.35923876945880806,STABLE
2451.818494014467,-43.104876987276775,14.905404262374825,0.845998089443786,8.046206677981122,6.349134241494286,15.535431401843521,0.4081302602319008,PULSED
2486.0101330244347,-42.39324573332091,65.58045076325931,0.0,0.0,8.223543530845559,4.696100328218856,0.7644492620030806,WIDEBAND
2423.6658049423995,-39.66114452494233,36.656717945216805,0.5381442111016228,5.64704274573879,21.856027159662982,14.480621380083512,0.5251612816435224,AGILE
2467.353842368295,-31.819884264739564,18.486946375850884,0.5264742392875035,4.0036950527032715,6.975567194330689,10.530776918402328,0.5307588042784734,PULSED
2482.1008725492807,-32.4614657989493,18.582485211381204,0.27335603335635866,3.9390526150622773,25.1184561458421,14.42120170168732,0.5727791300122211,AGILE
2479.7889346648703,-48.033762543845775,58.342412998954906,0.0,0.0,7.01315980770911,9.1260055835414,0.6543935511249026,WIDEBAND
2405.866713233254,-58.01275077364287,6.705904721182546,0.0,0.0,2.5249844510100576,19.231586078078188,0.31792308203264075,STABLE
2458.408075176609,-51.18668660111241,55.29455317974566,0.0,0.0,10.04067703151891,10.209853994034503,0.7401862518519676,WIDEBAND
2416.4559630154104,-46.02969479551067,85.89987291499594,0.0,0.0,9.91019997798495,6.682856031784443,0.729698903002439,WIDEBAND
2456.9984941939692,-43.71412215667951,23.380868276422927,0.35333386827612057,4.3411078383814194,1.2662185812993032,12.99411223431062,0.5360615594965721,PULSED
2445.3082120809827,-48.73304863569659,8.725185999393197,0.0,0.0,0.7815857972686371,8.668442649288098,0.22137274587891512,STABLE
2434.997696600517,-44.64888395701428,51.58641892565726,0.0,0.0,5.4103373995300075,11.878251614399698,0.6053442523637441,WIDEBAND
2421.592479043127,-52.53872790592269,7.068463670283844,0.0,0.0,3.399685240021145,8.461194579008254,0.26221799072258806,STABLE
2427.0438184922905,-41.06070247096577,45.52920480892759,0.0,0.0,7.730582323852692,4.611660534852465,0.6540491353899449,WIDEBAND
2414.415714892136,-42.87616180734501,4.5300478359091345,0.0,0.0,1.899830483436639,10.268343911919475,0.24350599970062162,STABLE
2498.0938383334937,-39.44902931782508,20.101180995732268,0.7000309580813102,4.585789748450523,39.85683535250595,12.213546373732388,0.6041107171140971,AGILE
2484.5976443119894,-37.02695374710783,31.521769431393132,0.35821037083092766,4.836926622089405,19.55143724186434,12.982370173397996,0.5285253335400281,AGILE
2401.942278805874,-57.66021927716276,10.192284732710679,0.0,0.0,0.9221117129060917,18.788331490535754,0.25061480104101386,STABLE
2465.9590356871217,-56.586062183594024,8.572389885108633,0.0,0.0,2.3016255946481983,16.404129270295225,0.2690556934499006,STABLE
2405.2353667523926,-43.65606108858241,82.2198955372095,0.0,0.0,4.390315074904265,5.632639555947074,0.9360787952240843,WIDEBAND
2445.9712363336,-47.74608307908231,27.118645832718826,0.1,3.6473591471750764,36.63219522420214,13.132008374501542,0.5162734539309208,AGILE
2411.679182777332,-49.61683349180163,7.530401211771164,0.0,0.0,2.1629691249031797,11.839772742410904,0.36989733900048005,STABLE
2481.1437293846484,-39.58724461113345,75.65207798234266,0.0,0.0,7.1442124783910685,2.8093583784082226,0.7949317275877364,WIDEBAND
2471.8202932404242,-42.959999851270204,31.99804275261117,0.5639898733188331,7.670220667606792,31.28483871553231,5.399513042400683,0.6834894823454871,AGILE
2424.1699597981133,-59.8097130446107,5.450763195968988,0.0,0.0,1.5758614877843005,15.393898858787823,0.11917802747570869,STABLE
2400.308002791686,-38.108465670760076,22.51930308298053,1.0966507679228095,4.1504118187038275,13.089371509239756,14.745589904777773,0.4279045721740231,AGILE
2400.6361972333884,-53.02156297838067,23.93435224452825,1.4819576774670429,5.5807292643983955,2.7301072290769124,17.6879323827837,0.31524287083661273,PULSED
2480.47071000042,-48.78437841995655,14.736863364660744,1.2781711637383828,2.699934071592045,4.557294136861553,8.950874901050131,0.4175999076482396,PULSED
2452.6290785000374,-39.763984160848715,21.507827359702343,0.9381821252249407,4.711195665637135,2.8660033281175163,8.733198138675368,0.40254747941295344,PULSED
2465.657260644082,-45.168376182356674,58.7648928239345,0.0,0.0,10.887973394743272,4.0642304555443935,0.7589707828414382,WIDEBAND
2438.9889468872607,-57.86849834652295,10.61649321375982,0.0,0.0,1.1052254326768993,9.521009550802784,0.2261851695257325,STABLE
2452.2012301366512,-58.509244809598,7.906825459321321,0.0,0.0,1.7230914277177911,12.22237010489421,0.2934569606473737,STABLE
2491.6772740724214,-48.74897607502143,56.30370999785799,0.0,0.0,8.765131589029892,2.969072633099727,0.8255326252623483,WIDEBAND
2478.6036317645844,-37.35665494966704,14.205075680034502,0.9944835550068858,4.531753647000163,4.69911589726412,8.435971200918935,0.45399807797652764,PULSED
2471.6433175755906,-55.017997860823236,10.039014120402648,0.0,0.0,1.8353604866324844,7.615875767345727,0.31570924487875585,STABLE
2484.276228485202,-48.29736513126381,10.296990597160702,0.0,0.0,0.8020919133649657,12.766096806112449,0.19913010713668972,STABLE
2482.9968830680955,-49.139501450185406,92.76629996613302,0.0,0.0,9.344158123920106,5.080557078365283,0.7072045088155917,WIDEBAND
2482.207594734701,-41.929059681360464,16.277175270114434,0.46521641043748185,3.992701422668061,33.113932565883395,14.315289093744452,0.5647767562484065,AGILE
2448.0030999426217,-52.181635961589706,8.136201926875438,0.0,0.0,2.6843624271445483,14.605625148764977,0.2317395637049247,STABLE
2495.2050220966703,-41.93737600643019,18.881463105482297,0.7500301032254231,4.939331556974433,6.609184171356649,4.005836836643454,0.41840021829614604,PULSED
2462.8081477037435,-44.37596094791884,85.3875940799788,0.0,0.0,10.672823724395773,4.661227367291039,0.821545835038268,WIDEBAND
2454.1004653133105,-53.619926136677606,70.99507642634094,0.0,0.0,10.150182869849496,8.99966649714549,0.800147807759591,WIDEBAND
2460.261386182915,-51.009162257253905,70.91093860077096,0.0,0.0,7.067427372893467,6.735963489241425,0.853997657552343,WIDEBAND
2487.9565622526657,-53.01829166066489,65.54220930536978,0.0,0.0,11.77284226178892,8.96507232396131,0.7814497787269629,WIDEBAND
2424.733520671739,-36.867196856005286,19.649950827375445,0.42892755311587316,5.5677579835913065,3.10539038599706,16.563602549819613,0.3885268318808774,PULSED
2426.511250716439,-50.44578683218273,73.43736611539984,0.0,0.0,7.4350926364228505,3.8794947564024733,0.8297962891066277,WIDEBAND
2442.448676748251,-43.13643910755806,24.329717920742993,0.9385978337934083,1.8805586019557143,5.2826074295146555,8.920196603460127,0.48624640597502106,PULSED
2470.1690949856347,-51.004339397898924,22.8803634098607,0.5596810035108336,4.917814958447845,2.3797688069163208,14.885689379373087,0.5963939223144356,PULSED
2433.156899734255,-57.49214356107811,6.775806401880384,0.0,0.0,1.3873672908668917,17.394378862915367,0.2594229140467207,STABLE
2400.1139738090064,-45.67935078923964,35.0,0.0,0.0,12.463290786297506,9.256415826431425,0.8884827443827782,WIDEBAND
2419.413839927898,-44.014616043638476,20.23044850621111,0.6823158961024647,1.8703434298386292,30.28539457694358,5.048203581528154,0.6108734359394415,AGILE
2428.4023520413475,-51.845361694034295,14.966835294823795,0.4924324848732462,5.180275369177188,28.24639003057143,10.894455237337382,0.5472617451089568,AGILE
2446.0449881261407,-38.93448733830665,56.41394855504093,0.0,0.0,11.678444104149253,9.079889103795148,0.828265710443943,WIDEBAND
2416.0826362307885,-63.0155038563486,8.759504376997395,0.0,0.0,2.09217845088455,14.987805595343078,0.2237783615433999,STABLE
2465.338427338532,-53.77181247606513,55.02270704290886,0.0,0.0,9.844667059094046,4.944536350036897,0.8361548979211871,WIDEBAND
2409.833926687239,-58.31215760895653,8.31586669766939,0.0,0.0,1.0485494097910064,6.028401740972712,0.23875604674576095,STABLE
2480.864734365522,-42.01668596829991,17.859257878162765,0.3668041834924865,4.003692753381425,20.644312879886098,4.717237127624024,0.7457430001917993,AGILE
2423.0290542812536,-44.20524896454355,53.63536388494874,0.0,0.0,3.937223619265139,6.871897347777883,0.696706832645121,WIDEBAND
2456.2993713093074,-70.78927024216894,69.15321609143363,0.0,0.0,5.993789758828086,4.117935238915191,0.7192558717308277,WIDEBAND
2406.9138162466115,-47.78379516078312,7.146790033881801,0.0,0.0,2.431955556150502,5.995974185649119,0.4043510462181838,STABLE
2429.1215250562523,-45.11072426421823,62.61733626806956,0.0,0.0,1.0776315064869637,5.377863274974664,0.7045797109182427,WIDEBAND
2408.0229293694897,-51.10900921944856,47.909857046561356,0.0,0.0,11.62739260165919,4.191459299736672,0.6926495132992243,WIDEBAND
2415.3134582354623,-39.50713577488154,19.858816258776734,0.29999179244346935,1.0,35.25473985628581,10.15028384946262,0.3632886805028943,AGILE
2446.2592424640666,-45.77361385920272,17.477321375555256,0.6166102011784995,6.219339468457395,22.600374936136127,9.50187386400037,0.8246370632024671,AGILE
2479.745383006859,-45.92590331627832,81.43435484006055,0.0,0.0,7.371604699215418,2.297824841090236,0.6488740000670112,WIDEBAND
2490.386219597602,-64.38288814793155,9.242395118905804,0.0,0.0,2.3998367721369904,16.584011048111876,0.27431440547838587,STABLE
2499.045046198266,-52.89296037287778,55.93950698837479,0.0,0.0,10.135740562234666,7.033069763386947,0.7418237724835297,WIDEBAND
2483.8642010710473,-32.52193651978418,21.251335489429742,0.484144637812675,5.4852315086660095,27.82799430756628,4.283077814024251,0.5580475613389567,AGILE
2469.227870053065,-54.69420749714955,64.47073297297872,0.0,0.0,5.540714690075754,10.020149776933,0.8314753964473078,WIDEBAND
2428.0105530971427,-44.84314931307639,20.70065483479112,0.8373327565255958,4.65877782007453,4.803496559609564,15.039342773229619,0.40551792874218967,PULSED
2412.3275518368805,-42.331096014463725,14.400699850053005,1.0912488184823794,5.657532840069558,2.8041558554476183,6.819161476676972,0.5251561044783448,PULSED
2482.3674489824566,-46.95330632991228,5.574218730916288,0.0,0.0,1.400533743320879,13.04465932887437,0.30187470707715247,STABLE
2413.591250395198,-51.62948480412099,7.84260905609157,0.8195397347561258,6.013045518616715,18.482841113295617,9.164552931476402,0.49427341116145457,AGILE
2475.6546963401906,-56.53098505012873,4.927455371911511,0.0,0.0,0.3182336292311747,13.388633430514274,0.2495032069642248,STABLE
2483.081144473968,-45.843686861204034,18.539145737204272,0.7121542352211429,2.8173303255309765,2.8382413698199556,11.927517689487356,0.43328803659232673,PULSED
2470.283137288451,-43.860835861010244,58.77381943345,0.0,0.0,9.94198018063786,8.926025025622044,0.8169225987406302,WIDEBAND
2473.163775452388,-34.347339723517145,23.97371243884653,0.5545949428498392,2.5096078233316272,26.496221470275433,11.580334176018418,0.5909871489259235,AGILE
2496.695857898142,-48.20071643598764,15.94720043082799,0.7067139317634396,4.922022822811425,0.8527238081959223,6.205187567576736,0.46842944153117777,PULSED
2466.702095494439,-51.812944959210455,91.11003775002237,0.0,0.0,9.716501108868338,2.901843817411171,0.8073831643158915,WIDEBAND
2443.1389088353544,-45.50009920796034,15.256128547202312,0.887244139167265,7.265357893946503,3.2585907942251553,11.478105714807658,0.4519552513334013,PULSED
2449.3305312689754,-43.241503418926655,22.346627134413076,0.9349712468123081,5.328029292797243,4.217397800030138,6.733442523638112,0.5074913788248547,PULSED
2446.975791748528,-45.03628201028124,70.65483906148535,0.0,0.0,2.182670278950032,2.5051183793990752,0.8132878940706827,WIDEBAND
2418.600437033274,-48.758083930095594,12.740360890100884,0.7415298722705163,6.321431040055038,2.9585364172034327,15.844706960498755,0.4624371395495315,PULSED
2495.394492535626,-32.904283794321216,7.770628848708881,0.5015948597677171,2.8301701060081363,5.26386082077918,17.047010588822456,0.41086557345248564,PULSED
2457.022956159945,-44.23058305682498,20.686106045922667,0.6388125812602434,4.428620420186879,19.520443269870633,8.341763295044649,0.7309288443551591,AGILE
2456.921205043068,-61.12373811708002,4.280329186908743,0.0,0.0,1.5792278568057607,17.8005418901355,0.3578556713460589,STABLE
2402.7988950325184,-34.915727172237766,30.78092040506388,0.6109188538545433,3.606084668580374,36.16060290230693,8.937971504920176,0.5056625507609684,AGILE
2434.4489222642396,-36.34699219089746,15.073932489699065,1.1549888948706164,6.68432837348012,4.112023252749338,8.908397893390246,0.6331600492276604,PULSED
2404.24579528281,-49.53257173258632,8.397157241363034,0.0,0.0,1.8915071511507273,11.376539479884597,0.25376189819420286,STABLE
2431.6232710186237,-53.877148079378706,5.369890781924841,0.0,0.0,0.36786658121398896,8.444785043593715,0.3217590507029061,STABLE
2498.7553289496445,-42.814784668039295,22.789046277492908,0.8595501635155032,4.349787092744148,3.703055863186068,16.25614637923151,0.4673857301984839,PULSED
2481.593106219925,-47.804977187936764,10.411081128960573,0.0,0.0,0.6704048762730254,6.782869843553449,0.22196168741279793,STABLE
2421.5317002172487,-49.18228321332394,21.018889452476582,0.24453470558127832,4.9310735960796075,18.716831712478417,11.553340123121009,0.5694343464481707,AGILE
2481.7566418235247,-50.87579928098977,78.9168303993174,0.0,0.0,5.82726053182781,2.377824283194912,0.6596584735795057,WIDEBAND
2468.4947529354963,-43.050514933649076,18.833316491963913,0.5255949907928074,5.021653378750366,19.79707858102509,4.218230230307926,0.47541306963276075,AGILE
2493.705143067051,-53.65421615691044,9.201918569399794,0.0,0.0,1.7660258504781126,13.814524619795646,0.2906490905254836,STABLE
2491.984112617569,-40.028008829031165,24.26748151137886,0.1,7.133577374918239,37.717838757707185,9.257197059574535,0.40869935495912335,AGILE
2412.393805444088,-37.855369461160805,8.7329022931431,0.0,0.0,1.9664865085261944,19.053609321964306,0.14138720073479102,STABLE
2441.4380236770367,-41.27784860518052,20.087799833992282,0.6579174931326072,4.473358296774228,33.948922342905426,9.763295172513526,0.5322123405323629,AGILE
2443.4698413053507,-40.8097892899658,70.44394608435294,0.0,0.0,7.457283863734876,9.735817330190617,0.8257735813803333,WIDEBAND
2447.4056215927817,-47.624050412107515,9.199169039580754,0.0,0.0,1.6634781497671633,5.37421578059976,0.24527585246563732,STABLE
2426.6090055944187,-39.266965855466,16.156607836046177,0.5555762450133325,1.7874595728415308,11.067816343453115,7.2393240868313615,0.5563075218408289,AGILE
2414.717210553705,-42.21046837257656,47.083838202422996,0.0,0.0,7.472835681637891,2.963490027214846,0.7760903576137709,WIDEBAND
2456.523610648119,-57.00931017991465,8.32550613021001,0.0,0.0,1.9689778650874226,13.388107411181203,0.2976008341119955,STABLE
2426.597463458045,-47.40465544462314,70.40980210332881,0.0,0.0,11.087161959522932,7.8348904828238055,0.9088641516645285,WIDEBAND
2475.1542169328104,-50.96035122186229,26.50615973796171,0.5637947304975883,7.718701862088002,15.61143201159988,7.449171415431155,0.6891345397986487,AGILE
2432.2351747435464,-35.617288668812975,16.399811227291444,1.0111186757409407,6.7123689963972355,1.8252827125522555,7.887613168149516,0.278699784941505,PULSED
2401.0753717600023,-71.47368318986426,6.187052101053236,0.0,0.0,1.4593227063125749,11.374725533319213,0.2648261538898252,STABLE
2469.315148207625,-50.802735345248664,37.83447864111364,0.0,0.0,3.142768212269223,9.64240134690574,0.6007306415457867,WIDEBAND
2420.6824697952684,-52.81229167802589,19.50796411623186,0.5354881683572734,5.646373682131573,30.16893163957338,12.055823175834181,0.6000337782819474,AGILE
2485.201551688117,-55.52256502631506,7.385833563330847,0.0,0.0,0.8971779357140977,17.754114482505827,0.17533169274393548,STABLE
2460.0733918862643,-47.502008397737335,9.270742285722555,0.0,0.0,2.0920113890434684,6.171625896205458,0.27044748448012634,STABLE
2465.2281376290944,-46.19996070690213,27.835724266425746,0.1,4.665838910516984,30.916600865671374,14.178869363156622,0.6473785487437647,AGILE
2451.5781840763507,-39.319062822552986,18.49674645303751,0.5243211244142755,6.291982585242838,32.44368055830586,3.481779948156813,0.4454123859310572,AGILE
2448.9461929239797,-44.70488623577483,71.31083563419385,0.0,0.0,8.420004038382292,10.394571840140744,0.7469371635249044,WIDEBAND
2448.1892831169444,-51.25741965505652,28.334882579356275,0.5129396996865686,3.892263844879841,27.268280837621045,9.815721165384884,0.590729017984018,AGILE
2497.333873227014,-51.08361151634189,22.334184885806735,1.149355038040642,3.1471102808249913,5.107785117517925,8.8746041824614,0.5315231460224226,PULSED
2450.3087511921276,-58.37334706168481,66.88210697621781,0.0,0.0,7.490692724010081,4.290926653129043,0.7381512077560125,WIDEBAND
2430.3871314380995,-43.981745553411535,100.0,0.0,0.0,12.6025768054429,8.982898854151857,0.751181401200106,WIDEBAND
2439.301777079808,-39.61283943515299,18.482457412789163,1.1461157212049595,2.3867748582855937,2.3155331743945586,6.664438609893641,0.5229621066611081,PULSED
2499.576701535395,-50.45065679249567,63.49014771026286,0.0,0.0,4.22100956635574,6.979179720836523,0.8638107901684117,WIDEBAND
2482.579023918202,-49.830572366205416,17.734837777940175,0.6656143078592627,5.003789267286207,2.865439652177977,4.36698945454164,0.3559515993351458,PULSED
2474.9645764385923,-46.70329947253371,24.016291115083945,0.6897668093642759,4.327140661679323,3.902755029493452,10.898390310213244,0.41778814734771724,PULSED
2463.949443549053,-64.4265864554237,9.541397564189527,0.0,0.0,2.514098848643124,7.756881047841624,0.24946396792648176,STABLE
2486.6911090376116,-36.85886643412924,16.980646791819037,1.3029813407342137,6.76510934300637,2.989465232576867,9.985708494600487,0.402483588180169,PULSED
2452.5243286057566,-47.49716786745009,36.13763635758478,0.9099081195375625,4.423161014544955,15.177060193044635,7.0556631503499,0.6246274505681789,AGILE
2413.7966656346034,-50.5382692712839,28.632399500173488,0.7925793642886443,6.697467134395777,42.33477964403133,13.077453839616064,0.42156662558728153,AGILE
2489.5541199812424,-41.450243782417004,17.00810028700702,0.6563832624111656,6.901520227764236,1.6876917609157753,11.751194392172792,0.6249366528745499,PULSED
2461.8298819663037,-42.722413182480246,64.12771062124823,0.0,0.0,2.428078509399839,8.84991815146954,0.8289471398138969,WIDEBAND
2413.2451398144203,-66.69880705391819,7.335475687425852,0.0,0.0,1.5059079793042607,12.790641757870661,0.2727326147212104,STABLE
2479.49175830915,-52.18257400651921,18.19613963880878,0.8132128274672372,7.79336640371191,5.26085057596033,6.53567142869154,0.5048039170920411,PULSED
2467.7693627158856,-44.5524897705919,16.024297080046445,0.3958969807329469,2.2619755720017345,31.574315391464697,14.804603538276773,0.5245426176763712,AGILE
2426.7655051980178,-43.28230912107089,22.887491720354472,0.6975548401460347,5.988771524632618,9.890362966756568,4.837295424767484,0.5839189869127644,AGILE
2429.396047092457,-48.456040383471205,12.42128175478648,0.0,0.0,1.4023328896228866,19.25002655861312,0.21711562400531062,STABLE
2406.873830197841,-60.91524984995527,6.5557554595428185,0.0,0.0,1.296399157274708,14.218459119428912,0.23755430579819137,STABLE
2494.0216161231697,-34.451085935950005,21.340317004344815,0.33642269423524057,5.059948948756332,30.780448451201075,8.862548467533994,0.6918684841653353,AGILE
2464.877490388855,-48.423614601656915,9.160791929717206,0.0,0.0,2.0854507154567106,13.51717078031515,0.18728423311609155,STABLE
2491.291669475143,-30.860791619125738,24.880969623617574,0.44360590865380145,2.9166170262760107,23.177494290294025,12.500204105275618,0.6756157493731778,AGILE
2402.5321896414725,-44.306382589369164,27.075721872416672,1.1366361980808934,3.530052271027297,14.424947739361967,12.372331003041086,0.5694293103419523,AGILE
2437.7162425969746,-55.84344813899279,9.084421565532255,0.5209903212000604,3.5126184942763645,0.09215394180287273,13.986803494093621,0.3764735550684917,PULSED
2458.750637355897,-32.541188109221046,61.284495828763475,0.0,0.0,3.571726763894935,6.423855365795854,0.8522645155713172,WIDEBAND
2429.1379858300256,-43.171149287295655,19.77977340125905,0.7482822317264023,4.158093790934011,3.3298577600749386,7.210749074179916,0.51735586660261,PULSED
2435.9575347036994,-38.49303101456904,27.18541798677142,0.8443576251790845,3.8725698989381305,23.677003674853477,14.850672662215569,0.5209431530618042,AGILE
2454.144996055489,-42.26080479700858,20.069542053695333,0.6476105369340912,4.030613137626208,3.292295958260298,16.63945491396109,0.3333495550688908,PULSED
2423.2527443956683,-48.652347672857026,19.963276116308865,0.509160817355891,2.0490737585863803,21.002750415320353,9.232804682062293,0.5413772412889781,AGILE
2403.7671589911897,-34.30548925433116,22.96316344301437,0.12499115000552063,3.7682195759684367,18.05830794476973,3.5047487672699726,0.47089898406863634,AGILE
2458.924590419001,-35.65232111609912,16.720787714252207,0.7022646173794264,4.845173455263427,2.0425712611608446,12.070208175129848,0.3606073564972848,PULSED
2423.1340015059122,-46.14441584564832,68.31679295386532,0.0,0.0,6.193694018824053,6.419326099689391,0.7210941006897638,WIDEBAND
2424.8145035477773,-33.61455371042517,12.754489053594387,1.1456927278544424,5.644169155114701,2.047974429505282,4.548654265993584,0.6206328849028264,PULSED
2410.061779526352,-37.091867972883996,27.26828943395945,0.1,5.879465342326311,27.683701011437122,11.490600441698621,0.6223528846728806,AGILE
2421.814918456103,-58.24788613261389,8.544002213766376,0.0,0.0,0.9973440116892697,5.65787425126874,0.27648152155179695,STABLE
2495.386965391985,-47.11860740706863,10.851481062313944,0.8516726751199366,6.313501178980863,4.7086296387865705,9.041394826650462,0.5196049723861174,PULSED
2496.0470637035028,-59.23505156897343,43.487387862154144,0.0,0.0,5.060575823425292,9.933180458135016,0.8067159056697343,WIDEBAND
2437.6272651686086,-50.46317887156066,8.228643066227072,1.2340062864650443,4.3549259442735435,0.7247613941116042,9.8712465990768,0.3917108509968572,PULSED
2470.449822479781,-48.27170705711548,57.742345121588606,0.0,0.0,14.869581273185325,3.556529493592861,0.8754983016385807,WIDEBAND
2462.8378124661726,-45.990077389265515,17.824213736781534,0.4400712732032319,2.282389062461464,35.927902683745955,3.4510242762532966,0.521507055741669,AGILE
2410.764774056804,-38.04917759451836,48.659878734856605,0.0,0.0,11.147217041521039,4.553582256852941,0.5883247723119949,WIDEBAND
2471.8169449741604,-49.49930718805591,18.092197392377717,0.8939465062688136,6.959641804208077,17.055272005529968,12.90461988281757,0.588110009460986,AGILE
2458.221858754542,-45.84237803215651,58.14426652517396,0.0,0.0,8.588875562241977,10.02046341010742,0.98,WIDEBAND
2446.524733563383,-51.439860777515875,22.88482075214356,0.457056110552258,4.696911154410557,4.205379541908932,13.226829259235746,0.47238562120152994,PULSED
2406.6462305138007,-44.422121729657775,18.3327849521811,0.5949545901602898,5.681569350589197,2.4716869933875367,10.808544142162749,0.44124169413355163,PULSED
2489.23541539699,-26.658044369942644,23.809999017535734,0.4387607675181582,4.778805801227413,22.711381252828456,5.70548888283697,0.5780977206830429,AGILE
2430.9571786029974,-57.57683587536701,8.629492611179176,0.0,0.0,1.364925931837627,11.761063817274309,0.2505731371754108,STABLE
2482.5213563649304,-44.40651699519432,24.386297786060236,0.7705860853033795,4.57983587123044,2.6616340339227884,10.855882389508103,0.4720625129540672,PULSED
2482.93075853983,-48.83908542411447,50.212831548182805,0.0,0.0,8.399409723132528,5.511884102937893,0.615946176124091,WIDEBAND
2472.344998402225,-41.502965341080824,69.19573442437805,0.0,0.0,1.0,2.5075995854605644,0.6943312059344792,WIDEBAND
2423.4228766332044,-48.06680679055548,54.0046344144924,0.0,0.0,13.844242775181694,4.805713034335766,0.7702176524858323,WIDEBAND
2447.7384213540713,-46.85406394282434,19.317540577353107,0.8612606358153636,3.8827824972838414,29.75670806990387,9.804770944732686,0.4937695424443456,AGILE
2441.1326356217037,-54.50183571985512,50.623349451323634,0.0,0.0,7.181989774309831,3.972944379567755,0.6334857884923986,WIDEBAND
2477.5520309348185,-35.26617622417457,14.09927707928006,0.8222257090538582,6.149924484806388,2.4477714196055,14.511631199689916,0.4469603517529867,PULSED
2411.5045038590683,-54.75339527633886,55.45134700339586,0.0,0.0,4.814743822676951,3.5679024564762054,0.8540198779254001,WIDEBAND
2431.715317112998,-53.46871949886475,10.701250241905313,0.0,0.0,1.5096425444814605,7.1557799218330125,0.18439171777228103,STABLE
2413.881005236449,-48.3922540764966,18.4010115858189,0.8051574618019983,2.4647301217361224,26.674214540300348,12.29051711429096,0.47391901086305466,AGILE
2411.9217526197745,-54.58371318920333,8.320381186634151,0.0,0.0,2.3609921259731084,11.418548205220251,0.2699842223570953,STABLE
2445.996524279483,-37.049711837081816,25.197637471679073,0.4756608174061411,5.228545135088581,31.968025412649908,9.920784579222605,0.4798699775818107,AGILE
2425.702001564846,-54.739299853891254,8.491894618792342,0.0,0.0,1.4770573698601606,12.659909476098456,0.2867826525862472,STABLE
2449.097983833828,-52.20737550650187,20.524067152020418,0.7304349904081052,5.395994424798751,5.486813682556527,16.931483235863507,0.360711360585253,PULSED
2447.288660219191,-32.9512931375032,21.444039422747352,0.8163653438895764,7.24259980778127,7.916652545623032,5.797382697234454,0.44859425915746665,PULSED
2434.1661420015043,-44.27407363271089,49.64713551011542,0.0,0.0,6.645781640055416,3.55336063473134,0.6707792434583246,WIDEBAND
2480.614572620319,-55.44482119469564,72.67688291653714,0.0,0.0,9.730716839654312,10.259973029066895,0.7790174157355212,WIDEBAND
2498.4723522056397,-51.68361555703554,67.8005694472077,0.0,0.0,16.43734185322583,2.6719109518077246,0.6008618702970324,WIDEBAND
2495.8477814093458,-46.112776757604514,20.85086252054255,0.9344470417182731,4.7414877686690335,1.8105890342275024,14.278632306166806,0.4990476552620066,PULSED
2455.159021263701,-51.515435815215355,14.949743154011916,1.1522370266454902,3.6322672918374703,5.44164619337046,4.032053522848509,0.4695848530497122,PULSED
2435.850562724902,-41.792351658998975,21.433736770808398,0.6967421687463863,4.706799930471595,5.969282976666524,8.81139513798674,0.5690358348637456,PULSED
2471.920631403822,-47.38256044115526,11.933057830840847,0.4174069494098002,4.363415483297817,25.675124062709408,13.08494665672973,0.5983081552082187,AGILE
2439.4690751423695,-53.755451144973364,80.12406508386877,0.0,0.0,9.615363779142427,7.2933142195422525,0.9690592377533999,WIDEBAND
2480.494998479868,-41.24763155049481,41.154638353090846,0.0,0.0,13.401272254350168,9.148312041774194,0.7540430296719338,WIDEBAND
2429.1621477009576,-45.685466268702335,73.32531831214092,0.0,0.0,1.0,11.013676440564005,0.6578159567658528,WIDEBAND
2418.810422812135,-62.72144464321825,11.165658893546667,0.0,0.0,0.761216176053357,6.403744180075591,0.24765406472700682,STABLE
2440.1338343501,-31.183322753037125,12.950572819639028,0.828464904537631,5.433138457218416,3.377352697033388,13.897385591252498,0.38720826887948107,PULSED
2439.407197416847,-58.362696812818456,8.062094400977108,0.0,0.0,1.298349747677315,13.902733886632884,0.23260746307150781,STABLE
2434.3239208209343,-51.60109097474671,17.581158186526437,0.8821115766814915,3.683332427871234,22.715183745029968,9.310936458954767,0.5617151774847245,AGILE
2439.284624774215,-46.19634430066662,58.99627209282285,0.0,0.0,6.137426093536163,10.308913344266358,0.7553991953340583,WIDEBAND
2471.3590107406544,-42.691562162827054,22.822423809167375,0.785020963395617,2.679056252872116,22.841591044219133,5.223379970688207,0.5440001378586663,AGILE
2413.634420307769,-42.472294684831276,11.351853032204232,0.9385090549286311,4.416602966992749,4.698902446568281,7.394926691835493,0.5035046806014619,PULSED
2471.9685260877613,-47.62137322640073,11.091843380324613,1.0353454876225863,4.889170151794545,2.2996007327882735,8.250155073257218,0.41977716113274005,PULSED
2496.8404030725974,-49.47098699573644,100.0,0.0,0.0,11.425555769210298,5.294069243642569,0.8514952675460582,WIDEBAND
2416.095761402991,-55.36293419097107,17.058411282067468,0.6633060415615214,5.693092782101191,4.182600445317141,15.752634606253014,0.5676806330791773,PULSED
2411.781842339802,-42.3495302744448,15.650977457405123,0.7644649979390241,3.4613688953539103,24.211747062124374,7.923076529571471,0.4758905710408434,AGILE
2472.0547879189317,-34.07236670433195,19.590897512444926,1.1181357161752004,3.704022175433786,13.847932440880221,14.745356364902472,0.3812224632120673,AGILE
2474.5444813281197,-61.25788506814406,45.11927746140849,0.0,0.0,7.521797689732504,4.419873005028741,0.8508722001918003,WIDEBAND
2463.4321199218202,-46.38632319507345,5.0,0.7183744507773686,3.3760773287473684,4.4424590840012455,4.50484777694966,0.5056684604821422,PULSED
2492.9572915567223,-55.78015636899094,9.238210036929704,0.0,0.0,0.5712704348906088,5.180777945238878,0.2588393398291882,STABLE
2417.05414373571,-34.10727033130128,21.57182658387012,0.5704416343986447,4.679515353940293,3.529781703183704,13.560391683568053,0.31318302749426485,PULSED
2404.6654740798795,-52.036757470439724,71.91603541333333,0.0,0.0,15.780556986949506,2.444420162488112,0.8556554887247992,WIDEBAND
2474.6283435515716,-42.631719098427126,26.884054536448165,0.38918991885311227,1.9145724100867665,23.88555918275406,12.277285161011557,0.49047723296655316,AGILE
2430.4044772474094,-43.694733815198745,13.453817970959072,0.38160475491770496,1.9461295841663775,32.283157758544725,6.249848853884898,0.6452500539592066,AGILE
2466.4384272423,-41.49166143964314,14.831988756074715,0.8440719397249524,3.394682088564223,3.740344038307613,16.11887527515629,0.3245507088692356,PULSED
2495.117648548967,-43.55655711234337,20.162652748844593,0.8640109398495646,5.022222098327993,8.33034166301276,10.078022220986387,0.542392466259416,PULSED
2460.6299398192714,-56.419952947911405,4.438523784873059,0.0,0.0,0.8574079264386358,9.444494456802275,0.2737305463817505,STABLE
2492.619854398131,-38.81117635995758,63.31818469400859,0.0,0.0,6.146745861397472,9.3452961108271,0.7527208035288728,WIDEBAND
2466.5627337999163,-42.862990227587495,21.51630572706711,0.9996426544528516,1.6007616991136495,32.01265266186199,5.892582870858712,0.6893711148817319,AGILE
2410.2362251350405,-57.1100762776631,9.551504600899818,0.0,0.0,0.4348914261565717,14.216412422572489,0.3381258246792749,STABLE
2466.323802851055,-43.03152148954533,6.899968843254889,0.0,0.0,2.9517402791431753,8.757635541334928,0.3569137735518956,STABLE
2464.6079242145265,-42.771720508835465,26.440236920783775,0.42079470608650976,1.7970963227169077,13.888912233099713,14.391612841469119,0.5759132093830795,AGILE
2465.711183310305,-41.64533421874295,22.41319349597919,0.46248272267153967,3.85670183649454,20.331117280934,6.611581755677581,0.41786058361494194,AGILE
2440.7961430360565,-58.768396502352246,8.62290566860688,0.0,0.0,1.1784059358966361,15.238723973138306,0.2663922413711274,STABLE
2473.918162704316,-43.411692888260426,15.685451353857035,0.7666045175064885,6.463640548467122,5.817741766568933,4.877092196324023,0.3955478628688316,PULSED
2493.4096272206334,-38.94245928471174,17.883134290020536,0.2,7.013924181792045,3.4048171395593427,17.017093682939993,0.3600711763477746,PULSED
2429.411769428165,-53.2724710435669,23.230161662756814,0.8380545373241031,6.619343137898423,4.7410717399671825,8.2320210165926,0.4866624970632119,PULSED
2445.489440173264,-52.28188746212697,7.100059236270702,0.0,0.0,0.639411233083814,18.885300031050868,0.31427827233577693,STABLE
2408.733981507178,-59.355149324122834,5.56899428230861,0.0,0.0,0.3691861410778776,10.581176172740381,0.18661921218979255,STABLE
2429.8142404651358,-42.043348861569555,12.698788439637427,0.35258683839289995,3.021374613405447,32.42815880642083,6.960357031649379,0.6249912918321618,AGILE
2497.1796431415514,-44.61717301341923,54.43846568700944,0.0,0.0,3.613633373341754,5.177031228467254,0.7968927357781604,WIDEBAND
2464.796337589579,-50.327021697273814,9.820202989879542,0.0,0.0,1.7271248009403788,18.60796060004919,0.2538482081426892,STABLE
2484.678208089145,-37.581675641428205,31.742768693828516,0.4650760536836272,3.767168818659684,23.283916186798926,10.041876937936621,0.3511227956585064,AGILE
2463.4540264951797,-47.7248869790104,7.352416591426799,0.0,0.0,0.14642988066418927,16.279446823623733,0.19585461431244924,STABLE
2413.2546314274764,-51.71999780430109,9.109593043450626,0.0,0.0,2.0412916414212203,9.831209094440542,0.27042642661009275,STABLE
2413.962365417912,-50.54782658212306,4.244022468068184,0.0,0.0,0.6401871889458288,19.209796935944066,0.2662057260518372,STABLE
2487.5023318773956,-53.44233191258071,12.183338178790976,0.0,0.0,1.7689985970818964,16.137339365834332,0.26957793660589363,STABLE
2473.388552326835,-55.89346847221478,63.900630636639335,0.0,0.0,7.2720707434637655,7.7949391230630525,0.8696757635325569,WIDEBAND
2463.9886282329144,-53.05405306029099,65.09414062244714,0.0,0.0,7.264354214943912,3.448288817141293,0.6671475918769624,WIDEBAND
2416.7948331924276,-40.42193251895464,11.354054340999653,0.3482921244614437,4.725218025256341,0.8629843239248101,7.146324166366517,0.3276157207604002,PULSED
2419.3926299384793,-39.272625924776925,19.522579223793272,0.8636739068263867,4.840226483205153,28.621553862994823,6.308055821595881,0.5027833543452959,AGILE
2416.481767242496,-45.05130397951126,49.27377287563741,0.0,0.0,5.06079502332657,7.829581480673051,0.8177871593005585,WIDEBAND
2428.7522276290683,-44.204235172788756,42.75095531462773,0.0,0.0,13.645338374835841,3.675699005540554,0.8076805321065126,WIDEBAND
2438.5860976106796,-40.40181542131725,22.18099057840434,0.8270544004076332,6.14700028769706,5.462460803760484,13.938609505928925,0.5287442124382049,PULSED
2463.744512690245,-42.81996881140588,77.1202735181742,0.0,0.0,1.813140147091116,7.155847015392277,0.8382835178738218,WIDEBAND
2476.307556411334,-46.39682012648473,11.087865235528872,0.6707876391626715,2.0761119995524284,13.983949618090184,7.991457046751912,0.5930658985328383,AGILE
2458.9530594536764,-50.7217146087728,6.4576744758001094,0.0,0.0,0.178878534061651,19.09287559969517,0.2503318683177562,STABLE
2421.918921647863,-58.259024986336684,8.029055763875137,0.0,0.0,2.05208353981121,6.289735251664177,0.2269452452271658,STABLE
2486.1956548335456,-41.16759216324261,26.084545993770064,1.2048087008482837,5.88544710875851,5.417619030644241,16.123968829027667,0.26324834696849836,PULSED
2482.1071596732636,-45.991983392686556,19.761911370280398,0.7434175082440224,5.256617356069216,24.380182283651592,4.910031546497812,0.7084206987377832,AGILE
2435.1559386971335,-71.63173378375556,9.875997890106827,0.0,0.0,1.493081099190208,8.64201395367916,0.27676826963438717,STABLE
2492.253748774183,-48.633718968123446,18.012792335622404,0.3647649017517588,1.8800896231532436,8.160120433296623,4.303748509962077,0.652128776393746,AGILE
2444.0232826364086,-46.49849306526787,17.910781715986623,0.9348805212369196,1.448379856713232,15.446249512719415,7.043837880261678,0.6901693950685969,AGILE
2437.1498422120726,-46.29854478732805,11.180267641687728,1.2065839255539192,6.903299590065441,5.703876664911176,8.10677158633656,0.36935880507170415,PULSED
2410.1894157314546,-57.753042958895804,7.150452544413818,0.0,0.0,1.7512617790958394,11.494587393016507,0.3071232191883934,STABLE
2451.0166293297766,-53.22380153774429,11.700926467687507,0.0,0.0,1.5687992520041725,10.140322705667472,0.24436087403292273,STABLE
2495.893913716575,-53.04067856133511,13.214173273754238,0.586852039151885,6.53378591283524,7.263440872217519,7.7782589966355165,0.4257535651581477,PULSED
2482.763117199258,-55.299555465917514,7.630275272909479,0.0,0.0,0.9552563644768469,19.56047036592355,0.24072823107587188,STABLE
2409.1721005824197,-58.20340143024133,5.860495177420621,0.0,0.0,0.9765733786499556,16.76121422512112,0.23864533954381567,STABLE
2486.0260224732287,-35.86215662244014,16.24983640238111,0.6021619832311452,5.403559056810871,5.299437662811307,5.195866159941442,0.45158003384474893,PULSED
2424.5356264933625,-58.966414574842844,9.002170865244931,0.0,0.0,2.3527821037945076,5.963132773481966,0.2556681995091783,STABLE
2474.4762155907815,-57.438490098307696,6.975514541856925,0.0,0.0,0.8489818174016978,12.043337169137118,0.3177383375632535,STABLE
2469.91817704928,-46.832790351950216,17.18924789512359,0.37713897557453674,3.6822771762928084,3.044082174864868,8.142832475667364,0.4594268860414105,PULSED
2406.7304070668997,-56.782868423380854,7.04344572398361,0.0,0.0,1.878937512653441,13.348332735814182,0.26615114732965944,STABLE
2405.0735472718893,-48.47581392013319,7.629342185341624,0.4671428284818291,3.2291752281490202,33.89389327078764,10.938081343954444,0.5952770613563793,AGILE
2483.7475743787777,-52.88423677649696,11.825909615463505,0.0,0.0,1.8729421297578486,13.023472294638058,0.21957368317430548,STABLE
2427.3339657192014,-45.15195921921392,14.678309102135021,0.8322605821468089,5.318508854767529,3.249209866159538,12.162199727097391,0.5531065913848792,PULSED
2444.5328068327985,-36.674459758573654,28.260558213804902,0.8907046830296842,4.01957388600013,30.8224683589932,9.587588056689162,0.5648942791379405,AGILE
2443.666748933884,-72.73371294607043,5.505365060611663,0.0,0.0,2.3966725211225333,11.326490940718418,0.2716355006594105,STABLE
2449.4631783724876,-51.52498251968537,82.22310920297745,0.0,0.0,6.750726075723215,10.347139553997652,0.9558147315996917,WIDEBAND
2454.208291979075,-44.2011770020297,11.686627439908388,0.9348596301591621,3.8754209521842395,5.836465053066898,14.70982050321747,0.5350026813047933,PULSED
2469.227151289276,-46.14109903643159,55.38047758582524,0.0,0.0,13.032395994876833,5.42403895400794,0.7452360054790665,WIDEBAND
2491.738692553862,-45.39247452967495,61.71682326385271,0.0,0.0,10.295220819582484,10.325168388012226,0.7631680492874882,WIDEBAND
2443.4123279850874,-48.60366477290205,70.56570477889669,0.0,0.0,13.33211609516485,6.660211472188854,0.7063025370502868,WIDEBAND
2468.5922169128903,-37.97889867195654,16.03504454546413,0.2740146032402626,3.136564802276189,30.2451584782684,13.36274566356271,0.5852889921033353,AGILE
2430.2830363000253,-33.70511206656356,17.08900812982268,0.3821974880416541,3.893706986256026,9.586357160474162,9.86840783222071,0.5639650046480493,AGILE
2402.1796539381544,-48.09410696328584,18.538810443381603,0.6509473958312697,4.764285293592595,9.236346847160828,6.004523909176184,0.4860196013630039,PULSED
2402.0421750965056,-40.505101926708384,21.442055269443927,1.1738752903459815,4.959139160644675,4.327913986884777,17.93078874258455,0.41076899121891897,PULSED
2471.7386031719434,-51.797123875455455,47.2063273486488,0.0,0.0,6.506975336352558,4.908437933563964,0.8807877469178069,WIDEBAND
2486.713543965486,-55.834698626881305,83.97394901720607,0.0,0.0,11.865118204764698,2.3275314962405407,0.5363629498175372,WIDEBAND
2432.9120864105034,-52.3028815437622,17.473367677256462,0.4103399554948537,3.4526025782696514,31.384725571208925,9.040688892738938,0.5491703232380215,AGILE
2477.9186977897816,-48.936036355805534,72.95909014678703,0.0,0.0,10.539959064641499,8.267916368944986,0.8088487200045927,WIDEBAND
2417.3829177470257,-51.99563923810587,62.76629111615296,0.0,0.0,14.397747618054023,7.105148327671585,0.7831904994541334,WIDEBAND
2440.398171356318,-42.16998076414642,13.675202529582936,1.1358988503318566,7.309924171724271,2.7442915743185687,10.975633774900642,0.2594294262399422,PULSED
2414.553767462113,-64.00270500202572,61.61695518784651,0.0,0.0,8.787029020453751,2.4616843682429805,0.7932760404218783,WIDEBAND
2439.342075770934,-39.40716203571404,19.339692383345096,0.22600375730694094,4.456451611962432,27.13050907311557,5.530600386579086,0.41465084285269804,AGILE
2455.190941903533,-37.55331826362145,23.078600934896215,0.46710591073907987,4.143977062758202,4.60472795250397,17.901113403965354,0.38907914730870435,PULSED
2422.114880116474,-44.80070446223401,19.473794310276517,0.7471250634757868,1.8138053065451638,1.7264270178925916,6.0310980468763695,0.4791783309834164,PULSED
2436.192548777553,-45.67346903324944,25.283444254581315,0.6037448986832821,4.744593427489196,4.663477970111079,4.609330148938877,0.5752616380363531,PULSED
2407.6411415843563,-33.73693835471859,19.963632624750492,0.22346505794181704,4.033390904372904,17.034095110983944,12.342884118642734,0.5506191976442667,AGILE
2475.6048634535596,-55.00256716862317,20.14293082855791,0.7327432099221198,5.636797910632964,4.883480429161813,14.95796943824111,0.5006275811539364,PULSED
2408.921021793276,-60.821752578075596,68.61963911571854,0.0,0.0,14.560731718264226,3.434786922022476,0.7866781854965578,WIDEBAND
2420.8136236196992,-40.0495163410427,28.538415951744284,0.8832977447104726,6.245023744313729,35.94902121442445,11.694615317113259,0.43468571895287667,AGILE
2408.1543197142173,-52.710229104593445,11.329832857540037,0.3665836282688636,6.0659539838353425,28.896711306700187,10.996253125191949,0.5364130989103293,AGILE
2441.6062060998115,-51.226206051144324,26.091837695748907,0.28932876414439995,2.8526171412888592,26.835879324273705,12.962259036861985,0.44961236478725103,AGILE
2422.155849938593,-51.86583871699319,7.5357486190092855,0.0,0.0,1.3571424256849172,13.434942416266157,0.2414776235060236,STABLE
2418.7400224654093,-47.56874914154937,35.0,0.0,0.0,6.100040653117489,5.417490767064852,0.7991831804335093,WIDEBAND
2486.0667466288787,-43.3578667223869,14.807853963657227,0.7445900247872642,5.568007868999627,0.8740382967218352,8.373177265794233,0.5647914459560199,PULSED
2413.6821278029624,-51.30845939818863,4.538656788985564,0.0,0.0,1.6315125623818418,18.72948140428332,0.36086950077736274,STABLE
2446.0503015769664,-44.72066121073166,28.132876397681308,0.4933245270742964,5.070194141462813,25.276441021712873,11.65420931820977,0.5691500965204125,AGILE
2466.578109972282,-47.23597577329168,66.55420958201326,0.0,0.0,8.26427473570597,9.714163649355044,0.6968004516843979,WIDEBAND
2442.455603749384,-46.715473001153555,18.244691963540557,0.8178161788946411,5.196656922891249,2.8023473090864313,15.06578886062171,0.4405129928940136,PULSED
2464.4851250230436,-38.83089163993672,46.51805909843472,0.0,0.0,13.015602653022999,6.839792611144671,0.7066766708732479,WIDEBAND
2454.5675694081046,-53.93643179830686,8.582462833694759,0.0,0.0,2.6788891138024766,15.572574845647715,0.0779767027730354,STABLE
2499.703465783757,-54.6738784876577,7.056447932723328,0.0,0.0,1.8675086173732893,6.596292978070743,0.2582944859235209,STABLE
2405.2858383566195,-53.28026388316524,35.0,0.0,0.0,15.562310111137846,5.025755820842898,0.715684135236559,WIDEBAND
2432.803948206585,-46.15003910495771,15.537446153870182,0.3739665529324458,5.2445509235952334,17.564199823499848,10.389501723301299,0.6045690343121013,AGILE
2448.087711968524,-39.722734853885214,18.21505371080487,0.7795439056736848,3.7402506965013393,29.170808396756915,9.203554447150148,0.636115289698904,AGILE
2422.8079407956416,-59.931011778445324,8.172507672450012,0.0,0.0,0.5555245281972074,7.102696133049976,0.3135131689685089,STABLE
2425.697911597103,-40.011266337723036,27.498612171540746,0.5666924587975605,2.311905751873227,30.408344993247955,9.683733199601699,0.6788783512817561,AGILE
2400.9259781821124,-50.33339566549045,9.614016563888942,0.0,0.0,0.204102404486584,14.302239299424444,0.31010472385909044,STABLE
2420.4914360205426,-42.89218487286436,12.126610282444693,0.23519305702399768,2.8191215059856485,21.400135906966554,4.985666065516503,0.5273974984920774,AGILE
2420.2415433921815,-45.9190015633625,26.648563953746184,0.6471010479052206,5.916915247222052,4.9782286724861,5.0571453219075915,0.4671047763709866,PULSED
2420.3900887269538,-45.74730050572684,68.48993753401699,0.0,0.0,7.85484350479812,7.599881996862173,0.9427947555583367,WIDEBAND
2443.017462123829,-42.062979050192965,21.098291136741885,0.9700635010756843,3.9843729621982398,2.935903726131189,9.554405312464345,0.5509849050102625,PULSED
2463.5447565746244,-34.88578652133344,55.399892053815265,0.0,0.0,1.0681488465510824,8.0468813531336,0.8545558552218009,WIDEBAND
2471.871628247237,-47.13010028083748,61.736922672290795,0.0,0.0,8.339804901182482,11.48435429069111,0.7238716419237246,WIDEBAND
2468.8077736485375,-35.03521564087672,22.785263568916278,0.5034075100651544,4.027460009397069,21.46023575839997,3.03648043617147,0.4738188617440348,AGILE
2479.8350812759863,-48.15512326383171,7.996163199981892,0.0,0.0,1.7427735206533357,16.650330145239355,0.25849940184346154,STABLE
2465.1019859253506,-22.607406631517627,13.424126548133412,1.0913040955188404,3.1607906517834627,3.512154484704105,5.038080511524626,0.47058207320726997,PULSED
2429.8559925125214,-42.956991857118645,63.135202500803885,0.0,0.0,8.41308152172242,2.131095637266533,0.7117642969406777,WIDEBAND
2436.167694496822,-50.33997521423211,63.0750362554248,0.0,0.0,6.746578599875383,10.629795922195603,0.9041916178619142,WIDEBAND
2497.5205446243735,-32.189129728388124,71.36679032423898,0.0,0.0,11.592001467685932,6.304268834028465,0.677574274429146,WIDEBAND
2441.3104033513087,-47.676015086579014,64.45663392358726,0.0,0.0,4.878468389744246,4.055873013018763,0.7414150835846532,WIDEBAND
2420.436416350441,-43.909327161300396,58.243187328298184,0.0,0.0,4.783170400023278,2.0454744953573294,0.7794092806966646,WIDEBAND
2459.200803067529,-53.2395005395517,20.25526341021813,0.6792133562597216,5.340680711755905,2.4555665884461524,14.168648224391866,0.4224386209040134,PULSED
2434.1194682333153,-37.8615475340424,23.617814227793644,0.5319393010729374,2.631090711838313,21.536904328235796,5.845049558175081,0.4909656265453355,AGILE
2443.9080730320443,-51.86196507803193,72.06986572594283,0.0,0.0,9.943806746621712,6.0093510772590175,0.7120397142343313,WIDEBAND
2463.360378594186,-60.85141787051581,8.972310620152767,0.0,0.0,2.1454238644384813,12.124961760715609,0.2723060584331718,STABLE
2492.273168277007,-36.894048631942894,27.196961110974023,1.1781208616661007,6.097582860888721,3.7025308184655854,8.28572612531542,0.45143027460067214,PULSED
2415.677400814785,-52.240504390655886,22.941688706057597,0.8716483868234817,4.236116807144198,4.145146161182038,11.4409906456533,0.5791396875499917,PULSED
2428.4066192203195,-46.20120418862549,22.27479876582344,0.4684128329876639,4.73494015213897,3.088549978318979,14.685020555610159,0.5178725159170271,PULSED
2425.562774396909,-46.4420381385998,11.419069231252537,0.0,0.0,2.6826632803521835,8.286750111269518,0.17466038762226568,STABLE
2487.584532065928,-37.73001841811325,24.54530474139701,0.7530729846520506,5.979474898008746,1.7968624391103871,11.778706336686856,0.4042019360692339,PULSED
2490.902215426829,-44.05287416479507,11.259463298504212,0.7611146469333215,4.629229878195233,31.747286830820794,4.096094134921516,0.3815625207190443,AGILE
2427.0161828733126,-46.37150367086423,15.240135721104597,0.7012704177762139,3.6612824476744743,20.27205126857793,5.687277943389908,0.5370014934237465,AGILE
2497.561814160003,-39.272093767266256,34.05730134845637,0.8181421702289262,5.252154428092156,25.303848104554675,3.249581873067187,0.6882710252661616,AGILE
2408.775938277155,-38.12410451056766,4.581547792179689,0.0,0.0,0.9092987352983135,9.720761711980451,0.19895082265703842,STABLE
2475.086370143829,-35.47603224663059,13.094060547578172,0.8783523354667928,3.862549672064645,17.558052919943226,12.53121246814769,0.7248553877129711,AGILE
2455.4852469391485,-42.229181605389016,6.357226641551228,0.0,0.0,2.170791362989076,9.75708339234073,0.3058943807724546,STABLE
2409.35663856088,-50.320782324863345,9.505744334297761,0.0,0.0,2.1745394480181353,8.327349532620168,0.26793508915504904,STABLE
2493.1794619552984,-55.25609857736486,8.825782790444801,0.0,0.0,0.9190844778509123,14.74088925661611,0.29010506111716056,STABLE
2418.0311445995176,-60.686118013835056,14.047562905244781,0.0,0.0,0.9273140449750132,10.688989258794093,0.16026038494747796,STABLE
2408.449321882352,-64.43224153391944,7.866093654203598,0.0,0.0,0.5623942459241472,17.013262641276448,0.3406737059966033,STABLE
2425.4772424097537,-56.91463444331785,6.502500752038165,0.0,0.0,1.3234751414069739,12.847519411165692,0.3089749723877057,STABLE
2473.3466442799836,-56.95418866044237,7.345389139489952,0.0,0.0,1.3815420763617967,19.11614427147046,0.22341927080551197,STABLE
2458.162820276944,-53.60740454019355,25.34724195527709,0.5854919983962008,3.1001363223063945,22.993459905916872,11.83046706639439,0.6231240517325074,AGILE
2409.5792349018334,-52.35637155683339,47.06112029262399,0.0,0.0,12.249647256098367,8.259043713487447,0.8261617536748891,WIDEBAND
2490.3920148198217,-46.238607168549365,14.321349600774376,1.0742965185390585,5.419679379936602,1.9627722832011831,13.445368537580833,0.3105360257834111,PULSED
2439.2875221317017,-48.607031551577464,75.46516258455247,0.0,0.0,12.134081742385927,2.419142227617033,0.8555599007661617,WIDEBAND
2431.2387812202037,-50.385114988199156,8.889884125089244,0.0,0.0,1.864238750733261,14.991493303513584,0.2527721965488972,STABLE
2418.135235860031,-31.280968754583846,13.347643194246265,0.6790266126060965,5.103170220407586,22.492424084311182,10.062757740297329,0.5423918703550001,AGILE
2410.8322674237893,-42.072730468892644,20.728318613719892,0.7687179929388155,3.543923990708959,7.516109390626926,10.011341278887649,0.5028617765132747,PULSED
2453.99054259029,-53.001781061450586,20.657841164943996,0.2588167541506601,5.608655825834185,24.264220615726494,13.999499189244595,0.6660559328056453,AGILE
2404.0733264805494,-40.644188762108556,13.977510902287943,0.5536554989825299,6.426019904726418,4.709242321550045,6.078202725885687,0.5013146387786973,PULSED
2492.916263227107,-41.71508430524853,7.096098040292983,0.0,0.0,0.9672978311036509,13.204816813673274,0.2651112649177003,STABLE
2410.1671902903718,-47.85314228146681,8.525498450294277,0.0,0.0,1.8841147227132886,6.486697123698132,0.30564630889349087,STABLE
2453.0840560792044,-41.06594689515714,18.67882559033636,0.504025944031034,4.348256930269894,18.72605968777773,7.895709366068992,0.459544907189412,AGILE
2400.450012493966,-53.386519313928396,6.760668131742773,0.0,0.0,1.8769090347199435,11.020333363300818,0.22530170066702745,STABLE
2492.717389241744,-39.22082667269082,21.425683165618704,0.5973940508554427,3.204626481345522,32.51772549442595,12.347081591273243,0.5807816870162701,AGILE
2469.1921475602417,-43.86535734008812,20.078329849665586,0.764570476114042,4.5610919371429635,5.689141719432959,5.140775721938529,0.3982386702438832,PULSED
2486.582350597032,-43.094348002835396,23.647932669029657,0.15955534428186074,3.472363052967127,18.229121060531366,14.989128945571643,0.4833203242878643,AGILE
2416.5142777733267,-38.71678536910678,18.04776491500915,0.33280722547861985,1.8585416458707096,11.634318818861603,13.317275952310885,0.3287226589105875,AGILE
2470.9862299227498,-45.31596166358992,17.146529268905653,0.8949357189069902,6.486991998104521,1.3410963706751842,14.061217988431705,0.5325219019994961,PULSED
2470.189523929525,-50.4062977312774,75.71511879142936,0.0,0.0,5.676174706175375,2.0639421625368675,0.6944038433376747,WIDEBAND
2498.367462906671,-33.24084402924565,18.75459581096488,0.665263848515022,5.795895731994466,11.365849023733613,10.779465958069506,0.7517871381482645,AGILE
2419.584815469582,-37.19886333272452,26.347920084377037,0.4896374853916937,3.219969119026234,32.591124837305266,8.877092172704781,0.4747560837703987,AGILE
2478.5872016681797,-39.40748239058533,16.310514566477053,0.8445769007896374,5.331178648897998,1.3067772542762794,8.382750808665294,0.46378373747527923,PULSED
2487.5799854836027,-34.19349288171515,18.012576582295456,0.637930656480724,5.705210645555422,2.367480377885944,16.842280309736047,0.4831072747313468,PULSED
2497.475933354561,-32.85448226240007,25.733057053817873,1.0209462403154903,4.534627177550872,3.399364053677855,13.894480170366249,0.42169359699460696,PULSED
2426.7428003985915,-48.70213220402127,22.621157429752945,0.5539445307827892,4.972770164073523,1.920311799228546,17.977408603745246,0.4378412588164164,PULSED
2444.441666074921,-44.669060002507116,56.770325431863924,0.0,0.0,11.89354126396143,3.2189323049101484,0.7008380498870745,WIDEBAND
2436.8270010841343,-45.842742588609255,63.950208198752286,0.0,0.0,9.703330435621266,7.206210202183242,0.8459449830661602,WIDEBAND
2486.407447074215,-53.27625543378182,9.497627771964954,0.0,0.0,0.9665993198345154,5.4028366538964185,0.2005521567196314,STABLE
2457.359302411898,-40.01739155929646,26.265280839286522,0.7284112389530923,5.125558360421236,22.86705742823706,7.915342507440994,0.5351625018409739,AGILE
2414.307211739293,-37.993989714450706,20.282317686937255,0.7200608335391803,2.705573474614299,40.942656353972104,12.999932981329225,0.6077851223328142,AGILE
2469.46106835232,-33.34184100230338,31.480038464957175,0.6832681767751309,1.3812553218701433,19.396742589887047,4.418969220617697,0.40858021906150266,AGILE
2411.995563131168,-49.63830605121809,7.656615230570862,0.40001700726029116,5.911163147234522,6.67290538336626,15.335636309315168,0.5523159735708372,PULSED
2407.130693644919,-49.0874994438464,19.43692846760482,0.6452440487584522,3.220913694484718,28.76206244747635,10.23402199613071,0.6053149621328,AGILE
2449.914899286979,-54.750058125591565,49.5710585866815,0.0,0.0,3.9774612629540718,9.822414409907122,0.6212499302838874,WIDEBAND
2479.067359164461,-55.29754184729163,10.694646483227118,0.0,0.0,2.9407924805509893,9.17243425838402,0.2274043166185909,STABLE
2422.5467637642673,-45.116890291604086,19.74350999009319,0.7211199996883199,4.323153908744811,5.127064421394827,15.612631312692045,0.4222968287738274,PULSED
2439.054243367209,-37.7574228696026,81.96828758795363,0.0,0.0,7.084860902945961,3.982379770395527,0.7618663328962918,WIDEBAND
2429.4732702098745,-56.281209714646565,69.085236301239,0.0,0.0,12.272029908920494,7.1706561186346605,0.858194244988866,WIDEBAND
2433.3637758328236,-53.60273187917699,8.468801785397392,0.0,0.0,1.7162745914253807,10.462880266580811,0.24114827918557882,STABLE
2492.2442957238186,-47.581022685113965,77.22748340447703,0.0,0.0,13.21786152423861,11.654303458316685,0.7823836241796238,WIDEBAND
2417.8134143741736,-48.93003751776012,7.508558452675602,0.0,0.0,0.9803170323241354,7.796829397918665,0.265192270617721,STABLE
2484.3588384762543,-53.51400459334634,7.64154674910049,0.0,0.0,1.297297944841588,16.443545285592936,0.2622032944371966,STABLE
2480.0078069191527,-60.96863871417187,5.911167023383135,0.0,0.0,1.005556474571834,13.792054327608962,0.15617769288741107,STABLE
2419.651781839232,-43.61146414947854,19.50255238412561,0.4676210842121288,5.569501103527425,1.5023625486363694,16.71292698743904,0.4531808767421039,PULSED
2498.662874686323,-59.1772723094794,8.447934856746896,0.0,0.0,1.5015994851320698,9.260769657897733,0.2080791738409102,STABLE
2466.0043485406,-45.34659948212682,18.23359622392102,0.8367498521156465,3.983182262782622,5.873187597710878,6.4917590505399705,0.44641150489477494,PULSED
2459.0877129648225,-44.21075327050478,62.26110971663006,0.0,0.0,12.63115639532257,2.0345422485712756,0.8013776078557517,WIDEBAND
2414.2103925851643,-53.506396537620056,9.69260812461546,0.0,0.0,1.7552758672188593,13.762432237749438,0.2443020813644397,STABLE
2457.3096141341516,-59.96179506128165,7.99034325544678,0.0,0.0,2.194453199080938,10.492345517036298,0.24654581425567576,STABLE
2497.985407159534,-46.06431556392593,20.584583953820403,0.7089341843068446,4.598720715383294,4.073450056528968,12.586026504878628,0.2713787729138426,PULSED
2431.387150665605,-40.69848613629909,23.133006647511362,0.8802378551411113,5.7214590211897995,3.780161365180475,5.593689680736776,0.4552197702383884,PULSED
2433.3975171894313,-48.92170231861739,53.516819692557135,0.0,0.0,9.07412832831986,4.55253738869175,0.7695519501501318,WIDEBAND
2472.4922262174305,-40.33738762881194,18.484655117244824,0.14518502965563618,2.4169295858714346,19.102940436188085,14.353766452796926,0.6207445799569979,AGILE
2464.851229840514,-59.2249596254471,10.862954227854834,0.0,0.0,2.226869441290518,7.6377462392150886,0.3576539067597152,STABLE
2450.862517405116,-45.54307275524019,16.77945140085719,0.3496580604143551,1.3886276743648853,30.41919904287363,7.255719325414972,0.3882384651164185,AGILE
2408.852169309078,-51.3274936588615,87.9673778310228,0.0,0.0,4.637950844133023,11.921290254555736,0.7033871108778259,WIDEBAND
2406.655885695518,-57.209493740728185,8.68311110188102,0.0,0.0,2.882958115524474,9.655020108861116,0.23528332924347342,STABLE
2458.4547395148543,-44.29997947112935,18.187423809873337,0.4773057393108081,3.4832871209763314,34.526334590773025,14.735277332098992,0.375094157672841,AGILE
2435.7369623502054,-53.21493357288667,9.773518108809476,0.0,0.0,1.1087380255048611,18.325481795942608,0.2071867611177787,STABLE
2499.4343629939763,-50.75264829940222,7.754794349049016,1.0025815041921304,4.355496656457815,0.482918804828004,5.880599641464517,0.5484446380745361,PULSED
2464.5784175303593,-53.00164738241162,24.101705099305605,0.6521870919534777,2.6167241279348716,22.3932800249888,13.657873483995008,0.494136421094733,AGILE
2484.067201521382,-38.60502653215337,8.019776314378237,0.6914023658583981,4.833161301864115,35.01660017006871,13.151677102706316,0.6409633403385335,AGILE
2419.82042272129,-57.362447033347436,9.042334511464226,0.0,0.0,1.2873289664676968,5.081447511930507,0.2997711425214444,STABLE
2466.7675416422826,-40.74447851875187,6.160393905694006,0.7036081995061876,6.400564841133875,3.658057421934129,11.669684123750862,0.39745254222899223,PULSED
2474.3853944749085,-48.89616191885534,17.289637337322826,0.41281430721591633,3.592732675530692,26.96959762143036,4.077484202723342,0.40197959729593,AGILE
2476.720602686758,-43.20187686902257,67.32108463032338,0.0,0.0,10.598700131968256,6.2415595579212395,0.682178259487758,WIDEBAND
2440.9197063099955,-31.17283814903451,27.270374552672052,1.089105443308644,4.838737719506244,29.344841778988243,9.610716229962811,0.6326014897495499,AGILE
2498.341707599294,-56.914639582065384,8.43446238962105,0.0,0.0,1.3383334036884766,16.940428344655675,0.2651730888981939,STABLE
2494.81025509469,-20.93160906606447,18.567056995106196,0.28822103040748864,3.2297617383774004,25.528557504322436,5.750560326851373,0.4575176324020196,AGILE
2494.957277065366,-50.12045392768216,7.904490763022919,0.0,0.0,1.2834609957250447,9.180652708345098,0.24371280078113136,STABLE
2482.7362519947196,-59.132386960647466,13.489249131253,1.2396279582761114,3.42993883374517,13.577702656161673,12.021543117081215,0.4602196254968025,AGILE
2418.8398417243957,-28.311074130026178,29.34188801294419,0.1661156216603018,3.5266694675087216,29.00550601186575,12.71622896731667,0.7282766745040365,AGILE
2421.5357167479406,-50.1452950696864,7.680774664958655,0.0,0.0,1.2688752953178735,6.639067490491332,0.18662530044008824,STABLE
2496.629688726042,-54.48777171038447,4.67699016052298,0.0,0.0,0.024703639065980054,5.3971865195744515,0.2144812715362012,STABLE
2420.471995933541,-48.919550560530865,26.711569230981166,0.876852691623506,5.209534217001446,3.4755062829261067,5.550361963817686,0.554400839107714,PULSED
2482.0570669710314,-47.797113004245716,49.61295214064085,0.0,0.0,5.267053322828026,10.702719089110332,0.7974229266869348,WIDEBAND
2472.6180128383903,-48.37192470758482,7.175326255590539,0.0,0.0,0.3665263259225007,12.091759591384973,0.2778021883619612,STABLE
2462.682498278421,-68.56248854402712,7.6184790793309025,0.0,0.0,1.3697608026939143,6.660863879008315,0.16257172522482663,STABLE
2474.4340259012656,-40.06476201812998,6.781458340591604,0.61176355039169,4.0113301463585,4.156641383477862,9.723861263644373,0.43868231251040923,PULSED
2433.399264187917,-38.60882598681538,15.160738669895327,0.46606195385403226,4.5201777048807665,22.94697971636627,11.850574590281745,0.35105615752760716,AGILE
2450.3178526724887,-58.51550926270951,8.536325561910632,0.0,0.0,0.7395710342514062,12.684335640574186,0.27698891959339206,STABLE
2463.6496119677167,-44.02532600943135,29.17254901625769,0.7770163830025337,4.453175987703429,30.54015872687493,14.186061166087883,0.7674771741816685,AGILE
2411.4873442718003,-41.76387460176166,21.57411818193307,0.19279552601515942,2.413682928546043,22.076857311334113,4.481562247607987,0.4686897247133781,AGILE
2488.973098785485,-47.45874243183969,23.666566347791047,1.2160290271924017,4.1007250629022804,3.473246649104051,13.95554526679298,0.48892791981988887,PULSED
2414.958317547539,-35.61910716036613,5.0,0.9940610162424726,5.582016640671237,19.975573894441457,13.975797116855112,0.6004386951462689,AGILE
2438.154588502432,-48.38002094004417,20.579328477799,0.3731158257450215,5.915745006032179,31.266651752158737,14.298212860625263,0.6551722090195496,AGILE
2479.8080437619365,-58.773474376843296,12.94211385219902,0.3342646130419198,5.502824724629576,0.39453289989059703,7.530860045894826,0.5811619212597938,PULSED
2406.999935469195,-36.851280310903554,72.86452775767793,0.0,0.0,3.779071799956659,7.904741446776414,0.8012361851694011,WIDEBAND
2478.6882590465175,-54.312803693710464,28.1458947974565,0.6417901626217115,3.3341881856123092,21.518871434688414,5.42636376629597,0.25469045712552113,AGILE
2423.0497907991453,-42.51817949826525,69.14120194943058,0.0,0.0,11.68170953600168,10.492528189584927,0.8519241613955028,WIDEBAND
2431.930509794968,-38.11847141099125,31.7916736679047,0.7894919286711279,6.390523494211211,18.451197028786105,10.039174938669406,0.5485569744279842,AGILE
2475.998501149615,-52.96114855305741,8.920437278870127,0.0,0.0,2.295480374499455,18.22425831864295,0.33460971971811615,STABLE
2496.3018833906212,-47.30847457002037,17.091103865009924,0.7824064979796314,2.6006644053733847,24.566761086219714,4.843675991913765,0.6319890771329014,AGILE
2475.537154122531,-62.6755238330516,9.052404036247792,0.0,0.0,0.9789005679459583,16.48064783591491,0.23295405967835303,STABLE
2481.185555996824,-29.46594809819407,28.06481218951238,0.9723496978572175,5.028086283959628,8.10007967889748,3.881142339568412,0.5806888220693059,AGILE
2490.363067908614,-56.602503905456075,62.04261991035673,0.0,0.0,13.345077429313015,5.924347451053921,0.7752299673922317,WIDEBAND
2467.322238256099,-35.129533109644505,27.07215064799845,0.7387359005039829,1.5748436031873743,31.030232644229713,9.920595970374073,0.5673556545678038,AGILE
2423.1246267119873,-45.1598714173056,46.58347991157008,0.0,0.0,7.524369519670028,10.343738752092635,0.7743700652541216,WIDEBAND
2447.303789010672,-43.624063624499634,84.37911704933856,0.0,0.0,6.7051889336710095,11.40507708528319,0.7062096873049777,WIDEBAND
2475.383510565564,-29.789365246020118,20.266879633801075,0.17413327934993256,4.957465537215597,28.136774442078256,9.02253087932512,0.5240428684378856,AGILE
2478.665462460342,-58.200581481384994,16.14675039758135,1.0558966616562517,5.846216391164099,3.826156125945713,9.596100268553311,0.3837391683524674,PULSED
2491.83962113903,-48.652991391226564,8.544666802256657,0.0,0.0,0.017761747948043194,17.666203199888653,0.28388260019278966,STABLE
2457.700833129137,-47.710655337383876,68.94934436686414,0.0,0.0,7.453070334150005,4.531789459588181,0.7765119411930606,WIDEBAND
2415.0129556749257,-50.04155614064045,8.558483107867124,0.0,0.0,2.5950277055228503,18.295022358995354,0.27976724248532714,STABLE
2420.5819793013006,-43.82609463163072,9.205304892612999,0.0,0.0,1.3540001258797907,19.042653974602942,0.16541083426313138,STABLE
2416.1986756147157,-44.332869808860636,55.23195151319658,0.0,0.0,5.617376401467657,4.182328619742214,0.98,WIDEBAND
2440.3222742749367,-49.873731306117,27.410901468365097,0.8632015163238218,4.047445441895455,3.4670105755608334,10.665532048464264,0.4255378417143937,PULSED
2437.154320840636,-49.34340519264835,6.030010144551117,0.0,0.0,1.1355777239972555,12.191256122088367,0.16540181781496746,STABLE
2477.572581402228,-51.96468961278784,11.003203745262386,0.0,0.0,0.13469015493257763,10.603865097085869,0.239204793153713,STABLE
2434.9368105095355,-53.47346814526897,22.156594531396507,0.5401775070308988,1.8648998430369819,18.44738937709507,3.3253528336056313,0.46356067803439127,AGILE
2422.577519406627,-46.53209808473973,7.824328642792601,0.0,0.0,1.663765348816424,8.689715272859303,0.19615042174872027,STABLE
2465.8758989206776,-60.02811508255411,10.332576613064973,0.0,0.0,1.7892804174748669,6.432251179388262,0.29121722006624895,STABLE
2415.442308802214,-44.764883916732614,8.899956682693096,0.0,0.0,1.9506504588131397,18.24238349051117,0.26979661231943586,STABLE
2495.384127221457,-23.264444653210976,27.30840242029225,0.5778139658411796,2.6324810689796956,22.910877961927113,12.305023430346797,0.6011422567725868,AGILE
2458.558201344424,-48.83336510120904,10.789535013450624,0.8250740160766517,3.798986437620578,6.241775326122264,10.786899090948758,0.5879680885194639,PULSED
2471.744669686941,-37.07788177897069,37.092950763873915,0.9633845328143373,4.200270070586818,31.86747564637186,12.948229461293776,0.3926585346589446,AGILE
2425.8861209190036,-40.613725878314874,33.33082342785667,0.6159517731034372,3.1490803007676056,39.96722236357777,12.312970973586285,0.3894821852790945,AGILE
2443.130384683707,-50.34721450622,70.73941496391866,0.0,0.0,9.003023007328155,2.662225406560124,0.7428547684358766,WIDEBAND
2408.954493393737,-56.19105993610523,78.3722621620798,0.0,0.0,7.781011620728091,2.512301527050678,0.8678245093078342,WIDEBAND
2400.5684574817,-41.97718564520697,72.79747464235493,0.0,0.0,10.799902816890388,2.1514795111902245,0.7294752156238018,WIDEBAND
2439.345707398832,-56.62825895759035,7.960196658186829,0.0,0.0,0.9754052300541488,13.325634275788216,0.3361586874881065,STABLE
2489.128722175646,-36.69187997098827,20.89546951754369,1.060589016431319,5.744421638243395,8.820668977566816,17.603655946013724,0.48185053416066587,PULSED
2447.5333451383312,-59.02689277078403,7.044795413333642,0.0,0.0,0.8605308285400209,9.260087245037345,0.31947814315393297,STABLE
2424.998992965781,-49.315624266687884,55.03596008606635,0.0,0.0,6.18503167089678,3.384183897570649,0.8896375717925062,WIDEBAND
2495.2947700437744,-44.61801296864252,42.48701601295038,0.0,0.0,8.531273572485649,7.163954207533141,0.8340548308675544,WIDEBAND
2431.7228903096106,-42.41021654527059,21.586030810268007,0.2798633556031571,4.603248301678922,34.67132761817256,4.740805739213329,0.4702934848150321,AGILE
2482.892413078561,-50.97556431355593,11.599097471247884,0.9308681887867627,5.4959919481825965,1.3957837558812507,14.900686108972922,0.5140575864272886,PULSED
2478.7123922607475,-41.748666113420704,78.11613367027786,0.0,0.0,6.783264069631766,5.175442873963254,0.7522821481530224,WIDEBAND
2417.733366329673,-37.64141818391852,26.878490161828573,0.5872641940471074,4.768144375090168,4.777250548288901,10.721994563602156,0.47162359573662643,PULSED
2492.105719729519,-55.34069916635615,7.659184837671591,0.0,0.0,0.8764140826196642,9.71676037616302,0.19890776864885393,STABLE
2486.079863893332,-54.08568623918703,73.55003226835602,0.0,0.0,5.0264519238495895,6.737124628727981,0.9272297539542292,WIDEBAND
2463.4542601964067,-47.86289884617647,17.287748621820352,0.8682059218325335,1.0361546723125916,27.037199178830797,13.337704825052818,0.753106262728903,AGILE
2480.8375340521734,-49.12673332236505,71.70090071860844,0.0,0.0,1.0,7.265933518964808,0.8143465541749103,WIDEBAND
2418.4584695824647,-43.3983258564296,11.075084393371267,0.8770241336285202,4.336995971754418,4.423020026864942,9.298610656387009,0.4877386871080108,PULSED
2439.3033972665926,-46.99585430295476,14.215760452095031,0.5403562091441835,4.704994728608889,22.360136124629204,10.156057936697284,0.5441875044964513,AGILE
2467.387682292836,-43.42092735305545,19.10606701196256,0.7450448526915038,5.444821211589388,2.262770918292902,17.101316628781618,0.43350407822739156,PULSED
2478.9839560550026,-38.722206982705025,14.613190821469034,0.6591130856163335,4.854742828805227,6.887398605895312,9.085071464293785,0.513504679187309,PULSED
2470.8209722359725,-47.032159948373504,17.94519134590062,0.6298914789050081,6.391294544139722,18.13441745535281,14.295537346414804,0.6274837754792424,AGILE
2441.052949756844,-42.239645287584786,17.01152103501011,1.0763307993637081,4.158790229756712,29.33930192952655,14.40047049186949,0.555495844967246,AGILE
2461.028995170385,-40.03643796563206,6.169548557693352,0.0,0.0,2.284538635461941,8.060197198310615,0.1902585863894916,STABLE
2459.8528489043265,-62.55283875810602,10.096059155234505,0.0,0.0,1.1268667951940523,9.976239686888343,0.2637676218675058,STABLE
2468.251708390003,-47.043778469589846,77.6360184946945,0.0,0.0,6.265660002642908,3.6080893928153293,0.8864573157295925,WIDEBAND
2410.119336675333,-53.25560093279906,7.290824905497284,0.0,0.0,0.39775642245081144,15.185773344319896,0.1959379582447029,STABLE
2468.9761848444086,-50.815070128474,12.554860897112196,0.0,0.0,2.2768050687673504,6.0370991751089225,0.2767996909167342,STABLE
2406.360675603595,-48.988879408744445,55.29152599411813,0.0,0.0,3.868705208843221,4.064338077965261,0.8332080556176991,WIDEBAND
2489.5468110509314,-39.331394909953644,25.99465490189217,0.7075688421076789,1.7907623522954719,23.85578984173673,7.219878551964545,0.6149061880558893,AGILE
2419.998518419034,-41.75281690208325,20.6951112132252,0.9319016287223144,6.971381201418163,8.072036424342304,7.772113957155097,0.5038538937725087,PULSED
2429.874605536695,-38.343011081403915,37.07084717194603,0.0,0.0,14.01902682269172,11.694094266532481,0.9338711974684847,WIDEBAND
2483.588501755314,-52.38232328060282,7.560676656122885,0.0,0.0,1.9519525228374517,18.26915003975421,0.2033125694883645,STABLE
2433.4775309632187,-42.20629010210306,65.76404729835622,0.0,0.0,11.546342244869974,11.6203943896059,0.7826516576138703,WIDEBAND
2455.4898942602504,-37.73299323609803,16.241630596775323,0.3898477187532031,4.562587007276285,23.30599943810447,14.856201221044119,0.588137356433755,AGILE
2457.713744045096,-47.52229311198191,11.857048920440768,0.7878571278001824,4.80141176644296,2.42696977200184,11.61752760610361,0.44523995773706104,PULSED
2455.29930652529,-59.93350010374192,8.404612383662387,0.0,0.0,2.175508152388256,10.645392102212394,0.32973763542621937,STABLE
2488.0354882012816,-43.51728375958946,7.445323582412663,0.0,0.0,2.491079907738767,16.299644233944754,0.27492512981760936,STABLE
2455.533576971204,-47.283158245937265,61.76129870477269,0.0,0.0,8.131090325153242,6.284491368744544,0.7373055392725603,WIDEBAND
2407.7204720851373,-45.76916682918859,86.75783600196407,0.0,0.0,11.08093269529494,5.7986357575934315,0.7018695307397181,WIDEBAND
2489.3736006672416,-33.506488769024116,15.629576090265157,0.8318130075743039,5.907784057905967,0.13544586353304933,4.827964508081567,0.479161252741828,PULSED
2437.6734007874875,-64.37730607203909,8.457540057857877,0.0,0.0,2.2739730183400084,12.833763409735582,0.15466614614927648,STABLE
2436.764524286362,-49.09465136865573,11.546429450792324,0.5858926427009151,1.7056926717853447,19.465347399465447,12.595238203904952,0.6979676229538825,AGILE
2486.9361826878526,-54.44392332382598,6.463288680904175,0.0,0.0,1.5687947845981,17.63682502179001,0.1840204992493395,STABLE
2463.5764128887,-32.99205231540537,20.641601616394382,0.5837865049655058,3.272758069377433,3.586895825590855,14.03729871144443,0.43235069306444895,PULSED
2416.98466119954,-48.6421269316647,71.08447482390842,0.0,0.0,9.72847368487211,11.808444899917042,0.9145281701903686,WIDEBAND
2457.6452427539216,-51.133588634376764,95.98618748305198,0.0,0.0,5.164404013680328,8.911861289824857,0.8963618048800364,WIDEBAND
2481.104826504694,-47.08424229072415,59.88831570912711,0.0,0.0,9.49120102665067,8.077132838344752,0.7665954760187351,WIDEBAND
2465.686005036448,-49.115008512451155,47.722954922466954,0.0,0.0,1.0,6.296942185963046,0.6694185010626831,WIDEBAND
2460.843218606151,-39.13770384664671,24.427327937290187,0.21216832515014195,6.55254017132329,43.12762436891259,10.333021444080144,0.6305880762129992,AGILE
2445.891577553834,-58.83326708946005,7.449715497546633,0.0,0.0,2.6959530489875165,15.026044426857075,0.3080967012754888,STABLE
2460.8922272246746,-44.52006477322227,18.325845479069965,0.14467545968262557,4.348055997997479,29.048037306043184,10.186172532402269,0.4167623043156888,AGILE
2456.096091558264,-33.89761127532519,19.18482332034058,0.7910667329298274,5.844272579142345,2.845049958158196,7.673229983887397,0.4359457680542908,PULSED
2463.3920664084735,-47.48006800372804,20.93980473206555,0.604603029443701,7.312877304792506,0.6187751938479877,5.3715046910054705,0.45719907752870664,PULSED
2461.9677362135717,-47.74287578534268,8.954821146872177,0.0,0.0,2.8752872560183427,10.954320427572508,0.34737840691776284,STABLE
2423.5997262620554,-53.73825225348312,6.570246876204981,0.0,0.0,2.5496202097759317,14.644976350112488,0.13392815585721293,STABLE
2414.794667017456,-36.316237329736836,22.383528080202467,0.5708274850158357,6.5296385139028885,30.905191330664273,3.547106222137467,0.5128746734047871,AGILE
2407.7189625439405,-52.77240818408331,21.60221989796479,0.2,5.80233193937895,0.2596907669164903,15.060655061985917,0.34495802705965994,PULSED
2468.5214619366134,-56.729712748763916,8.809964637849353,0.0,0.0,3.2875089969581457,12.821648152369914,0.2751678935711949,STABLE
2468.4430041394894,-48.894899031653715,25.673604716398348,1.1290870503011652,5.812709156423855,2.314080268308218,14.144839098963164,0.42387169627227256,PULSED
2442.9162374729476,-43.25744812139513,29.981191921302255,0.980724017342498,4.224469897668929,29.52408897323578,14.16163484656778,0.5227819472703412,AGILE
2417.977170779491,-57.95814553229451,3.5492736258040347,0.0,0.0,0.6274720205045721,15.030421442651292,0.2544499705963613,STABLE
2418.690953747987,-41.39896174296655,76.4807403271344,0.0,0.0,7.322173025708745,3.3263623794458868,0.771185526264361,WIDEBAND
2403.1035892505593,-39.399891706988846,69.42929320401728,0.0,0.0,8.302631854799474,8.374542835383025,0.838632474476936,WIDEBAND
2445.721904419402,-43.09464864444886,14.882918524995516,0.17598011724190432,3.0081383221626643,39.98038222579057,3.6371375339693777,0.748351571333356,AGILE
2460.045622263996,-41.754513405490265,24.06743336533529,0.8057438065861372,4.087391092399802,28.22094943495272,4.043423823889597,0.5987605723648884,AGILE
2436.5713384229903,-54.18689275236921,66.20770186877307,0.0,0.0,7.650409230817978,11.449686754234813,0.7993704022960271,WIDEBAND
2484.5544642554005,-51.84152433785066,23.3921803820434,0.6908788804087459,4.969232804140193,5.123688836477145,8.144752189312154,0.4954323450795627,PULSED
2489.581318881702,-44.1543421969054,71.80150435009297,0.0,0.0,9.831486589738216,5.25179472947566,0.7873232526384254,WIDEBAND
2449.066577023924,-45.523762874933766,19.41122756698427,0.45717659053297877,4.203633807015976,27.734061450861162,14.083318017888569,0.5470585545048424,AGILE
2411.459436043002,-50.81126411459294,15.027155281751138,0.7508874292962013,5.703045988253005,4.640891529569676,12.52705615176677,0.5535328259133723,PULSED
2439.747408369065,-59.11364195414957,11.094178972263219,0.0,0.0,1.4341394574458128,9.821010202137153,0.2180048690390382,STABLE
2453.076959059905,-61.37448647115738,6.941121145267853,0.0,0.0,0.7985113774659294,14.778965383699612,0.14453629651860211,STABLE
2433.2101187841004,-48.902060784755804,12.463572290984782,0.0,0.0,2.081117210559167,16.436027595570746,0.224082437460765,STABLE
2457.6058377457193,-47.568193167140905,34.18973364709035,0.7232471711757746,3.150770715751242,23.372315111656768,14.190029283326048,0.5491279324786968,AGILE
2409.42298644461,-58.29007322719011,8.08241213356324,0.0,0.0,1.4507874563162901,11.31582369493568,0.18848924833334946,STABLE
2488.9052687664816,-28.272335801361866,18.462928058957107,0.7075978165852987,3.680392740310745,12.013854492316733,12.359486537793288,0.6253413441171479,AGILE
2406.3773131510443,-52.43952903493096,80.45198684982118,0.0,0.0,1.6653691158508606,10.769331554045996,0.7698993223449023,WIDEBAND
2458.555862280572,-27.748999031289934,18.785370953257917,0.575189397318257,4.357069352067369,16.112234947583197,3.822538535080542,0.7281925864365022,AGILE
2456.7664706413984,-58.97061909230371,15.502275189094314,0.33151304821418526,5.936493149874392,0.905537346821971,8.88235927693824,0.4911220163969122,PULSED
2415.8250180940063,-45.962128950251866,20.09224684492461,0.8862042694724471,5.698823128840547,5.122561052802434,12.039800578874203,0.5292213198163955,PULSED
2427.3606518465485,-50.24077615970074,18.683496016636063,1.172610403525131,4.0023611614432335,4.290333560794025,11.280717900693269,0.44495959873305785,PULSED
2409.278545412674,-60.19849683195663,8.027796418665023,0.0,0.0,1.509022157294928,12.615154961926667,0.21104422482339183,STABLE
2478.9142039868925,-53.59242651463938,11.401585516856633,0.0,0.0,0.9653293053162378,7.715147760052586,0.2687627547564881,STABLE
2496.117925974668,-50.50986157368905,76.6352246152317,0.0,0.0,9.943095099553716,4.350856636004627,0.7755689667164626,WIDEBAND
2425.737231305515,-55.16810670937446,8.386363159626397,0.0,0.0,3.265220245712322,13.486853290611359,0.27533734114752156,STABLE
2402.7547621291455,-53.06925178570903,2.0,0.0,0.0,3.4289952317117476,12.937643288567926,0.21425780347519563,STABLE
2432.4019075339006,-49.580873812433246,16.34005783291287,0.1,5.534369023038336,27.802705792580248,7.927409883704441,0.5803455084189537,AGILE
2497.377498540484,-37.07481808819849,25.935611800521766,0.8340430167028468,3.3899584281887165,29.148921372768612,13.90722056138745,0.520705391815287,AGILE
2482.743716378796,-49.79674225369281,25.03337104480488,0.8684068186336528,5.521745151457591,4.263258622858349,14.036162421595519,0.44986537516040226,PULSED
2413.665197007798,-44.92799290863767,22.32292597763828,0.7750386565321409,7.169958913392467,3.6869228445698097,15.104777238900192,0.43631743027058145,PULSED
2475.5713322332467,-44.636730320977286,49.53260005780471,0.0,0.0,1.0,9.641309697217036,0.8221144218036383,WIDEBAND
2431.7722334809296,-58.86136674970389,7.480771937308451,0.0,0.0,2.2758435899133964,11.1566221033317,0.1910854092429518,STABLE
2404.869781914251,-29.614726530473735,46.94948396051928,0.0,0.0,5.11425203121316,8.90699247139789,0.6988448050669493,WIDEBAND
2409.5504130732193,-54.57011790348917,18.875747086928868,0.7706066855010201,5.653612876606534,5.662694102038267,11.421954424226215,0.42574453172961985,PULSED
2463.840602329049,-48.45648436661161,71.99829982905419,0.0,0.0,10.10168244589053,9.142716932956716,0.7629158839575773,WIDEBAND
2493.4426115655015,-35.8656228750897,16.210323729011776,0.6112426156137915,4.796806763877832,5.662256870497464,13.485011892805764,0.4295690870516586,PULSED
2439.9094499772164,-49.50739948654646,31.28404745735,0.4476666886336711,4.29831670731865,2.988515790846119,15.900766235721251,0.34438922800180005,PULSED
2486.4329579821933,-43.81571960128118,7.246410052816124,0.9487728843301966,4.673889061039035,23.951916523572883,11.038389802748409,0.4553074343943115,AGILE
2477.7633738240297,-29.69116912738623,21.165104741434778,0.8686337092777625,3.8283519317777603,5.822501601967692,13.559702173439923,0.32463548402540954,PULSED
2494.100932958674,-44.87158824937031,80.8972249409313,0.0,0.0,9.629325856346414,3.46917109281256,0.98,WIDEBAND
2455.3819141654058,-43.596016030032054,17.28670943367852,0.4386762629422175,5.719008988135987,4.0843473982823015,7.967309715880901,0.5522213090873328,PULSED
2418.8365386135697,-36.00343468154743,17.949870740066096,0.6970401229379662,5.947153253532845,2.4115912368006316,14.317697720986809,0.5366273597930963,PULSED
2457.413680681162,-46.38623238907231,7.037300793977909,0.41458466385434367,7.462423548515952,1.8149280324557688,7.3765663431542166,0.37527306100659236,PULSED
2498.0889749834446,-53.72712749332614,46.073480228007185,0.0,0.0,13.196123452198037,9.725310530482172,0.7421405503081177,WIDEBAND
2434.186055624809,-52.2470669053378,49.32121422561383,0.0,0.0,6.893524914045226,3.114693589286432,0.8264822241301156,WIDEBAND
2427.1494490876416,-37.48267565800323,13.84450979021653,0.6414228113093002,4.647440501318877,33.94374112820596,12.958363758849716,0.5122173937389334,AGILE
2403.605983427736,-56.759149519892574,11.874462324859033,0.0,0.0,2.3847946959258386,13.586868996831734,0.2708625071470574,STABLE
2473.5565371959233,-52.89602245910468,25.319632022571668,1.0075994372768857,6.582847203098277,6.775442539341848,11.632500997236832,0.41377050516966923,PULSED
2423.565795556903,-55.25925896137609,9.736353559453336,0.0,0.0,2.221893933708256,5.467337162400056,0.20574658815592334,STABLE
2469.638056606511,-46.99222301239595,10.568375120999395,0.42740340595398507,2.932809357312918,6.168674013838889,10.555283499204842,0.6059969838964924,PULSED
2463.4006480178423,-44.04972849039312,12.9823829901887,0.6754081832406694,3.6720504753298076,32.21747142364337,8.352006055406797,0.6116107773497037,AGILE
2456.610698742399,-37.247605796599615,16.065907220554646,0.5499516391200383,4.105364891062769,22.31435889040389,7.415561045251829,0.4264991013106063,AGILE
2448.282761287494,-53.51556263406589,73.86199733725465,0.0,0.0,6.99964300634652,8.204372484805617,0.7915632230106623,WIDEBAND
2465.170190183292,-50.13095593266384,30.786199026768823,0.7378934907191822,7.419807363624365,16.815807748059896,7.406065963555719,0.36972875829671736,AGILE
2458.4638834134166,-54.9313273654512,8.497574619602165,0.0,0.0,1.5353699024833585,13.043006196670628,0.1850543681567028,STABLE
2470.3587257178256,-41.929322828080934,22.67971320650783,0.2589807821317325,4.89731278425365,4.821103270116591,15.014582210187323,0.5268925770974281,PULSED
2419.527718020659,-56.037598677039576,8.328294720152849,0.0,0.0,1.6970224731950867,6.583481937711852,0.21524830092850605,STABLE
2479.946578242695,-55.96225981567158,5.18009301997111,0.0,0.0,1.8641621797097134,5.2309498244085475,0.23633934224885034,STABLE
2460.0849376407027,-53.150949467649504,7.10864088789358,0.0,0.0,0.16579299490389943,18.186701768549575,0.2515462116216995,STABLE
2461.657707974619,-42.67470523243203,12.082558945655691,0.6781308203198351,6.06326162319283,1.598450268153865,4.055192655457544,0.449270363797898,PULSED
2406.986442597481,-48.846410242926744,12.459797267769146,0.6967284030847768,5.040332344293892,4.461545589910555,7.009948793880621,0.5221157360268288,PULSED
2481.576361159541,-43.203235171746456,4.904334334520177,0.0,0.0,1.2877119133485964,10.06234559576658,0.13157903941548393,STABLE
2407.603233365167,-47.618967225416064,92.82438005984862,0.0,0.0,17.883855557644882,5.942264536983339,0.7926215499027316,WIDEBAND
2478.1292754738934,-38.26992954418177,17.21321134591703,0.40389112258130944,3.965563429827028,45.031408038817794,8.649338905981983,0.5861437803364823,AGILE
2432.1062721845947,-44.602423571645986,14.91353024293901,1.1345448925115798,5.245739132359398,5.261601866848962,8.449488792917377,0.5620142828635498,PULSED
2429.960793152933,-43.01549293244887,16.33674687207664,0.5265969033006124,2.8250541242276546,14.432983178009678,3.488989122005922,0.5279295140968533,AGILE
2490.43032973274,-45.20742746358795,66.08888486364644,0.0,0.0,9.15548508969029,4.392433079633277,0.7775398572909421,WIDEBAND
2455.907055746581,-58.362993620277415,10.830313129825232,0.6832435262300598,4.869947787255023,2.8887570807795226,17.11159755319641,0.40451935643933534,PULSED
2433.3619609492544,-52.20434290289751,16.14582559156744,0.9638314936447946,6.778747759234151,3.600826157672324,14.943470876902664,0.4557296822808547,PULSED
2453.739862556934,-60.04291097397351,8.043396342119832,0.0,0.0,2.8022831749552513,16.212588316459296,0.20114274681560307,STABLE
2415.911774709047,-46.02575967291983,10.113219698083213,0.0,0.0,2.046902983583777,13.378461001518597,0.3538857250619406,STABLE
2433.092697216356,-39.558212881682294,57.0219078857864,0.0,0.0,10.666104962126356,9.113627939039896,0.8245259023298015,WIDEBAND
2439.7651967054676,-33.69709110982059,24.569031994440472,0.5847884876569897,5.012460623423133,23.38909091556294,4.610683356392849,0.6294802350147363,AGILE
2414.5697598965726,-54.70275093914666,14.95866212643751,0.5811734048900696,5.270719580669808,4.186395159431765,14.096915818834248,0.4107581997525862,PULSED
2402.6768196568764,-53.016082608212685,66.85872771029113,0.0,0.0,10.892316012028578,7.09588786042361,0.8530732332783245,WIDEBAND
2434.217430791979,-42.01151820270417,72.45709127884496,0.0,0.0,8.143568797015423,11.479523182076012,0.9202213454687148,WIDEBAND
2481.090631714986,-42.38973502209826,69.83932827733177,0.0,0.0,7.491230711372866,3.386789785889009,0.8705120740780311,WIDEBAND
2407.636180347261,-47.58530264203515,6.488706567149615,0.0,0.0,1.5449146721953337,12.402262366448255,0.2251836854353349,STABLE
2427.515252560171,-57.02099180584356,9.239403930964958,0.0,0.0,1.771900288954163,18.654903652778785,0.27458970743972155,STABLE
2444.7614642386866,-58.19921421828077,78.88532648690372,0.0,0.0,3.4537340331686934,8.524284310412831,0.8421925654754013,WIDEBAND
2441.9114319316304,-39.89515577479648,11.75368922256334,0.0,0.0,0.8174053195529439,17.06541373419456,0.16219347988977983,STABLE
2456.6052898675266,-49.13714863308626,86.09756711847814,0.0,0.0,2.321875435270326,9.312706092799738,0.7260781141623199,WIDEBAND
2487.7175366378915,-53.707937240267505,9.001626267092222,0.0,0.0,0.9981432592664968,6.025218355934411,0.23393735037715155,STABLE
2446.9326934190403,-57.17062286466503,6.117755808150084,0.0,0.0,1.1411486335773164,5.669736334614183,0.15605445566916915,STABLE
2414.228080243871,-50.1173892546935,60.951930643901264,0.0,0.0,6.8033475272325346,2.894908763731117,0.6890255880962297,WIDEBAND
2405.2214955082345,-57.50633174090774,23.583163280808034,0.685524676466103,5.858872737289727,2.054934333519173,6.806757658320435,0.608111098946496,PULSED
2498.044223418604,-45.89527125349519,12.249777828212615,0.19032063048689069,3.470216669305432,32.51987056533464,8.164369396074044,0.6977514541943262,AGILE
2488.877640332244,-49.923624081455536,65.44484061062535,0.0,0.0,10.595782283462178,5.133534105711233,0.7481563651193286,WIDEBAND
2403.279257099521,-44.52780331668255,79.49723230882057,0.0,0.0,11.472684038410526,8.88561222173296,0.9486443283205791,WIDEBAND
2436.8089873503873,-45.33508958760889,59.87712773602258,0.0,0.0,9.425385064606145,5.4323644395380235,0.7279379275367746,WIDEBAND
2474.3040946162987,-44.349192200242655,23.38720181126462,0.9071799182265369,4.340954442289561,4.362468308759687,7.795625399860534,0.4474241494877914,PULSED
2489.7109843956655,-40.77944785119453,14.904315212621956,0.9775340882191352,3.9124262084593937,2.8548666967575227,16.79363525289795,0.36423585821010573,PULSED
2433.516124932869,-42.973589142121234,18.969203972052547,0.8250835724592791,4.308807317319472,4.651037605678537,14.142633062842549,0.5468545527170846,PULSED
2474.3459961222384,-68.02369245877247,3.9717948102694205,0.0,0.0,2.136670924175819,5.082096632519412,0.2650267780156456,STABLE
2493.770543253598,-54.16532956143045,7.808232794868058,0.0,0.0,0.8321190777827985,14.846730770992728,0.32558235117282436,STABLE
2448.7016144914433,-45.54586351326099,15.494602651962339,0.5024084659406001,4.209351826533271,2.1316862755160138,14.18991856679357,0.5366196660231535,PULSED
2463.554129297308,-55.18446299356318,6.831941333555984,0.0,0.0,1.5952991434930222,11.7107610920618,0.2029444894650892,STABLE
2425.643970859856,-47.63443593121912,65.11064017377359,0.0,0.0,14.9531814072338,10.31872890630902,0.9486252462664233,WIDEBAND
2482.7378854560643,-47.46244156233542,17.971399099140214,0.669833258847701,5.397718524843859,4.914878032246142,7.404784329519211,0.4722552023489897,PULSED
2420.9331218897028,-48.58781414374412,18.487660362506553,0.7534084988260715,6.024838473482225,10.87185523196904,5.582737044455076,0.39118428494701474,PULSED
2421.8062028370323,-45.49058660719359,9.216330733185854,0.5689335794821145,3.466954379170244,3.736512948576056,9.429943030381462,0.40974263485771806,PULSED
2400.433006851814,-33.69702675585906,14.428287101870904,1.1052255001152447,5.912165412572491,23.371810957942845,8.892557490718145,0.47168719049427277,AGILE
2448.80309694608,-44.61892853916253,66.44083052729428,0.0,0.0,5.144361675214636,11.322433578596288,0.747974340418061,WIDEBAND
2429.830292291955,-46.27474696281803,15.644834888865471,0.8609777491041204,5.155176088019579,17.541093852872407,11.380352052990078,0.5342723356869384,AGILE
2469.6009004077105,-42.33456145748917,17.176599887773286,1.2998443163425253,5.962601157728287,2.500900172069495,12.631751627432628,0.49534704015914155,PULSED
2458.876669962022,-50.249265219662355,16.564515959022163,0.9330581715662286,4.856609707472005,0.27125360448922864,11.587247250707104,0.3284480517953398,PULSED
2423.7624584229225,-44.16628896299438,7.447844765029972,0.8544759537956301,2.581929063860331,39.24582698494328,11.440648846055243,0.5272200726336841,AGILE
2432.038045067194,-41.717953545726154,35.0,0.0,0.0,4.790619218320206,10.471039438195708,0.8788962977821055,WIDEBAND
2422.473085827947,-52.7750019879968,10.086897413537411,0.6841372412900291,2.5333160209162413,13.718461089206247,5.894980900372568,0.3265565986346334,AGILE
2499.9059434735027,-45.41238945648115,12.327705358769954,0.7903110839887802,4.9115277452544,3.6084515757851374,17.389637036684107,0.4846124922063753,PULSED
2473.958032506574,-28.823819572130965,17.80261990128779,0.18287707923170587,1.9247516303963232,21.305188952530305,14.99143090447052,0.551708000020318,AGILE
2445.2427861425185,-41.84556422742681,69.99371584694775,0.0,0.0,6.255967066981986,4.631099115815059,0.8312308720469359,WIDEBAND
2426.245008197244,-56.500891921304955,13.10105664001065,1.0996628682832947,4.7496812023599615,4.556796931745643,5.285696079759122,0.44767562910196396,PULSED
2418.0952616081295,-55.520587610730686,5.0,0.8943867133914634,5.5174197512470755,4.951004666303765,9.96388938003169,0.5691777801768299,PULSED
2440.7423170771144,-48.0301731122668,15.33864296689311,1.0827436069515677,4.663313134334768,6.744886361128504,17.328427082008268,0.3909024690516441,PULSED
2447.504383700602,-42.247221493309326,19.740807509609432,0.492680691171938,5.471590944210157,27.055101460152457,4.4257735154116045,0.6600266409296103,AGILE
2414.2043458611934,-44.46440760672286,23.004915332593498,0.780019141519883,2.839801310771064,18.52162398002143,13.585361019473446,0.39562679194338446,AGILE
2451.376045095169,-56.968856992879964,6.983758015168626,0.0,0.0,0.18335906232878885,12.854407543170268,0.26389280951669924,STABLE
2475.260769353597,-49.44562584793805,50.111550019646664,0.0,0.0,10.09531204259191,3.571850383311326,0.6752462142940487,WIDEBAND
2407.782173743735,-45.620892018182076,75.72976235269022,0.0,0.0,4.8019452596055014,10.13069459451703,0.6894921883153092,WIDEBAND
2409.670362234967,-37.732900230111376,20.39613408305885,0.578441361332848,5.9599387481183435,41.65503490721633,13.891607743993223,0.6333719591519884,AGILE
2416.2749719299854,-40.43999344761178,6.365982698515841,0.0,0.0,1.7383465415747317,17.320612044915123,0.35713724491727833,STABLE
2420.441172926542,-51.220644032437775,17.415091075735706,0.531120229426459,2.1063864062450515,22.674311907961567,4.695120538695759,0.36742278181666643,AGILE
2477.986984387231,-60.49494086377862,6.6561759526406465,0.0,0.0,2.6819149073360284,5.527639732766296,0.27773274934063746,STABLE
2496.935388869859,-52.885225016867714,8.677989020949653,0.0,0.0,1.20423940383298,14.877912242761461,0.11881561359897097,STABLE
2441.7192686021795,-44.83450085086608,94.25447958167534,0.0,0.0,2.375875211343055,7.843032414132013,0.6690406467604325,WIDEBAND
2486.1312720290825,-42.38292125827353,70.72832294712791,0.0,0.0,6.389668117184321,10.331489027880266,0.7159915930433882,WIDEBAND
2429.8215789370447,-51.783367333328584,14.50541831296664,1.1138519276216605,4.31530075777562,3.6237146297238065,5.109073715023364,0.5166360966098148,PULSED
2480.9309897853436,-49.63203051640578,74.47398803436951,0.0,0.0,12.55958286593686,3.372892231761292,0.6730271786268014,WIDEBAND
2438.0149338319598,-49.83477191493013,17.45378081391406,0.7524216356959903,5.540480274132931,25.19200490372384,4.690866333568662,0.5139004928234724,AGILE
2415.5503437539005,-46.64567717203554,15.888009056534763,0.6213669566326229,3.211355335580494,11.15737269533432,14.221679283684622,0.6520190139467446,AGILE
2435.416457496606,-49.75074363327185,24.633873002273962,1.0080330403642794,4.693981216808167,6.746510283280948,17.231111395199626,0.42867285090923146,PULSED
2470.2449573186786,-40.02194890145833,19.245852506440897,0.8409305637645046,3.7955727156402705,0.5220255456001786,8.746447186564835,0.4461826385463656,PULSED
2467.304941819493,-36.84975329167567,22.177089479739355,0.6354557937799016,4.537458158793887,29.92360998365987,14.32852845299845,0.4661510043878143,AGILE
2411.1616046672157,-33.64653110431338,17.959120965383384,0.6866121056735959,6.755808200250198,5.600836715830428,7.737604994846428,0.42425018318480445,PULSED
2407.6667415826582,-27.606578021571423,16.32418752135304,0.816682100700178,3.836800507111938,27.170898278977088,7.8646050280199145,0.6356576652032975,AGILE
2403.8416935769046,-48.13193400932774,24.245260839930836,0.8106918913269899,3.126083545848165,5.0879792286452385,14.93826324191792,0.5731881189224196,PULSED
2419.0090145943173,-44.95566129292586,50.5558441127262,0.0,0.0,12.218398423335492,10.636989316402158,0.7425168084078245,WIDEBAND
2428.4552998863005,-48.41573999443391,22.127627036895376,0.3518082927249556,3.749049186687455,0.12872801968416514,8.167721463862385,0.5706461747635276,PULSED
2487.9743905939986,-42.633068722053004,26.75922969069496,1.0586890597813758,3.2816232207517615,15.954726689574077,12.336800912986108,0.7131480114442721,AGILE
2487.2228494054784,-46.39320123265941,22.230723833528497,0.9768856635867986,5.727159419982759,30.28686782187455,9.131375429424951,0.5424769487024682,AGILE
2491.5861480243125,-46.568364132103255,68.30036007417893,0.0,0.0,14.406181937542158,11.067655276084274,0.7858575162455818,WIDEBAND
2454.5806292754714,-51.540037503848865,67.59852845860422,0.0,0.0,6.544072298709509,4.118554586203522,0.98,WIDEBAND
2458.633222695132,-51.86529715990627,87.97447190083554,0.0,0.0,7.306517805195785,11.409422081210556,0.8480843430180143,WIDEBAND
2461.91875473524,-53.488869005505535,85.41174647976766,0.0,0.0,2.756876517833801,10.706405934280971,0.9300830020659704,WIDEBAND
2445.5530906189915,-51.81048408554351,6.030694830015247,0.0,0.0,1.4160186522522669,19.67555333333715,0.12979785223598828,STABLE
2488.7571088488044,-54.213653043723134,8.73094894528567,0.0,0.0,4.043082943494028,13.714840606220761,0.2075641282029122,STABLE
2481.82072220703,-38.00544435283889,61.923890122522536,0.0,0.0,7.195962699505923,2.357329524022542,0.8585274059038149,WIDEBAND
2400.3207690685185,-61.290565855207156,9.603591819800895,0.0,0.0,0.7188918337869934,5.33980981561906,0.2322831716367969,STABLE
2449.510045396199,-34.84556254854103,30.615660623241233,0.3050115179708696,2.1739111148129733,29.93660188092813,3.32106312248043,0.6749662035659876,AGILE
2451.2041933463456,-62.62749495947442,5.834586355426369,0.0,0.0,1.8156795370964323,15.853923854042316,0.27362349995886387,STABLE
2436.2360403298935,-42.86330612249639,61.9647481887948,0.0,0.0,10.410651618391718,6.047330813753172,0.7835495530084217,WIDEBAND
2465.569934011402,-29.55323182437116,22.602347513398456,0.4453664239603853,5.014731937279203,18.3459663993431,6.825269384050753,0.5564627919569256,AGILE
2442.995704990005,-64.52258980478945,8.050257422432066,0.0,0.0,1.3240513637869316,16.57774014843733,0.24922367391378472,STABLE
2457.241314995864,-52.82846887642694,10.641323311056334,0.0,0.0,1.2257710793084966,13.670258237113133,0.314033344994319,STABLE
2437.7035241055514,-46.69824814930925,23.311547760538822,0.4903832595780037,2.7437117567908977,18.077185497063276,4.724850926035388,0.5705815496630663,AGILE
2479.2270837170404,-55.22349551531276,8.395112565055006,0.0,0.0,0.5518523355741459,8.709006246191667,0.2590048678207014,STABLE
2440.28650829666,-58.71331563418913,72.71962735788958,0.0,0.0,3.670630572773243,10.190501499397602,0.7155556769185127,WIDEBAND
2434.8071194913277,-57.16714530186532,27.019301687452696,0.3721316246359242,4.396787860162381,19.591944306209598,13.336669525242733,0.5624620086642352,AGILE
2468.115920093156,-43.83877900187676,59.37126278880241,0.0,0.0,15.31887036582521,7.968275679658468,0.6672788731154592,WIDEBAND
2404.2416358586893,-48.090521512224186,35.0,0.0,0.0,6.036909985528044,5.202578724699507,0.7777146098159357,WIDEBAND
2429.741195909358,-47.744412589447734,11.142671632164735,0.0,0.0,2.7559987879991574,19.618856198766586,0.22886409790301385,STABLE
2467.55605071583,-53.27228585543235,25.639855893615078,0.915263994536285,4.5418386027473865,1.708450328200969,14.378437104337385,0.4480438545002714,PULSED
2452.2425426062905,-51.02217415240438,55.92622100387228,0.0,0.0,9.884664411610338,2.6442177752673963,0.6924305626485001,WIDEBAND
2463.172105549787,-37.335641447906184,16.125376659321145,0.4389938575300667,5.572464403301847,4.252759108778509,15.145348425254069,0.3488438921373658,PULSED
2456.0652840729167,-55.924199899455196,8.809090386172313,0.0,0.0,1.286882339845993,7.846522058161522,0.34632900296763786,STABLE
2424.9770797718143,-41.60223587081769,17.62551052364681,0.875002358871859,4.366825694482246,32.66875264621876,8.396164388085836,0.4887753793028181,AGILE
2450.0632857153905,-54.059959647384375,18.61191161802408,1.031737604492655,4.031641486372855,2.785665827711978,11.706798445896734,0.4883694658917552,PULSED
2410.0220037745944,-53.81322778457257,12.645248806875328,0.7826257613033768,7.559996876518634,2.6548438319210037,13.944753752756052,0.4708108326081081,PULSED
2439.6058944783654,-51.931606022953765,8.655201168542257,0.0,0.0,1.9561607231296732,9.922152740521915,0.3062179925148605,STABLE
2445.320434723177,-46.03132207335438,84.75170995357146,0.0,0.0,8.687067819245257,8.770173231360445,0.7532914305524121,WIDEBAND
2426.0521240571456,-52.61944187080161,48.16838994102824,0.0,0.0,1.0,2.3002176358656463,0.7489864289504881,WIDEBAND
2426.790373958052,-32.14168751291665,26.52024573239296,0.5687001394711003,6.345503011542333,14.927211945852846,8.55031452209632,0.7363622377157307,AGILE
2451.8593285685906,-40.31172132301658,20.008759550028433,0.7911663619265129,4.5820410570217325,5.663116044967637,15.640162901513435,0.5367350677612878,PULSED
2439.757819382494,-56.96603856617177,10.005515650609208,0.0,0.0,1.9304923496031408,19.334348855704548,0.24072965924500597,STABLE
2474.491159323167,-52.03813626284997,71.45447377686195,0.0,0.0,12.284034164994594,2.77309763424413,0.8614459073250426,WIDEBAND
2426.959859752497,-58.18627845082351,10.908436952491597,0.5036721836426445,2.735606797978394,23.145700102831057,6.99160520219073,0.5425550502606803,AGILE
2446.565823699425,-54.63840637542048,56.9716819424851,0.0,0.0,6.639855896026597,6.925489949622058,0.8689136166972303,WIDEBAND
2400.9562942228313,-39.20972605572112,26.566425705495444,0.4578094646496712,4.290093226542469,26.272892452423797,7.723301829206516,0.5427525123865999,AGILE
2433.0187660342876,-34.7988983256767,54.63002112998677,0.0,0.0,1.6796637341619496,2.031119499198274,0.8443886908884538,WIDEBAND
2464.10643631152,-52.36921825134004,8.683381771916329,0.0,0.0,1.1938717913086385,9.632941323728915,0.25877422341793044,STABLE
2415.94623432933,-49.48458435951704,16.610621464218674,0.9668440609583557,5.869428312824673,4.372034244869506,10.523537261692667,0.5515066396080461,PULSED
2423.4928179550534,-46.401489667357495,23.22915295880349,0.7924537857135369,3.8247269997166775,1.3026486872520846,7.7872743539428155,0.3894376347319627,PULSED
2494.1222225928946,-42.833586863208346,19.216333512612405,1.2263279909196036,3.493609794327802,32.92181593649323,4.13429764542172,0.6170614085788431,AGILE
2418.539069429342,-48.263087989396894,14.261196003177368,0.5208680537148433,4.629271432670056,39.79138269793145,9.815276794284427,0.5015222603080012,AGILE
2486.305910210271,-51.24679459136224,24.10884512268185,0.34494466038425,5.587812862695624,29.902886845928222,10.327725664143692,0.5999708590708224,AGILE
2414.5818594033703,-42.31304178548481,29.862670566868978,0.7461263826978561,4.577549710480527,35.37358745688957,11.050777906041192,0.6568342976951433,AGILE
2416.930403155433,-45.7804871525076,21.871933934617157,0.3841180064915064,5.063174985522967,1.8062565426541584,9.648292679935242,0.403086344483263,PULSED
2450.031561441947,-53.82771450436721,8.723625889209966,0.0,0.0,0.4147201192487089,17.97775182181813,0.1967565986798528,STABLE
2410.7562494812782,-40.43139091439797,28.114400308290517,0.4803561855632928,5.106367799249811,19.959226340602353,9.593619992343738,0.5597000575454276,AGILE
2488.3704983453076,-51.70013320481248,59.61538004295899,0.0,0.0,9.113700281401485,11.209811342229505,0.7715185470944822,WIDEBAND
2430.1785433745613,-54.09046093108286,7.05815717871028,0.0,0.0,1.5232316572042335,18.679814713572213,0.12768336960565552,STABLE
2493.70627248797,-57.46320392809009,8.179185534736868,0.0,0.0,2.2967509478578068,11.29648050648138,0.1394569322781597,STABLE
2407.2518579099456,-57.047123845839685,57.131141745469726,0.0,0.0,9.940397233729438,5.458162628583002,0.8580353245389298,WIDEBAND
2424.499859935966,-54.67022130936709,13.511463005123744,0.9722656197538209,4.0926684294467,2.024199092660383,11.110460313478061,0.6386159384021095,PULSED
2419.246936927003,-41.96267092858277,16.46285854541717,0.6191449320826858,5.063846518938677,4.784560659158201,13.886020708310877,0.43059100961487623,PULSED
2400.7456431423802,-59.65244274406212,9.000929049970235,0.0,0.0,1.7855270793725637,14.224816444244675,0.32180900254576744,STABLE
2436.126940025452,-45.24430934303357,76.9824567590642,0.0,0.0,14.726240883362893,6.254715930767415,0.8579911485635565,WIDEBAND
2446.4602587193035,-65.40631457469341,8.27374664137877,0.0,0.0,1.8903066736156533,18.917718527417207,0.28403024242118163,STABLE
2474.2317949417975,-50.29093578035119,8.54473951054848,0.0,0.0,0.9289001407708128,8.620580924399944,0.3001484737788602,STABLE
2437.728183906136,-55.60178600466045,7.771355663990505,0.0,0.0,1.5856840240075774,11.554839324671777,0.33266417417648464,STABLE
2418.1779860561787,-56.439342917320204,76.45553262010556,0.0,0.0,14.831177763368053,5.132627243595901,0.8065372865489053,WIDEBAND
2450.1676995856806,-43.84697911020977,19.999378423667864,0.9835850721179836,4.06103416897389,1.0668060690259913,13.068120290118083,0.3102226130140191,PULSED
2433.7393478190943,-43.91104029261351,53.79787417992751,0.0,0.0,11.578370424167103,9.330244434240825,0.7721272045013242,WIDEBAND
2478.2876847476696,-42.70939910884529,11.065626306647847,0.1,5.37740854995749,19.077415287105225,13.38574252723134,0.7471837925083661,AGILE
2410.6379290946456,-54.20706387185287,77.18281171847454,0.0,0.0,8.67424100808831,5.27389538283925,0.7218324371684093,WIDEBAND
2414.1595888568777,-46.57707164760066,7.1149285762156325,0.0,0.0,2.664036461016569,16.329952591921167,0.2654937293993617,STABLE
2439.4024369781932,-38.703911890894325,7.763240720839725,0.45877347221299963,4.601493068512544,26.323010451163743,4.831201471089452,0.5461691867869001,AGILE
2496.344008650233,-55.539749760416065,61.86540215485026,0.0,0.0,12.98626563759183,2.141098908759302,0.788118186861914,WIDEBAND
2481.7711446064613,-50.726112458299994,9.200207202113292,0.5092462489079663,3.8946760520898516,34.44422332103125,4.260388520609197,0.6083834308128667,AGILE
2423.545201701388,-44.837402555425044,5.899160113302906,0.0,0.0,1.842108975103796,8.170096898929675,0.355572836166958,STABLE
2410.3745219642074,-45.97819964069563,16.341344712076136,0.8594695572256442,4.249324591807201,23.02401007566227,8.923966961306327,0.6077730547382683,AGILE
2495.657952953129,-47.22470724546766,59.624978232086136,0.0,0.0,6.143866537890238,3.253575511762446,0.8876652776428293,WIDEBAND
2467.4104186289255,-31.40150665501777,14.539013067400198,0.21110116140348412,6.2361986101824725,7.001006227235787,14.363765068727497,0.5330678403399463,PULSED
2403.081783456794,-57.7741107559874,9.715951762514308,0.0,0.0,1.346956540094708,17.801046099022493,0.18200276715979116,STABLE
2407.1468566800545,-43.60356568432164,17.29524011368084,1.143086713115903,3.341418487881305,22.562230552060587,9.452767828217237,0.5541040615688924,AGILE
2439.6436235364813,-49.76166039944354,6.930377323562884,0.0,0.0,0.24197739999804724,17.999132482305086,0.21808735036343457,STABLE
2409.99547192113,-48.81025254590924,16.761934834377872,0.7461433616286356,4.205931682174226,3.316972371237199,17.849293486248392,0.5029716225192482,PULSED
2414.238792498827,-49.42674229794549,14.846141474043883,1.1060991199821943,5.762612533424399,1.9540696675551965,6.034904270118126,0.26009791571716595,PULSED
2440.602956063053,-40.81546380829291,16.25583652735671,1.2075690126820908,5.485135259659905,4.52472071720603,4.076837545884265,0.5892213141888687,PULSED
2437.393966334715,-57.190623190591786,60.035648754424024,0.0,0.0,10.096372610284796,9.525966645043194,0.7599812295473088,WIDEBAND
2465.9082651218387,-56.36389806649622,69.59365666095994,0.0,0.0,11.928491299415004,4.539650569373767,0.857846434317217,WIDEBAND
2478.7538318438724,-50.67315946915801,18.214223479621396,0.7773747808645562,4.66717880026602,42.65665652370939,3.914993256835683,0.5172558783249367,AGILE
2435.9924630093237,-59.444260920875436,74.30405138378879,0.0,0.0,5.5397152311823135,4.456908311668073,0.890684330452099,WIDEBAND
2499.852276119931,-48.78821529464594,22.837202300689533,0.8691377143606335,5.364478197007288,3.765104249455326,4.493975991847817,0.372517167960642,PULSED
2412.240978008171,-51.531790156899696,26.794848008261795,0.5505340740650834,2.92228355475872,32.89844555263684,4.99935265158144,0.5592147488034511,AGILE
2431.567649639588,-39.52695062030231,19.456413506666134,1.0339059089118536,4.023105991737176,32.52283695692164,5.384700512838783,0.6335268079629934,AGILE
2462.9655382856013,-48.7963537280786,58.88179680146233,0.0,0.0,9.531821373848638,7.216812646183743,0.6860994002446004,WIDEBAND
2474.6281872746517,-54.48586379793481,19.32668082677577,0.9219461614380537,3.942661300159471,5.395186103776508,11.42959610013854,0.5056113942014372,PULSED
2489.491788238552,-67.714623641304,9.781819629858916,0.0,0.0,0.9584077219102687,6.836132715957005,0.22131010452903074,STABLE
2490.169030383744,-37.50028397383086,26.533003666690085,0.6696921936518669,4.8406485156341565,27.17679641618938,6.011576497958123,0.4206441300185305,AGILE
2493.1655861893037,-51.64721288714611,8.775251543029496,0.0,0.0,1.8191837077913873,7.87884062773016,0.3512542072483852,STABLE
2474.2332654853944,-67.76901725191487,5.963764776962629,0.0,0.0,1.924978582874065,7.119339006306508,0.26106200243053984,STABLE
2449.5482194727256,-40.55085910204127,13.45671915292191,0.5296936919570031,6.327527067618313,14.646661197759627,12.805576778593869,0.6606426805968518,AGILE
2484.3028718753735,-43.172919409013296,15.273742656662204,0.49579921844122504,6.589139830483985,5.840179028663659,14.262779123690775,0.3320457497598346,PULSED
2402.22688206296,-49.208977043628,8.175735274161456,0.0,0.0,1.8136087498926055,16.81333377294825,0.24450759883490752,STABLE
2434.6505312045224,-44.27589074611044,19.902382020381214,0.5653131631245679,4.346827912948488,21.641214440832385,9.429509519686794,0.7030814026595628,AGILE
2409.293410589471,-42.77819712704144,63.7421125044151,0.0,0.0,9.818854509852684,2.5176181596174168,0.7550737258424967,WIDEBAND
2437.653873279658,-53.461048129338764,8.870507914342127,0.0,0.0,3.1613690606872193,5.954953839782954,0.3015427634906641,STABLE
2428.125361419158,-47.26720917304413,22.780639573875277,0.9755756967553368,6.573126019863729,2.6753044226402074,4.249329009575388,0.35513038158040505,PULSED
2443.6358947432564,-52.58727402723955,11.339271221541772,0.998864968717601,5.348060109996506,4.158992126182899,5.588041159123993,0.6144381486894894,PULSED
2462.697247179857,-39.89972966658583,19.401142200838276,0.5904735105377971,6.350842095531856,18.94534653049309,5.8303124345252915,0.5816441624879232,AGILE
2483.9526661369027,-37.270786450673654,49.47381192137178,0.0,0.0,7.437963250150797,4.226417833490197,0.853576892194909,WIDEBAND
2468.9533127987797,-41.88596853416408,97.29504847769806,0.0,0.0,3.3771360751981403,8.753635416335829,0.7394821332708188,WIDEBAND
2495.4286466746253,-39.69403044337724,18.128250740754385,0.1031098418030798,3.313507171361615,22.23956237477286,11.220112729795732,0.5785197952493778,AGILE
2494.762440887685,-49.75702275995739,52.942611376815144,0.0,0.0,8.413532823202562,9.682609535576598,0.8732857226265041,WIDEBAND
2477.988806028616,-46.82627465046187,37.41771599805872,0.0,0.0,9.551894102830504,10.339920631457309,0.7625358664916391,WIDEBAND
2433.405681978915,-41.976733077986694,86.9035037843381,0.0,0.0,9.160801215934748,11.11924311548063,0.8895023493905168,WIDEBAND
2440.189554464019,-42.86137735080329,69.51475187421347,0.0,0.0,8.62764984907756,7.72120013034005,0.8885797769820504,WIDEBAND
2487.597861488687,-43.35281441555705,14.072037593585108,0.7772663993906466,6.066145317164506,0.6747428861018547,5.757051786425137,0.37393728436782614,PULSED
2406.5874067956083,-37.04957064011221,21.100989947635615,0.1,4.573018811056882,22.68214937255688,11.854077853184618,0.5895207849015852,AGILE
2488.0582474374282,-55.55064192022013,17.997352432470674,0.8108943324576529,7.158797332213698,0.40999377459330066,13.006072608026912,0.5530493774264829,PULSED
2458.370947173871,-41.675919185058625,17.97018069536017,1.0295972405697174,4.257233760144291,40.563775584916755,4.179331340133052,0.692540592231248,AGILE
2427.034097052764,-53.709411185085784,9.545079615165522,0.0,0.0,1.9441165455558649,12.537680740027191,0.20145244090353762,STABLE
2495.5557037819644,-47.64166585052097,75.32193229872885,0.0,0.0,8.840800760160962,4.171399800264102,0.98,WIDEBAND
2419.450518322077,-48.24085796355242,77.78650813581861,0.0,0.0,8.110127564512968,6.1031944714851365,0.7920902185589337,WIDEBAND
2498.9611934291866,-39.75545372162357,12.453704720477448,1.0442456826696578,4.893471584746936,2.0260172886449244,7.4684131815615045,0.5670623197390362,PULSED
2418.554982971348,-42.805222928760315,20.09056048146539,1.0448794002217991,3.9708531822072426,2.8450426275424134,8.942207610372467,0.4368403308741664,PULSED
2411.6099307901554,-61.791918640461766,9.922186972240432,0.0,0.0,0.18796051750397758,10.344762254854091,0.22601679662261417,STABLE
2400.5794019803125,-34.86751652182893,19.307517651733107,0.7056071948169991,6.477589113484174,23.027049014366295,3.5648704089591208,0.5970371714326991,AGILE
2478.572766080976,-34.118782457114236,24.819096921086214,0.6473843170298413,3.1226082846497616,25.85356443510756,14.617993853745334,0.440603224739632,AGILE
2466.5701536876636,-40.38898189161938,19.799179164687857,0.7286946379609202,3.7368348367250803,36.179350171031544,9.881483049333513,0.5577576607115686,AGILE
2447.673288759227,-43.425158087809585,20.337657884091303,0.4800582800765686,5.434926965130183,27.332228381774115,10.85306570949365,0.4010970253472196,AGILE
2481.3656827416003,-27.773156819747307,22.270324360463142,0.8335756027579939,4.742004576811329,26.293579132790224,5.179358981049056,0.7405346604467287,AGILE
2465.5289615264387,-58.55332552181643,18.667065407854114,0.5617311586925056,4.305988850166146,4.958248435926172,9.03989912692181,0.4469551901246393,PULSED
2469.0393626307073,-45.86880041227399,85.29648304650169,0.0,0.0,5.696383149069842,4.55589378866523,0.7456831449863036,WIDEBAND
2435.835814318278,-48.027520077269834,72.56760692760372,0.0,0.0,6.015672010220606,9.496197638732532,0.7384685450265566,WIDEBAND
2454.946774933994,-58.670829300758776,4.306007645618746,0.0,0.0,1.2771233817550365,12.100415197961981,0.28593005035936414,STABLE
2435.6289418319243,-43.820508436640644,18.157723393022156,0.9387710623990145,3.575736230407145,4.0199407705224495,7.128602414405535,0.6161999865529829,PULSED
2468.701613871277,-44.742707677733414,21.227429898201965,0.11015204893601233,2.829885383927465,9.026463641804812,4.753304202097064,0.6697314734287224,AGILE
2434.110203942306,-37.54870677426575,17.174004204347817,0.7760413750892857,2.9502947535040103,3.7065667397428266,13.779659594903965,0.34308719297184154,PULSED
2487.54764039857,-65.34696526998074,70.8573199491009,0.0,0.0,13.30585300050165,5.559775921045612,0.6100804814403626,WIDEBAND
2433.6926847702107,-39.26461355877892,12.568397210592607,1.173325390531439,7.184759116646864,3.5034929347356454,16.680598445617797,0.3514442222332639,PULSED
2455.124748156938,-44.427187600772534,57.94995860141822,0.0,0.0,8.622230923071902,10.722858923578851,0.8323702286130739,WIDEBAND
2423.6235703169996,-59.473343083533116,35.477637938996516,0.0,0.0,10.955169541039421,2.4661665894464107,0.8575639451147935,WIDEBAND
2491.150173606625,-57.01862930303439,18.036272531716662,0.5452094243750856,1.0,25.3629728716859,14.229635983320673,0.6149085103093453,AGILE
2464.375724063735,-51.038608827884765,68.19352495444859,0.0,0.0,5.9780354473764366,10.571657376911755,0.8712160488610162,WIDEBAND
2401.2846248555893,-51.82638671825261,6.615827686743261,0.0,0.0,1.3047017825979048,14.387649310654796,0.15494701966768884,STABLE
2420.922066770402,-58.793032426623924,14.92443245537332,0.931554661988081,3.7068462114805056,4.193897161847456,7.198264236783798,0.4312889446316829,PULSED
2420.681352751403,-58.733244671768304,12.120596341048156,0.0,0.0,1.3196548406175206,6.505934684747139,0.2541951748596895,STABLE
2475.937232615841,-50.02583445288959,65.25148145444103,0.0,0.0,13.580619727025288,11.698642760741,0.9125093577135316,WIDEBAND
2476.1005037238933,-52.633771812055166,81.59761997546818,0.0,0.0,10.287387570204295,8.467672837423061,0.6878676141350413,WIDEBAND
2484.6786748998957,-34.29725467032446,9.044534863761424,0.3628260286766074,3.533347645482832,44.32513541131232,5.056135671164249,0.6244904299623174,AGILE
2463.5340183932794,-42.327723108022,11.566123388458157,0.18297621258204266,2.9493574280641788,16.325080472808562,4.718741085347027,0.3701285089290237,AGILE
2416.4378725924444,-43.35479836490879,9.442450745599583,0.0,0.0,2.669439334037844,13.882654173226712,0.26417945692169204,STABLE
2403.3565177046426,-38.302391110595906,17.69212561974752,1.2297112198610114,4.363020853517629,6.814253051433969,6.868877215552925,0.44740311447304154,PULSED
2489.6606912147436,-52.602851463729195,7.264809067679628,0.0,0.0,0.9179410545428845,19.91418010873761,0.31019235217706503,STABLE
2479.0275267074235,-43.32238912408729,16.229655953152708,1.014849022622605,3.401362744050785,2.352608046857333,5.2616554114616045,0.5480605158978897,PULSED
2431.143042212636,-52.01571887637555,88.56787425078859,0.0,0.0,3.555809495960821,7.611526805179822,0.98,WIDEBAND
2468.531524241924,-61.3609233855896,9.591442161761098,0.0,0.0,2.2138986996091616,5.8280334981210675,0.3178854622301638,STABLE
2496.656371253337,-55.13724529910064,62.426962565350756,0.0,0.0,12.558948180332525,7.039985632036801,0.8681997152848299,WIDEBAND
2428.346555024336,-63.4390037620734,10.042444578438266,0.0,0.0,1.0703224083471095,14.762183975660522,0.25247080122095067,STABLE
2481.2507769050167,-56.56758634624752,8.037982373280217,0.0,0.0,1.472256599985128,6.512170667026701,0.22615099990423412,STABLE
2453.4811297807832,-44.65849026475759,23.90613382207496,0.23032774913866083,5.707220601966009,3.332230348012893,10.276240176619803,0.4769235379420784,PULSED
2479.665731900592,-52.23446872022284,10.699332350741097,0.5333051906106501,6.6288051007997675,2.533763337434808,15.326648038026843,0.38309588640352626,PULSED
2475.154656214281,-44.796723569083525,13.607604016384323,0.3171017834695693,4.520622735247008,24.56461991774469,3.588928600422775,0.6164808626296809,AGILE
2433.2377135036163,-49.66610091757211,10.847118944530067,0.0,0.0,2.296686979497889,7.895113042381494,0.19578793320542368,STABLE
2470.6244111683245,-57.63678108008134,5.312202176617333,0.0,0.0,1.836289700674099,15.13864987723347,0.31542831946831396,STABLE
2455.722045942147,-27.58658195726601,73.33139200476609,0.0,0.0,5.797352204685953,3.4945522094913777,0.8304666901415435,WIDEBAND
2488.562661986831,-47.1008679075737,11.12359226715661,0.8156333532084428,4.646059765912753,3.07795209667577,17.965520368954486,0.5046214009846315,PULSED
2441.559419760171,-50.127528387267645,15.995007605988079,0.500736411144191,7.387231470297934,3.807236372883026,10.976533537709267,0.49969256179864896,PULSED
2417.7206770309913,-43.70004373716654,16.76776130040949,1.3554980722961318,2.954668260328806,4.322958860624763,11.171412787358728,0.36755540768614814,PULSED
2439.2881995645403,-48.07857094642585,26.045824844137915,0.9416003381648113,6.167587324939049,4.869839359039893,7.87509841564504,0.49890835362065666,PULSED
2411.4669614355093,-43.21152400832243,19.762068322810283,0.6997410656773851,3.5101897097635635,19.660063968316493,13.458376981375928,0.5179967311454166,AGILE
2432.9582754407043,-54.79409954257341,62.773157136036424,0.0,0.0,3.1388890168019508,4.623250764849379,0.7643576911407648,WIDEBAND
2447.625730858673,-47.48964994860883,6.95735416272543,0.0,0.0,1.1516740216448302,7.777690174303514,0.29744810327073934,STABLE
2451.5730180958767,-55.33285609753801,4.604755380963755,0.0,0.0,2.6426706450111306,9.504795036845238,0.29478509317797763,STABLE
2495.0033729051775,-51.075262271718614,88.5052605889635,0.0,0.0,4.982705618665591,9.408104480012822,0.8395048672199937,WIDEBAND
2423.871163144708,-54.97577413559968,11.10701171602687,1.1327334395828697,3.8207768307657717,3.000875616693654,15.834002805029435,0.39125954745788355,PULSED
2464.2888324289966,-52.05617470462023,24.329668132784093,1.020837909439698,4.633186566438192,5.283421298027707,12.161840762299757,0.50758623847451,PULSED
2414.584277084384,-44.37027711916254,24.198614821775877,0.9692265662244547,3.053396436547423,5.216030871225713,11.17488260280776,0.44217388543711217,PULSED
2416.8618761831567,-52.77635134705428,6.956759325283681,0.0,0.0,1.2884650298202371,18.828819811614345,0.2403262341291519,STABLE
2451.6087801257113,-48.322204650038415,7.509878697618595,0.0,0.0,0.6753490237830769,10.76756566984892,0.312950417286481,STABLE
2433.9662463804298,-61.28704131321892,5.918798290316991,0.0,0.0,0.30267161862169556,17.778017836198167,0.39534687406500973,STABLE
2459.1363524156027,-53.74123214988639,53.984159891260035,0.0,0.0,10.484190089261812,8.825940570038874,0.6313728899278539,WIDEBAND
2452.0030359721377,-50.389872987782574,63.20512264982462,0.0,0.0,6.376743673700565,6.777687103210085,0.849006422643815,WIDEBAND
2437.6582166177554,-47.6872523745602,76.12650102850247,0.0,0.0,8.26807596133335,8.112854417771725,0.8164973811296602,WIDEBAND
2437.062826150563,-60.67153931124026,10.703362745720215,0.0,0.0,2.959903214245692,19.985600262583297,0.23023650775523835,STABLE
2419.6959542620025,-56.081842137097205,8.02814416574701,0.0,0.0,1.3278806673830967,10.180750897542381,0.2176278890847316,STABLE
2464.2252418567996,-59.377463164813875,8.755941995989398,0.0,0.0,1.8620307351836736,11.050316048736924,0.26431604745570664,STABLE
2432.3325043258214,-36.53631460561246,25.572894680756825,0.4010684493227892,4.34806390711486,18.76954207376775,9.206348247393104,0.5643837394151564,AGILE
2457.543432025058,-30.800772884294176,21.35782663267626,0.3522736230115471,3.342975776264227,13.068898920161214,10.488098106183905,0.5755262710562727,AGILE
2482.0082171483255,-38.19230607637822,15.722786681632618,0.8034834669782559,3.9229859334465598,31.5567620674813,13.118532331900845,0.6342929924772078,AGILE
2424.695270023919,-34.75909054384306,16.195340191653052,0.7763773703208847,4.765291307948804,24.703019608754126,9.385769372711543,0.5413551344585978,AGILE
2424.938757583221,-45.559870585148545,8.771693105113002,0.0,0.0,0.889554232244186,10.604212076893575,0.26566946301448946,STABLE
2475.8803731237203,-46.0215008260889,49.29161077732289,0.0,0.0,8.563771666324708,5.522822058971214,0.6781439580774358,WIDEBAND
2487.9943250877795,-43.81646455908202,88.56441778330982,0.0,0.0,1.0,3.779410717573392,0.7915309441500502,WIDEBAND
2445.331936897801,-54.691612874097444,7.344217874737575,0.0,0.0,1.3702923946848657,10.89127839831805,0.3530859997743893,STABLE
2427.713031234139,-59.28397058340808,6.43453217680541,0.0,0.0,2.4571987825490322,13.736446023832672,0.28609300014063516,STABLE
2459.0369207184067,-54.73516662000644,7.891849647924183,0.0,0.0,1.9459172457548983,13.146000423653726,0.2613784299413433,STABLE
2405.980120927254,-38.35773163241546,14.958256999837719,1.0948405781732697,4.407701298406319,5.307002643077026,11.496917316480808,0.43208142690033835,PULSED
2445.05402843875,-46.43662520356157,17.79331359518045,0.7155406671624345,5.745501933074067,2.559303925281303,5.903571460845205,0.261586409185736,PULSED
2477.838349707376,-57.11280130292938,9.064618371106697,0.0,0.0,1.7923552514912626,7.314342381013217,0.27584926018047295,STABLE
2456.206361379174,-51.03381347938919,96.11729620636984,0.0,0.0,8.71882124523744,8.183645422995028,0.7463897956078145,WIDEBAND
2495.9791428243534,-36.246709718382505,14.938370553481512,0.9795640313685211,6.820718218468448,3.9448453727933623,17.13616488124904,0.49248687665109403,PULSED
2486.15300330103,-46.63427301350643,77.62095539572239,0.0,0.0,8.57948068735835,4.74021355225234,0.7686753970752047,WIDEBAND
2485.971551670026,-42.519429333472374,17.190613329613306,0.6910327242183962,4.9907278360401754,12.247399408233363,3.3352137599344895,0.6152554702413535,AGILE
2438.6302402276374,-55.36695250322552,44.94497522768819,0.0,0.0,7.180240641243472,6.477865498672051,0.6864947982954859,WIDEBAND
2447.046450012467,-49.481815646354995,60.63956527565375,0.0,0.0,4.84712602465567,4.3244318194135785,0.6778451105916601,WIDEBAND
2430.7646547435497,-36.394025985674965,23.15110314173648,0.6329045108092448,6.173347789213047,16.518656841056313,8.387005158510195,0.6624295273688534,AGILE
2431.552833677488,-50.0842284687665,83.23048955478528,0.0,0.0,7.782537244426147,9.407008758068272,0.7343413196092222,WIDEBAND
2479.606709960172,-36.80953517046241,12.944981031425458,0.7071533397031434,3.5090498150511094,2.589617582141348,8.646517957912648,0.5689992462337996,PULSED
2402.280024757497,-65.26923625109934,11.80108051086822,0.0,0.0,0.3489798982078405,7.470592107362965,0.27339759665186486,STABLE
2441.5678193112235,-49.80509798092108,9.426920924888975,0.0,0.0,1.9709884983049168,5.094869708596031,0.2646963536226681,STABLE
2475.146481416926,-53.50945290719077,10.901413084117848,0.7113477460456512,3.5046863961418335,5.041266836509051,15.66712687330007,0.39983056925346305,PULSED
2482.4229386523957,-39.421379015150606,24.33335092954017,0.6667076508224348,4.991972239919673,17.817088570454892,6.240328418620358,0.7108205927445682,AGILE
2482.4001851436306,-50.25099117749521,66.66278903109695,0.0,0.0,7.20553517212432,2.500838136158379,0.8634355937810076,WIDEBAND
2457.905918176792,-46.010625302915706,30.88005095521995,0.6073456742534229,2.986456658470689,13.07770728070481,13.25189025638197,0.49480746235447487,AGILE
2464.4259598188273,-43.99675302818536,21.57780285660298,1.0244877199473135,3.245853744908434,30.183641194645087,9.834226477676285,0.3433267882321551,AGILE
2475.945134226019,-49.12288793312942,10.166091279724958,0.2929508936142404,1.4809162779384848,25.600282097932073,7.89770207215432,0.4534710047180654,AGILE
2407.2591426323665,-48.76719151583883,18.094125482905234,0.8369896163561981,4.771136146630276,3.1533609020069617,9.635099762521858,0.6506179828405546,PULSED
2481.3440746576257,-50.61682423911867,100.0,0.0,0.0,7.942215653059132,9.031584767130354,0.7444355510580899,WIDEBAND
2475.8299543463636,-54.30921179495314,9.888831737080546,0.0,0.0,1.6092818264101607,13.55763729418387,0.2504796417729288,STABLE
2463.956327123711,-53.224036061877406,7.25617083735742,0.0,0.0,0.09462257401713381,11.253340528923275,0.3536410128498511,STABLE
2425.730465445503,-49.91289024219925,6.628936774293898,0.0,0.0,0.7127611815846516,7.551866084234752,0.2559826225794455,STABLE
2492.497307150024,-46.875732654284946,25.490903150882463,0.9947360479432066,5.651031908617808,4.987410467413728,16.08222249594295,0.5317350229548392,PULSED
2463.835779098922,-45.36271525837996,32.20078507500714,0.7074403025018261,5.692733554782677,13.350296090645418,12.945340592054139,0.5960062610648926,AGILE
2487.436150520313,-38.65526052763251,20.901637229725086,0.785114673417445,4.246489336391818,3.027472569277192,5.442457834590337,0.4286336887921339,PULSED
2434.9999232707974,-51.346656900537816,6.19182166770184,0.0,0.0,0.969320446668432,11.250515353520107,0.2652732475307635,STABLE
2413.786961624094,-48.05381457240486,54.938763392984384,0.0,0.0,3.986492959280259,7.2700554831202115,0.7822040579351591,WIDEBAND
2408.529657553991,-40.4421806531005,10.787665745771701,1.0717717973131085,4.874706750637192,6.317601721268024,11.140148151626915,0.43910402329728176,PULSED
2495.581920601739,-41.77842728755598,12.916202125807363,0.6525282648255502,7.594330137426203,3.49347678068238,10.749550083561942,0.5422066063121114,PULSED
2463.692095235772,-49.546521282169465,15.024098635058829,0.9686465268313234,3.437791682016112,40.14054556644806,13.47884222681557,0.4416329219722632,AGILE
2464.7069992811757,-44.406341390051324,24.241942879990354,0.6236861245702622,5.687049273342082,3.5616795204444993,6.074302230725075,0.45676401731315586,PULSED
2486.880168919355,-62.10320717583984,6.964399994604059,0.0,0.0,1.455250404751662,16.202864347045484,0.2821595682955135,STABLE
2417.7651652842137,-27.615749552208108,28.07997962582658,0.8977642737992388,4.471193683198795,21.45025435576862,3.0482010602573872,0.5940741603662762,AGILE
2472.5700970722537,-51.97333211402519,6.601956293792147,0.0,0.0,1.5341048195501974,16.36024149109878,0.2335777602509339,STABLE
2484.111613123058,-47.94536013506112,19.370110734944443,0.5684589879877459,4.643979598639862,33.81320053732128,9.858183460276859,0.46891162808828396,AGILE
2435.7908932534906,-31.972241375404927,20.49806556964254,1.0754252610997974,1.750867170299716,12.144731109900425,11.337857234841522,0.46812570634791223,AGILE
2475.851952983521,-58.176956254382816,8.465352422709408,0.0,0.0,1.5174817164187544,13.761469533691034,0.23563866235161854,STABLE
2445.954715126175,-62.294789791053255,6.350754857590775,0.0,0.0,0.5897566386554671,9.42590135470958,0.22626138675243995,STABLE
2480.4124526182263,-49.50458474586392,5.347214564520872,0.0,0.0,1.5245051940755339,6.8563070547551686,0.2793108512469558,STABLE
2415.89323825333,-44.601565582333585,19.56335999668423,0.5527013950394357,1.779798205411911,36.24316934365724,4.417938051551209,0.47526163989501324,AGILE
2423.224444047426,-54.279238389483595,69.05780325797207,0.0,0.0,11.821869616823719,3.61297558766453,0.98,WIDEBAND
2445.202678022676,-45.25875413027917,26.405205500647075,1.1086689742845794,4.08061384241144,28.994453415526145,7.4905475223796145,0.5453409157932269,AGILE
2469.9922170137647,-52.99870593018277,8.371026613169487,0.0,0.0,2.05012198760721,6.41148959954337,0.2645586562794317,STABLE
2455.064290862822,-39.567382126027645,23.34713191632644,0.3867485668099771,2.6289559654797525,24.65902714714195,13.528939837939076,0.49776771732803715,AGILE
2459.795051311976,-60.289766094857804,9.27081860203658,0.0,0.0,2.209352060324877,15.663315240942346,0.29023685863038523,STABLE
2482.9015372804897,-46.531364014525714,14.821027276927861,0.7186665162328641,5.426128967979016,4.1464424209339885,15.809982880051422,0.46005227792323555,PULSED
2415.71123329362,-40.42606342216454,22.677830128280636,0.8686158847021362,7.875088874822399,0.5505150141335524,14.338736951764286,0.4295239996316834,PULSED
2459.4762503475104,-56.23867455046324,10.049513467501544,0.0,0.0,1.1653852877089526,17.297166622785326,0.3198097488583884,STABLE
2499.966102015623,-49.946402409126605,15.787918030041439,0.8549860619658587,3.949664589438767,26.002510731910164,4.489903619306306,0.6447783658523843,AGILE
2463.496496227757,-44.23631368883609,19.05849379734906,0.9896990578745399,4.949768955121947,4.900026900919006,10.34096502646019,0.6543080621580261,PULSED
2449.2315298129533,-38.51418176645906,68.72838203571392,0.0,0.0,6.224351992425667,10.92631386747462,0.7604399283297758,WIDEBAND
2404.0857903510096,-47.58074566534371,74.51637247536942,0.0,0.0,11.45367990459888,5.549837587494596,0.757973715675814,WIDEBAND
2422.210740929669,-47.14320915794951,57.3037786854723,0.0,0.0,3.2035674990411582,9.587311006521064,0.8413821392069597,WIDEBAND
2442.8169863508874,-55.685259350667025,12.599178186074639,0.0,0.0,1.5725940510017384,10.21510452253855,0.2714391653626376,STABLE
2431.8994664087427,-35.157946379020046,62.15351507581395,0.0,0.0,5.807690148514346,8.124310186344193,0.707090241157118,WIDEBAND
2437.666911200217,-58.95678415819784,85.1338358903995,0.0,0.0,14.456433492626509,9.539386251715092,0.7117883866116266,WIDEBAND
2458.5309904585524,-50.22854192755745,11.705729949877146,0.0,0.0,0.8703984132219662,16.24394368977964,0.2438600741540004,STABLE
2413.8109761184874,-49.6275413089564,22.317727538655838,1.1005068209926185,3.305552584544582,8.18697330754161,12.20118957819886,0.5530904545340674,PULSED
2471.136054444263,-39.81369986751586,20.15445605529544,0.46711793772666643,4.341024970086665,17.498707925221957,9.990638748900766,0.4801659701427669,AGILE
2484.6478536067957,-59.510535086881,8.794066600030982,0.0,0.0,1.9444656709200998,8.678884595348144,0.309244308702784,STABLE
2422.569024257018,-58.71158509115067,64.59925206502565,0.0,0.0,15.4059353902516,3.2835281714028737,0.8877416535251199,WIDEBAND
2496.233586568014,-38.00049370076919,8.17250813997325,0.5906169813901275,5.144152119093491,7.156726137806993,13.185923788178354,0.3823180307573758,PULSED
2441.6115597441367,-44.20695914836521,23.676849084955553,0.5575064287428407,2.1714690935134904,32.085269705108516,10.904127502870042,0.5251004057020436,AGILE
2479.3201141325085,-49.23086181500654,64.21308553810542,0.0,0.0,4.008286166970784,9.234820054132545,0.7839953845205918,WIDEBAND
2493.5683639398044,-49.3893474338633,9.822456010381295,0.0,0.0,1.4193776672432106,13.461077283877353,0.2637076409039393,STABLE
2403.9578464721067,-43.41542946229372,19.052806332659525,0.9575974303469112,3.8722462183637143,22.14539097425698,12.350407027833523,0.49965415809224945,AGILE
2449.151564666089,-43.433748886064095,76.94704018581177,0.0,0.0,10.950365474066812,9.544504152521464,0.716614848581042,WIDEBAND
2426.3943612801427,-40.99020313628642,15.61187348322713,0.6666457605208747,3.3855256839707715,2.856557777645758,14.461189858459868,0.4572740806782781,PULSED
2479.302078860159,-64.29554305806546,6.978330881893969,0.0,0.0,0.6410380698257592,19.501459454630492,0.2022592694997648,STABLE
2420.0928265573493,-55.500334400759336,73.0219620326857,0.0,0.0,3.926687541731913,6.522875162132967,0.8516511236005135,WIDEBAND
2404.6532809577157,-42.86128293870509,11.535648854946256,0.5231956248768997,4.63849859249453,3.7092488042116796,14.297631423208621,0.5131718139831347,PULSED
2471.5093191185492,-43.894644619360875,19.12971347044526,0.48207586142507686,3.95269104986364,2.3770350260399598,5.1052934931095635,0.6087756365832859,PULSED
2455.666333735934,-56.91050850630964,11.5224386200396,0.41433866512017753,2.6605504269792206,27.314884996928523,13.364841276239684,0.5371560781098965,AGILE
2416.274348610496,-57.23030017951417,6.213738756830274,0.0,0.0,1.5091610333365235,18.781905213540213,0.18909592565627104,STABLE
2478.5550957286123,-57.9056639368659,55.92472470145178,0.0,0.0,14.554312512269915,8.267923841493293,0.9022321709502463,WIDEBAND
2465.9655339059977,-51.14209132512995,78.25068038001143,0.0,0.0,8.986582939313534,3.06356373907188,0.7558853211751593,WIDEBAND
2465.1401504020496,-49.23730953046281,80.3082750361115,0.0,0.0,5.196941448317142,6.61685440080537,0.832393982993612,WIDEBAND
2495.72820604078,-37.47292935857052,20.055817539922838,0.5399686865546254,2.707598318230282,21.286239686223944,6.20402463654983,0.6304096392165449,AGILE
2428.281900831095,-55.87764216786033,13.88345420949481,0.43117948599821776,4.663055407552358,16.577980561210033,3.1030952247824426,0.4163850178787587,AGILE
2499.54090615445,-49.44173951300052,6.4586414806556665,0.0,0.0,1.4722749188696165,10.17427747730099,0.2150587840323056,STABLE
2418.042163848952,-49.34592693139684,61.4568847838781,0.0,0.0,8.209003331490937,10.148000679242763,0.7387988650202376,WIDEBAND
2403.4838350279915,-56.620930776022576,11.542682484535367,0.0,0.0,1.4212431981536964,7.202956022321064,0.12415294254339151,STABLE
2460.584889533158,-49.02040875934053,25.477720076008676,0.8066983607798597,6.273308309123095,2.623042178268412,11.966584880218093,0.42974475636844756,PULSED
2426.616181836401,-54.68432754453172,6.269244679186983,0.0,0.0,2.073304853178524,17.7359847295611,0.3474698707574053,STABLE
2495.917053906705,-56.35340212641162,8.608300892372354,0.0,0.0,0.5899248037098489,15.288009538532283,0.2443527361259309,STABLE
2430.314508156577,-52.43765904515005,64.75599623185656,0.0,0.0,13.129663903064927,3.3242678925042375,0.9007696892338274,WIDEBAND
2409.2257640935372,-50.28089949200902,7.922179930427565,0.0,0.0,2.016090150128897,9.491172422247866,0.21523359486509805,STABLE
2400.75070328,-61.43177531374131,8.91004744069504,0.0,0.0,2.656100765541227,7.074936051740739,0.23818685807776543,STABLE
2418.088443032209,-48.906908701102424,4.68332886883551,0.0,0.0,1.493676387701411,11.47918491500723,0.2319541249091959,STABLE
2450.250856693912,-48.30681358923218,17.022553289439514,0.30142986902228847,3.395145194248296,16.00717119024985,8.846283918733022,0.5979227969795579,AGILE
2490.6465251254103,-52.11596415915917,45.56656579235813,0.0,0.0,12.747156716128917,9.855133179992617,0.9682680691025475,WIDEBAND
2408.169882710586,-46.79451494404087,74.34503817605699,0.0,0.0,2.8748491041877644,10.881583557469039,0.6830231251987958,WIDEBAND
2426.738248879476,-51.33117258407231,18.98551625435601,0.7493076610840455,6.846158376834229,4.68124405698242,6.23807886273273,0.5220517666284352,PULSED
2491.8344693303243,-45.76671148561063,79.84578443857808,0.0,0.0,8.938393536752352,4.930340310729493,0.710564806095434,WIDEBAND
2463.5600235168095,-49.11403412031812,37.73657414136562,0.0,0.0,16.479422911753705,3.253990188823103,0.5983376164396722,WIDEBAND
2455.6584266626896,-50.54901541417251,9.307717810244673,0.819828745848914,7.103157782680099,22.938619962407575,14.117900312617254,0.6984625317690745,AGILE
2488.189147049652,-52.50446193322903,71.43804264719354,0.0,0.0,5.403066568072865,9.478060500552353,0.8139245020981525,WIDEBAND
2484.4767743462376,-25.39939844859971,21.79078130887299,0.8407675519831753,6.168488352117598,2.8815271332100125,5.9207693172173155,0.3981817885537349,PULSED
2463.3569015904127,-39.46607224327714,25.767852615902076,0.7780412151847632,5.8502077838220545,43.62758638362328,6.942854622578963,0.5038707448595245,AGILE
2400.1849456997898,-48.57421122467279,12.203799924557135,0.8015806065072155,2.864611224405378,10.960796067955183,12.871277966754583,0.5958982900446066,AGILE
2421.0493089771708,-54.692276636240194,11.086325527858612,0.955387690114969,4.99498544790481,3.040638046591482,17.15404982643142,0.40222098685389285,PULSED
2481.7193432160843,-35.33722701864266,69.76183902307984,0.0,0.0,1.0,3.3255990816180785,0.7343213100721993,WIDEBAND
2411.8005902120517,-60.98348096560889,8.799548453446873,0.0,0.0,0.7756167557119513,8.988049421892793,0.32795369786716394,STABLE
2428.888770817625,-38.684002902391285,64.4101122472754,0.0,0.0,1.736731961501789,8.867735568448488,0.797542799437374,WIDEBAND
2497.183954553441,-52.88177672980757,69.82226989912758,0.0,0.0,9.351707803580053,7.462537650398228,0.6674854995703904,WIDEBAND
2484.8772085060477,-55.268397605127205,5.189671278646079,0.0,0.0,2.272903744803285,9.124563107556748,0.2705202074452613,STABLE
2426.3786042175766,-52.628961143107084,8.646166515875802,0.0,0.0,1.2471001024252102,13.477221690438308,0.2899499858684029,STABLE
2400.5181002108857,-43.83119684807224,55.79970107840195,0.0,0.0,11.20442557949917,7.203690536440904,0.794243994697095,WIDEBAND
2420.755521915097,-59.591586400250826,47.04810144835457,0.0,0.0,7.413095832991448,4.93170145983055,0.7266293291152621,WIDEBAND
2402.877931589165,-54.15274689803948,83.84252376865032,0.0,0.0,5.754183574377494,3.469978479331153,0.8639756292289102,WIDEBAND
2476.938741721598,-47.37987470627751,23.18567469337643,1.1149444642258932,6.300759492635713,3.663540574548949,6.8778176847636905,0.43814351308857213,PULSED
2494.1343977047163,-49.79690911532792,2.0,0.0,0.0,1.806276567092116,19.922921054579135,0.15949759676008918,STABLE
2476.459477114746,-49.45084221880819,22.977991887095275,0.80142424796343,1.0,18.806143439677417,4.740909263943374,0.40911248647984366,AGILE
2493.973427372883,-33.36554516227806,18.127539091587455,0.6078437765391517,2.566803614868732,30.068296600516657,13.485119622131007,0.4612370115960579,AGILE
2488.6218313389404,-56.127994609100796,8.504898629184785,0.0,0.0,2.102569651862292,6.7290615170861745,0.18696016604601107,STABLE
2476.116470344989,-43.05603765478094,52.22254488205433,0.0,0.0,11.912272086001092,8.615921620267837,0.7670482264594868,WIDEBAND
2480.896960250675,-43.84303115426013,8.937105557012405,0.0,0.0,2.0263104083465437,18.07113630111821,0.23717172651457055,STABLE
2427.618009522752,-48.75304395668977,10.585599536969688,1.2038615404525976,2.614927188757234,14.891291503992594,8.697002609257257,0.3862106533238885,AGILE
2490.774535238662,-45.91295129948138,75.96774992775511,0.0,0.0,4.221269200715932,3.479408945864358,0.569893992300219,WIDEBAND
2473.7828178869786,-42.34833276249438,24.10191345013469,0.6324447266815137,4.01259865097154,4.032210146274532,12.834138403193627,0.4351312504940646,PULSED
2406.158555613033,-40.305920099765466,17.65090076395696,0.5523921165922446,3.5116702642539606,11.024446918585062,13.667312374695472,0.6022454861209502,AGILE
2476.217109764271,-44.21156523140958,60.95896573816348,0.0,0.0,18.43674394879796,7.317835491806736,0.680648237417933,WIDEBAND
2436.2643227515796,-37.28815582960961,82.66180462443235,0.0,0.0,1.2932528302703696,5.551203430333237,0.7793828313694456,WIDEBAND
2428.2564795334397,-36.88808315674225,24.57639243909704,0.1,4.592404319244173,23.713553125314732,6.8405675252692975,0.5304562719955763,AGILE
2464.9258935612424,-48.04861581784728,16.99584785690366,0.4592897318030358,3.720294885072322,39.35770953131671,12.749816127160084,0.6336601200446587,AGILE
2442.4479131431217,-33.14962968410601,16.665783639508632,0.7581062905639464,5.611106436558731,3.52536385786688,6.137535989799529,0.4724491901561387,PULSED
2417.8675671653,-40.897941627531566,17.152493158310783,0.2352533169625981,3.583069701012253,25.898701889812067,12.113959497658696,0.6097717992814828,AGILE
2499.17701342527,-41.0332126512024,24.10736100103785,0.8195572035892094,5.660315685128159,7.521804772255215,8.867408429253258,0.4450426229572414,PULSED
2421.8383047855914,-45.47313292661668,77.5354384709141,0.0,0.0,9.14362179847172,11.928602768299594,0.8220349490176202,WIDEBAND
2493.9544840779545,-58.09778558116905,10.200741361394446,0.0,0.0,2.0404853065315827,11.216409066622113,0.23454872806541252,STABLE
2430.0248108629303,-58.188741413840766,11.790767250953335,0.0,0.0,1.1962112417202935,15.439004036032532,0.1903789048094401,STABLE
2454.3806385516154,-40.76915699971174,78.44771980496056,0.0,0.0,9.641438213164154,11.256033930982158,0.7745396553129507,WIDEBAND
2445.4551725181154,-26.34566190183451,26.06930863447194,0.709308635966293,5.9367105773022235,19.993524549011227,4.2168059895192185,0.5435755181546561,AGILE
2405.0670176899507,-37.25365161510244,72.69995728322398,0.0,0.0,14.279602762558842,11.206990289618819,0.8521559059761508,WIDEBAND
2462.008090665326,-59.99056704557686,8.318192484378011,0.0,0.0,1.4209095072301714,7.88471060413534,0.2660524171675932,STABLE
2415.3774309012547,-48.5013058390637,59.89048025424233,0.0,0.0,8.958403525928587,5.440028823073677,0.8646706509270145,WIDEBAND
2464.8219334901423,-41.47677845162069,19.282741109270827,0.6031489016751532,5.296224714957459,3.0597714884622498,8.611771025564751,0.5093543935767144,PULSED
2454.940949134014,-44.721177622438056,16.499424535074933,0.5179473235735625,5.213181651945563,3.1690146715216083,7.025267536720707,0.33166939566865905,PULSED
2436.4868225975774,-50.04628507358084,20.863258544952032,0.8104309033176451,6.699528344718795,1.177265091847313,17.526536773713005,0.32696060451443365,PULSED
2477.5312425183456,-39.95407745366196,87.88517253262842,0.0,0.0,9.918657281116676,8.10235740575386,0.7057059628428946,WIDEBAND
2468.3206136228127,-37.85948608499093,21.801362113317122,0.9918381386637712,5.257869496104156,6.068380191533541,4.7584086090188125,0.4726479135479436,PULSED
2446.799575224072,-39.29356525160535,57.498208351992886,0.0,0.0,7.654863363191699,2.0975506120809944,0.7768133935923316,WIDEBAND
2434.1903305809356,-45.219373753588044,11.874078713344248,0.6534498308552565,2.814625298134988,5.890161705235954,12.519882321986207,0.47294646961173414,PULSED
2430.9653733918526,-48.22225816245852,76.8891409296991,0.0,0.0,3.606476440495623,9.5903348704425,0.8165853984892932,WIDEBAND
2421.206787300787,-40.91958411473407,24.99275368004224,1.0078308548902892,3.5704687001734765,31.643847276999878,5.825046816797798,0.604166915107013,AGILE
2456.5566688453173,-33.3773482671892,15.105891392065868,0.9703764964547803,6.306755632861985,2.090143094885917,11.234573385570425,0.49427743211105174,PULSED
2453.188609134607,-52.98495245840186,2.1388112482944486,0.0,0.0,1.8063085891080397,16.124219490972727,0.14659219555567493,STABLE
2412.6773406296206,-49.270875287056455,24.383774074564997,1.0132940395710037,4.711112550615559,1.640205270474496,11.352067678787806,0.4956122159959771,PULSED
2452.5386932851848,-56.61415498735992,10.874518160872153,0.0,0.0,2.027128467584698,9.993001259245112,0.26492333561914116,STABLE
2404.5105228921884,-51.98171467160278,71.2587482574858,0.0,0.0,8.37629887016738,6.40512477695958,0.9275043691619508,WIDEBAND
2438.014343429483,-40.116324095769386,24.295765851030872,0.7575414268091324,4.035378150825125,24.60760466138131,9.132673446017112,0.47196693558002367,AGILE
2491.2086618354856,-38.22731917150116,69.33652077394473,0.0,0.0,20.0,10.417022751223733,0.6424058421410949,WIDEBAND
2406.9416531449365,-66.86367235220418,10.707671093586214,0.0,0.0,1.8136496932669939,8.056714564200943,0.27322970674698177,STABLE
2427.5742964198444,-48.825224301700366,18.799383606511654,0.7490057754968774,3.62541330394186,1.211481707554848,14.972113518751915,0.4728989491651331,PULSED
2473.7595655336504,-50.39414953990364,15.163484455897683,0.41907713628255666,5.984678203375674,17.26258971094553,12.785258617310149,0.43786445825994447,AGILE
2443.4970861719908,-47.52489457623998,18.88495702533993,0.7068035721967033,4.417245759710921,4.653819251230646,17.528467350764938,0.4615975496246262,PULSED
2403.1985193779738,-39.334298399469716,18.056187725712626,0.7734274881156644,5.5846241830042835,32.97151449730169,14.17870425382701,0.643889260872368,AGILE
2498.1805947542534,-46.982883399926976,10.495899970118863,0.0,0.0,1.2979861325576283,18.549918079460795,0.10540468205200751,STABLE
2493.3018545906984,-48.175830681670014,81.7726242095146,0.0,0.0,5.632799693006913,10.196581841549296,0.7556196772470465,WIDEBAND
2462.8059332657276,-34.368910555790855,20.692152289779116,0.16317591674797866,4.665126578178698,17.169530909416807,14.223888964081134,0.37722520090142053,AGILE
2445.654143106926,-43.24004954855339,51.7129614151749,0.0,0.0,8.010755044316541,5.591997695029338,0.7920313914418924,WIDEBAND
2456.025532039421,-48.07586604821807,59.39285206811024,0.0,0.0,1.0,7.506283062196712,0.8074868123043819,WIDEBAND
2436.0810561417516,-53.01826032630045,7.5765323949112116,0.0,0.0,1.8989755528557786,8.613906746214683,0.24741198462154557,STABLE
2455.5461710137765,-58.81969169861341,9.082263221609063,0.0,0.0,2.110341185869549,5.5545609080176135,0.14886416095691152,STABLE
2400.794968430112,-32.04241048445226,23.356564221863035,0.5348268734420438,2.5751121633902994,2.4897974864172525,15.26576958706741,0.5960590469501675,PULSED
2427.978681167725,-49.281816253272005,17.786833021717833,0.8325126880484099,4.497116351425091,5.060118391542258,12.576621612078405,0.3733289860012586,PULSED
2496.0082107985363,-51.00297200571675,14.593911882039093,0.8642687996687325,5.62376450426676,1.1709353641119402,8.024657404702294,0.4694628372244315,PULSED
2430.6774083577207,-54.462946001417116,7.525480561805196,0.0,0.0,0.5301053655522194,11.685989950395992,0.23307913108388742,STABLE
2476.851699259898,-54.57403170745031,7.1075894713054755,0.0,0.0,1.1095840787504523,15.844009980378818,0.2096217389363521,STABLE
2406.829145167012,-37.825845370213514,17.684421543351124,0.7707684895553355,6.909686974066684,3.9591564403675545,11.095444258961358,0.4887380726202316,PULSED
2481.907948181374,-47.81334811810604,49.958844662359226,0.0,0.0,10.034471159712469,2.1805426678310686,0.7782647098805489,WIDEBAND
2462.4874695167637,-36.03522708077521,20.016062765059345,0.1625168381991377,6.024132545277933,25.127274279730276,4.083602961249771,0.30402911516123177,AGILE
2409.992304463514,-45.81210774415144,16.790222270375057,0.5112680068535205,4.480126208163633,16.109965970409867,10.702121232509569,0.6025277206497891,AGILE
2458.519135130496,-57.676416270753,9.960381743343644,0.0,0.0,1.7249385325147837,16.853647330841525,0.19804360697006285,STABLE
2448.896012527795,-45.752501081015076,21.095589925068765,0.8184492454423432,4.771732498012281,4.67621184301266,10.706901104193191,0.4701811411202746,PULSED
2414.5262189723435,-32.88485008867887,19.523420254206755,1.0638020429670632,3.351365583981841,28.411488322079137,11.94852630206913,0.6695152304711679,AGILE
2448.977884724738,-34.00592228078673,26.41126151169351,0.48851476226368773,4.044501712391522,21.210328187456387,9.51707542275266,0.53055286886711,AGILE
2442.193315866822,-41.84864219381997,11.127530126794849,0.5643828557696089,6.404085188463898,2.390777087336045,8.684730525217674,0.4155772222548045,PULSED
2469.6371948943506,-47.63433271888048,47.922600049094285,0.0,0.0,4.6981876496095545,7.204345392711409,0.6884525660183545,WIDEBAND
2407.0606558897157,-47.74794369199953,55.453603301299,0.0,0.0,9.962726691055835,8.282915638587667,0.8004787922104276,WIDEBAND
2419.921483509394,-45.498935982694974,13.586472878544246,0.8876461942482565,4.598944709403382,33.06285944391614,5.1521420627557575,0.7679889308281965,AGILE
2450.9427598886723,-36.60193229133742,71.04173860686765,0.0,0.0,16.576810708874685,3.6786643444441687,0.7276962672077005,WIDEBAND
2420.7023811138956,-47.79515604947052,59.98811463299472,0.0,0.0,1.9277832024565074,5.088168020175824,0.8069234538214234,WIDEBAND
2440.6972836111963,-43.172893404291216,54.27378824729003,0.0,0.0,5.166581848385579,3.276991356867713,0.876207538460974,WIDEBAND
2483.7383478305424,-61.192193470969464,7.87336028057808,0.0,0.0,1.2074265714830326,18.04526443560448,0.30726089974550186,STABLE
2407.8828075307233,-52.55860459951783,18.169615652270338,0.1152444722887499,3.3601337052447278,16.63474035761861,8.586462791874936,0.5909712005843506,AGILE
2410.1615442897614,-47.467153865543054,22.575392621871103,0.7676128405539181,4.407937437760148,6.019084307738804,17.78316174607381,0.4140286327462289,PULSED
2415.0596583710567,-40.71152525461334,17.066267456723928,0.21236166966611725,4.514253778581016,27.77344067548429,9.348349481021568,0.6535821068601767,AGILE
2428.58107979585,-53.611851836633036,19.196988595384788,0.6776949892074783,2.655051122701783,40.51760120822102,8.234654712955539,0.3707222661051558,AGILE
2490.0185895104846,-56.113665608842304,9.697733072070141,0.0,0.0,0.9409892649481473,16.760913614610608,0.2993337589336214,STABLE
2425.9741418142257,-38.99958242729143,80.57883840566925,0.0,0.0,11.587652906624008,6.0527932885145415,0.9616472622733114,WIDEBAND
2494.741910079778,-42.659169365431715,87.32627005293773,0.0,0.0,14.892835394531922,3.726761940085182,0.6687208197806626,WIDEBAND
2464.891183109584,-52.177297866578975,9.336395687115262,0.0,0.0,1.3823412003931166,5.233710500637875,0.20309258621600032,STABLE
2494.831598754161,-47.777553572635355,19.019450905008807,0.3555434365258878,6.63393109751288,14.581027575475193,10.929766958344475,0.35637815865691264,AGILE
2473.5712609378756,-52.0483420709256,71.13990908909294,0.0,0.0,14.707471280580254,3.0395329813520684,0.751608693673953,WIDEBAND
2457.692081809965,-48.35713689533955,15.7389730347117,0.787958704427407,4.3657732923141905,1.8764278201257358,4.06225223168904,0.5353986573011689,PULSED
2419.1921161411087,-50.370800441428486,9.618242621980487,0.0,0.0,1.3833516335289473,18.699277755529636,0.2583954587223468,STABLE
2487.8414666445174,-49.42480705057787,19.354070784405074,0.967874882125062,5.260314422500382,2.237637581027765,13.571923733461317,0.4135274063860274,PULSED
2431.510082532892,-49.95403173019024,64.79231227455755,0.0,0.0,7.343458888341619,5.266337129212395,0.8844442346143099,WIDEBAND
2426.397221549202,-55.03131338978075,12.286457700681453,0.48039751499009414,6.568221468406816,5.061126246263295,16.19067367568833,0.40485026849394756,PULSED
2465.359137158756,-31.717043286374015,31.74618405408342,0.7926025876873046,3.737739244062485,30.904833951010044,5.786426333776349,0.34927718622094417,AGILE
2472.5627865899655,-45.08169359330418,23.57514812190353,1.263563851669906,5.11223514073185,6.038431663951199,7.847833018866817,0.4193509108899953,PULSED
2409.1718294434168,-43.41758774739972,17.638170226184748,0.46938461088521694,6.204675782548748,30.522599176910543,11.552705092459114,0.35568792972036184,AGILE
2493.969884195888,-54.46514839935751,19.236514445482275,0.7539805298131708,4.53016778761795,6.591928758057147,8.686743902954477,0.33841847517519985,PULSED
2481.0291341211355,-58.16111917592306,7.508997020528998,0.0,0.0,2.4189938798581943,17.193580215436413,0.24623159661136268,STABLE
2435.07065752005,-47.986099252571904,69.19677005440857,0.0,0.0,20.0,10.760015516006446,0.7243323909707015,WIDEBAND
2460.2088879581975,-32.94668421934787,23.08260096854074,1.078284968033901,5.0031756409139465,22.561916391032064,9.951170814843598,0.5738891058077863,AGILE
2412.7252433861636,-49.88431602134804,20.426124190018548,0.6574909405384549,3.670902085429264,28.168599822155585,7.934414136477889,0.44458606109094206,AGILE
2451.826526058941,-47.94866152099336,93.45915981837453,0.0,0.0,6.987031768203144,5.45512780862483,0.8975714966658817,WIDEBAND
2444.945319428589,-40.71149315249811,24.846972484390065,0.5232081005633631,5.292459036449374,0.18999068369236394,5.434146353773844,0.40289873376182617,PULSED
2400.0427885027275,-39.40981810886251,28.76906190414776,0.6613938559012915,2.7748976136238257,36.944040695665265,12.732475149315972,0.6273566768101447,AGILE
2493.0594270876904,-54.87977625480213,5.601765747709539,0.0,0.0,1.9351016032897441,15.650014118338182,0.36327543829176795,STABLE
2484.5219674461355,-46.75878474305576,25.48783068043568,0.8408129066345514,4.669561028401073,7.088276002413293,14.245639399436591,0.5578699912871428,PULSED
2499.4938142823626,-39.56308436403155,24.38398594847238,0.7931598774888806,4.633223740584358,4.869969204263588,16.27373674320461,0.3634256627015051,PULSED
2422.2130938015353,-41.1025556473612,25.592730946884018,0.8227141117545349,5.062842377256,33.50400416196433,4.05370214736433,0.7113468689572274,AGILE
2446.339544911621,-45.93024108718869,60.56352679205134,0.0,0.0,6.026500056276763,5.015433929622802,0.7354489919229595,WIDEBAND
2409.8924505104824,-55.35046746315209,8.167962006628908,0.0,0.0,0.9451950683421754,8.03132152468217,0.16946949001774558,STABLE
2427.4858086117993,-33.513654461539794,17.2912895290618,0.7591658494495341,3.52619234653936,0.7303326007448669,14.923363704664359,0.47902478192599157,PULSED
2486.504998112548,-41.1417793288411,25.86358387868495,1.0492669717328158,8.21579383569869,10.20129439366589,12.36158126229629,0.2742289095011323,PULSED
2452.0195433633517,-39.9596681265188,11.811370958513608,0.9778236711984125,5.700016479397523,6.5386506360756655,10.287303909056629,0.5539982682302057,PULSED
2438.7378868466617,-38.236329796074344,19.918204604421152,0.5480820089983478,2.9799342577376646,15.447978752559994,14.600926615365278,0.7067309106129882,AGILE
2417.2989809151845,-47.289726145769656,70.5745773423038,0.0,0.0,5.698248622404025,6.313757216692301,0.6211627627267584,WIDEBAND
2427.2154704206882,-60.286738585102725,73.63435412605968,0.0,0.0,3.589003232358478,10.081799809344815,0.5843810989070557,WIDEBAND
2450.3202081451395,-38.77173534111669,13.961470770189326,0.6792521904111761,1.631975355772263,33.84457074513286,12.45276230035618,0.71292830356218,AGILE
2425.060887440306,-49.669854850992095,9.580151098944462,0.0,0.0,0.36259034476230756,8.325457225652348,0.2046675568755683,STABLE
2426.8988451805635,-35.61960369677591,8.81959232233501,1.1182052009322723,3.943774461036539,4.42306507883104,9.888917330339442,0.3761599167638061,PULSED
2446.9224231503767,-58.12635303794922,51.795785449879936,0.0,0.0,9.672186615198267,10.300781600665548,0.7365561448201942,WIDEBAND
2466.743921280988,-34.22970255238315,18.99955076285994,0.8901124094691792,4.30902437341323,24.291767984514635,10.617698253764452,0.4208370135979267,AGILE
2412.4140236597464,-43.496499577182306,36.77910019191257,0.0,0.0,5.042668437129851,4.643113582425192,0.8097889733930499,WIDEBAND
2446.1208885837573,-51.31540493732426,9.196694094149766,0.0,0.0,1.915728458677202,10.300065426027018,0.29204338941157515,STABLE
2490.7849501962523,-43.83831279568564,9.771084175928777,0.8878662153954952,4.932189263131651,5.03282856550881,11.438500759371209,0.38588164794055807,PULSED
2498.227996496587,-39.882078871153965,91.84408393689618,0.0,0.0,5.331016935076027,6.632307618239096,0.8437221082718143,WIDEBAND
2433.1276793419565,-53.03035622751382,6.744845517577941,0.0,0.0,0.7932598751298913,18.013967983597887,0.24616776489253045,STABLE
2405.468438506226,-47.31462228156967,21.46682363821344,0.9873549884349444,2.035776557350921,36.986672862236105,4.117279705537498,0.5845791921258199,AGILE
2408.835851620074,-59.13899821402768,18.04666482432334,0.5990852026244172,3.3292143468894793,42.371064481081845,14.807223084119451,0.6532811733676764,AGILE
2466.1431391135598,-47.4972934214299,77.2737663196578,0.0,0.0,9.010520170013182,3.0281233547285917,0.7757419665701557,WIDEBAND
2420.827487520307,-38.33127090457805,14.3203417530476,0.5131407710620697,2.9416097282494627,1.1217983777160692,11.521657849063239,0.4308921011044679,PULSED
2437.54931015252,-47.35971745274619,53.909134173475266,0.0,0.0,8.860880914161546,8.211956758553015,0.8003492215085547,WIDEBAND
2482.8546924838784,-44.18954831351712,7.176501164630701,0.0,0.0,1.2091333677545608,14.023376786840235,0.135512175206484,STABLE
2403.9074732187123,-46.74284736145551,46.30168548163694,0.0,0.0,9.52295760858504,8.833174550263099,0.8215711345557387,WIDEBAND
2466.5610145462533,-40.58008011134359,13.273041737996135,0.8236782099445176,5.885848300295318,34.45111094404676,10.078803392809826,0.7569198129556991,AGILE
2444.0912054496143,-44.0222113947162,19.668088603788515,0.398342221718204,4.4148889027111675,26.579107570491768,3.0164363325027805,0.43402437847889047,AGILE
2484.207015177224,-62.87081899466327,9.342456023227397,0.0,0.0,0.8802785149903496,6.1661700038756315,0.2688291412064273,STABLE
2428.124596687424,-51.992750037314714,8.236206930012921,0.0,0.0,0.9584242166570398,6.985779368815256,0.2885291771379558,STABLE
2471.8350563173153,-64.19718927011624,6.96597155009128,0.0,0.0,2.047230330493905,19.354573769461695,0.15347159744380168,STABLE
2443.132702014645,-57.10571429330787,5.9554394367053405,0.0,0.0,1.4230568504613341,9.837356614515947,0.11315572927768464,STABLE
2403.415705445289,-30.59883063437733,68.61274312151808,0.0,0.0,12.587176648439582,7.458475497464288,0.8199531626601194,WIDEBAND
2419.5486509582006,-60.559198666942905,10.969837573467702,0.0,0.0,0.6533751593298902,8.104777394612597,0.22082835215805718,STABLE
2456.4788071037833,-63.27388580442802,69.3652819871644,0.0,0.0,16.485949059495788,4.7562726242157805,0.7797801527454367,WIDEBAND
2441.22306496877,-56.0686208009178,5.172982803503629,0.0,0.0,2.2912516971004315,19.922347601213353,0.2232180906982939,STABLE
2435.709916413355,-50.27505565568079,25.844204413338417,1.167548319410563,3.149139833787478,27.778532225020143,12.416262633245175,0.6500244562416759,AGILE
2496.664836262976,-51.20102851466496,20.301505156080903,0.7281159448039217,7.4974012931569565,6.5007196490339965,13.807643279310767,0.5037085579958501,PULSED
2496.45048760965,-34.761503600565206,20.57472048535954,0.5837005637918353,4.2975077338165715,0.5937070489051193,4.603771934674766,0.41138144182075337,PULSED
2434.652920842674,-42.592647062569114,22.988345567990127,0.9256610871882534,6.024940801442262,4.747637117527692,6.075390477350302,0.40970453805932505,PULSED
2449.9697647420976,-41.981812342305126,61.2987634236171,0.0,0.0,4.61081625150608,3.802133514710682,0.7845279559973741,WIDEBAND
2423.9087232199668,-32.7310409030837,21.964854424891964,0.9597805894133442,2.91602946508011,2.414942653413959,17.325993117037164,0.75,PULSED
2495.7976875437603,-42.94074259611657,82.27229083745097,0.0,0.0,5.622420414965117,10.4101473023958,0.9024220977648665,WIDEBAND
2433.981433604329,-32.46494082923181,17.290545007144285,0.7797783865762171,4.588974981560734,3.023176687868927,17.341251196347365,0.5608835456308864,PULSED
2462.3800361425474,-32.710282488373785,26.843936293493286,0.5688500645164424,4.127215024785732,3.352017924937656,17.366116453212,0.34701582412157517,PULSED
2441.507806221213,-46.61282862238011,100.0,0.0,0.0,4.627340589085668,10.635991194450897,0.753799914653905,WIDEBAND
2457.9802793505555,-46.73032290241722,7.347474704237472,0.44832590773255543,5.121185435863253,25.64172831751171,6.1939453756577185,0.46521599292222726,AGILE
2483.1396811345076,-46.72796615271658,76.67778990105529,0.0,0.0,10.035237464200598,6.757769054341587,0.7090874123967804,WIDEBAND
2494.363503864507,-47.95272324246792,19.413293951149505,0.7677729309831253,6.004972175486976,2.133154924398667,17.390014545841474,0.4252169948961114,PULSED
2405.208877496969,-50.738350741172944,10.60946339964304,0.0,0.0,0.7193293302119931,11.767826683002987,0.16382563490122876,STABLE
2476.1199557527398,-42.99062539519085,24.912234659376104,0.8797107600351138,4.249385909916542,4.128147677840748,10.678222470251562,0.26432250133837865,PULSED
2412.6774922135182,-39.43788155461993,32.12505027823737,0.5303385439625734,4.028881680514805,17.7742827879363,12.984092628836244,0.49393731017133646,AGILE
2454.7016228206335,-45.637894420753256,7.399383483527373,0.0,0.0,2.2670453248087687,17.981477834331503,0.24617474410056112,STABLE
2476.113970199035,-56.897455554061494,7.966397684991422,0.0,0.0,0.8175648579411359,10.561970363488719,0.2966675161257369,STABLE
2424.879857927,-35.36204438046909,27.15139906507307,0.9515415137730789,4.661304019672049,8.0,14.024884623775193,0.6824655676548632,AGILE
2484.618152934499,-48.685461923204976,8.912024364218256,0.0,0.0,0.4346841919540134,19.34281122580452,0.2819951212728258,STABLE
2436.9299066568783,-41.40987489867162,75.10038509388653,0.0,0.0,9.393304603517919,4.324526745519984,0.7199119059983936,WIDEBAND
2453.182694768098,-42.63561472637744,16.04150503454517,0.8282025949568091,4.448824315615059,26.92531270445635,11.870650682629085,0.6001505553204403,AGILE
2464.151185309142,-40.11226936076554,82.96676734236453,0.0,0.0,3.504078611126098,5.946384938232615,0.6045192158145639,WIDEBAND
2412.658196513579,-46.22572604976955,23.665154093608216,1.0929521701787572,6.335849720706618,4.053135222715095,5.079395365318275,0.6040170462207404,PULSED
2443.5021790726787,-32.75506503129173,91.43672446918865,0.0,0.0,10.004706233516371,4.261708608224071,0.7586416255092555,WIDEBAND
2452.499482192837,-44.731422141453905,88.69447617212914,0.0,0.0,8.921900649118172,6.942697617392083,0.6380840512465594,WIDEBAND
2411.8130162293373,-46.522681355329375,87.04059820032944,0.0,0.0,3.8339644695525434,2.3729047632872784,0.89528317970924,WIDEBAND
2457.286147519529,-52.74278607135858,100.0,0.0,0.0,5.149548379297663,6.115710696455467,0.823199266519505,WIDEBAND
2441.6513368675887,-41.633518925904625,20.29702776671042,1.4883943039183345,5.736962628940047,6.26187559251005,7.9243476024918635,0.37056701008821746,PULSED
2419.7008578073564,-52.166332511096634,61.52872621241967,0.0,0.0,8.14225975983697,7.1372334066033005,0.7060636532357506,WIDEBAND
2446.8867395123643,-56.081705676800084,16.00588943848807,0.5611241326850476,3.2259916545437815,19.533743258700945,14.110902961460248,0.5962826046145925,AGILE
2455.561302013158,-44.44838431669291,23.31156192636065,0.7107014804798203,8.654390710413374,2.871022553052085,8.34168028424834,0.3678959559923394,PULSED
2472.0739309647206,-32.838550652522244,16.17472828567263,0.40845330726988077,6.540534677678563,6.803731255266451,5.023670715476772,0.42346781867220396,PULSED
2451.426172968362,-47.83949842758986,15.701924569630371,0.4967411037003232,5.667870953711987,2.359977594720995,13.672415150037994,0.34656519567987415,PULSED
2453.099532127287,-43.46933334179344,43.487880060108836,0.0,0.0,13.791898428458204,7.364218611684271,0.9200235578094378,WIDEBAND
2428.936998328589,-56.46357190683236,95.59675307487534,0.0,0.0,12.219948591917658,11.796267807841486,0.6975767990185157,WIDEBAND
2443.8857165144987,-44.629461481625206,7.618521882541684,0.8069702603750034,5.745887326903301,3.7294598868674993,13.03114557194072,0.3728705568785342,PULSED
2417.4635656316145,-39.67218725004099,100.0,0.0,0.0,6.286984086383772,3.0866685238325924,0.821782684068815,WIDEBAND
2442.1685175320235,-50.027588960429796,73.29018260696952,0.0,0.0,8.435731481750853,6.964667859458435,0.6865822144487616,WIDEBAND
2421.846489249813,-47.108555356084196,22.941808376267613,0.9569913535983441,4.177391849261565,6.542602232435369,12.196369466632875,0.44542042631688517,PULSED
2444.2389593900944,-55.33272024884749,7.9198101757911274,0.0,0.0,0.9184045020741224,12.208398361983773,0.24602844203867433,STABLE
2439.635983396242,-55.56399264537271,3.5694397687930586,0.0,0.0,1.3243248085929922,11.06231803419914,0.24038242343061886,STABLE
2492.459255331865,-43.26124154467422,19.66801152337274,1.1090857906527352,6.458995231696506,3.0980863469597653,4.307673505174273,0.3008718374278285,PULSED
2468.7994456160077,-48.25250796199366,76.78282551368156,0.0,0.0,12.366276067632349,5.165040695302555,0.7134790070059244,WIDEBAND
2411.6704980174495,-41.26568229943419,80.28123944656933,0.0,0.0,5.396333549041724,8.793936751994114,0.8170432568826375,WIDEBAND
2443.9178513205934,-53.399582992140154,5.872880541130565,0.0,0.0,1.6597080143292116,17.157795734896965,0.28257149346865573,STABLE
2442.542262983374,-62.288009963851366,9.428227497106601,0.0,0.0,0.5529927223518439,6.03408427598832,0.147054502937301,STABLE
2494.9266962769816,-42.10466080167773,15.06818024968997,0.42040300753309906,7.447956992086351,1.996732393680852,13.027223139682995,0.4332645983915176,PULSED
2448.0907773216436,-58.183298808587764,23.65238921393786,1.0956812151793522,4.430759822712202,5.042551860908177,6.199908268025311,0.4693526716011893,PULSED
2455.083166503027,-35.37384326671246,5.6150361464350445,0.0,0.0,0.9485237982261268,13.264466232703288,0.2738340431787395,STABLE
2485.4414171025364,-55.092479462406786,63.02366777794298,0.0,0.0,16.10325009294599,3.531592987680442,0.6733708605684198,WIDEBAND
2498.264475233666,-52.23296859135726,18.256933352180933,0.8920216771452181,2.957131252770764,4.994574736001328,17.053796891034658,0.5523750412536933,PULSED
2487.411570798783,-45.391950941886485,13.324878629442253,1.081087540349674,3.1458429138660304,2.8895798059968323,17.13878214326902,0.6215153550588906,PULSED
2456.1493533270186,-59.36788291218469,10.74949736646131,0.0,0.0,2.401288278903354,18.16179372129433,0.22344841206767008,STABLE
2473.873771074809,-27.275102958726343,21.52018034297261,0.4297307168301264,4.297751649742316,8.0,6.046612901405425,0.6592982471105988,AGILE
2465.6161649008327,-39.40169848567802,17.94279375978992,0.2041409242762139,4.322383088656313,36.03150264515645,5.2062724469210035,0.44325768090235584,AGILE
2445.650893178696,-35.705589731400465,16.199958213450444,0.6148686471874258,4.729132168376437,1.6817938132647967,9.746958876693839,0.41912975097958033,PULSED
2434.7019289082846,-57.963610465484784,20.60371307979822,1.0410328558721622,2.8493900510022123,4.737852321852433,12.480915974354511,0.49767288374098584,PULSED
2452.7728176125997,-32.37571470430936,15.666557261367574,0.7284906344407216,3.8689648793267635,6.292378755329727,12.460258289702693,0.4145762142774703,PULSED
2400.8907253823318,-49.05528061012679,77.96164629369284,0.0,0.0,10.891881234277614,6.801999888796502,0.6758554312367312,WIDEBAND
2446.8930207071794,-46.66729443308403,22.70308527878425,0.6547281303889161,5.548556319328197,17.62503956509265,14.38158912328343,0.6023911968749665,AGILE
2434.319889140648,-53.08991318627361,41.80946301918573,0.0,0.0,10.946238499538158,8.719721311708316,0.7767641920534764,WIDEBAND
2468.134106286751,-25.628022229131673,10.758033134325807,0.7854076886829068,6.479785911579604,1.531765836921557,5.928778580482664,0.41900122142733115,PULSED
2452.7328520813467,-46.73296667182961,65.70991428604775,0.0,0.0,3.575837262459851,2.825856714398684,0.6998096874722902,WIDEBAND
2414.6190379382992,-43.29000072076839,21.091666571059637,0.32951938783808526,1.969008646008381,29.15779596827128,11.751770684729632,0.5267336506945337,AGILE
2464.718753681516,-46.4929571697584,18.196434107852753,0.7140866808942395,4.919154743323581,3.8807447352191717,8.33541185884678,0.3881444433888988,PULSED
2401.594243896669,-60.89623625030169,16.487411930928854,0.7089589074163982,4.636771721659566,2.8978363843580377,10.583312079301912,0.3042374519783264,PULSED
2453.2492809411833,-38.283177561486504,16.984714164656687,0.42587319305152516,2.9846915180128595,0.5465636953591511,7.933692725616289,0.3578796550901245,PULSED
2460.497399867049,-49.134013599750865,49.54413691441977,0.0,0.0,11.023243443241013,3.4986439595249323,0.7343539535799406,WIDEBAND
2467.2102337950755,-48.075419401399046,73.32508617473506,0.0,0.0,8.691020586246673,11.692364210291764,0.7558092024997572,WIDEBAND
2426.212922544702,-40.411670650487586,51.52039921412015,0.0,0.0,5.138895685207514,3.830362308329633,0.7922704477524842,WIDEBAND
2441.5031730655137,-34.20262693209095,19.532887688322838,0.2,7.905126218790604,4.36612471394457,7.046055344380067,0.5369355850747837,PULSED
2444.8670620154885,-36.97203771394968,13.796881464179275,1.0689088503197155,7.215727821093728,3.482614041516286,11.180902085774704,0.4081242686015877,PULSED
2477.5424452672673,-41.54897319993408,3.51859147800411,0.0,0.0,1.1893328774938832,6.879890146616761,0.20313145046303327,STABLE
2452.7271405083306,-37.499396245838,15.749777890110426,0.892299257083264,3.838028977482532,15.510280487440523,5.506504108234115,0.5624705068837589,AGILE
2481.7419097625784,-51.55853312740474,35.0,0.0,0.0,9.266495171705188,10.168680434911437,0.7352608790064619,WIDEBAND
2418.7530261684765,-59.952094846075425,14.626216300384572,0.9369635444517491,4.9199322332206,4.360695493510734,17.21909614930177,0.5311271299767811,PULSED
2489.919552251923,-32.10503005120501,28.285326896417885,0.6470360348176353,4.085900736830928,13.535632101889274,10.128784473015791,0.6536341887367968,AGILE
2468.2521529686164,-30.099873665806665,11.998708318618023,0.6793497206200778,3.7215681985922857,9.19812258852653,9.341143977320783,0.3576062973254994,AGILE
2486.565359085984,-42.58310371628485,18.0606679460786,0.7773835951798943,5.359116360064255,31.120235837674965,12.728426072933523,0.7303665807476599,AGILE
2471.9444656936353,-36.50666211940167,18.105534694425423,0.9936901838487838,5.355436402439614,3.6457282402447233,11.701878389763703,0.43835707261098633,PULSED
2403.7617300729216,-48.814062922391564,50.10268705360143,0.0,0.0,8.506361428279156,5.751577248346249,0.8308720995875893,WIDEBAND
2424.311616443435,-46.19554644004486,61.61453315500234,0.0,0.0,4.692515326426168,9.35035559086105,0.9747947406530468,WIDEBAND
2488.6046044444874,-46.740668244751525,15.018706414876412,1.2051911671937563,3.6801666634161028,5.372784518483089,8.209190581868215,0.3236789361943805,PULSED
2461.619847296239,-43.31355501280693,22.048923801391094,0.5720844059578117,4.435131293298192,5.847308310737825,17.9741420085777,0.3442743030240364,PULSED
2476.059141291996,-43.746580642366624,10.637422279493403,0.8540148828378877,4.245245419126673,28.112117557707936,14.143077470673292,0.4201475754150105,AGILE
2496.6737574672075,-63.708113075535806,19.024696618267875,0.7877533779847621,6.783246672218176,5.929358788327234,15.246893467917792,0.5493710894902064,PULSED
2443.337391645941,-52.202027366977504,5.366149852734107,0.0,0.0,2.4666102603844005,12.373486510054985,0.31011003817296445,STABLE
2476.259142641962,-32.276755188320294,50.655345759818786,0.0,0.0,5.388026410794849,10.66839975439169,0.8590434552906209,WIDEBAND
2428.669270358195,-31.675726739621105,13.245054405669377,1.0701046170222457,3.6143832037940835,5.309562171542829,15.511593088130613,0.40917078759543635,PULSED
2426.770212144302,-40.90785671818762,23.944159866634628,0.8960076374197722,3.3938871039970904,33.0947939301036,8.811262069411388,0.7283959178871574,AGILE
2440.3909653119285,-36.93083953779766,77.70141560670075,0.0,0.0,6.6018729656449135,5.372618581421847,0.8018868869050284,WIDEBAND
2404.979977201998,-38.08101069394672,85.06354001222482,0.0,0.0,7.734780284839877,7.705210658161808,0.7138314920301857,WIDEBAND
2443.009174543859,-58.053734500777445,13.040585373334801,0.795603539065082,4.521499584321591,16.40650442429914,4.775904602586148,0.4621786927848115,AGILE
2441.7600799977254,-57.50569570869392,9.096239023140194,1.0295690303480811,6.824147380221593,1.4695999299610527,11.101515477653395,0.4180363909666388,PULSED
2408.1653179092023,-31.83629191752582,17.17882108806561,0.647104984027955,2.654037746890636,5.727127528146328,15.001591428521309,0.6866667735486525,PULSED
2449.8816958531484,-58.08262623862114,6.222405373538163,0.0,0.0,1.443455694678343,18.76006508827514,0.2530685235131297,STABLE
2424.5328366224057,-46.91530538293237,16.928777283145447,0.8364679945706499,4.158528808842278,4.8776330467233935,15.737108426443182,0.34490975127966694,PULSED
2482.1613137011404,-59.83430899967675,7.309686265514204,0.0,0.0,0.6630541440586724,8.718525347467743,0.32559099288123655,STABLE
2457.910294574673,-43.94140576473375,64.1867556307715,0.0,0.0,10.685959741452622,3.8722987812743073,0.71037987615061,WIDEBAND
2495.981393406404,-38.07794091966566,12.394104612710992,0.5754663056966144,1.9792115323298125,23.821652912391226,6.592657194117111,0.6492104322915105,AGILE
2465.079896151788,-58.48791089179123,8.93773920508377,0.0,0.0,1.3543368565211864,10.527023049658956,0.22091787808290747,STABLE
2409.7787097179216,-55.27889314979999,63.35912338015963,0.0,0.0,18.945278160017274,9.403111675421655,0.8538370504227358,WIDEBAND
2479.5381533312275,-39.05929075852889,55.08351301723335,0.0,0.0,9.862442350636478,11.341685112192078,0.7995412109953532,WIDEBAND
2401.4936944228234,-56.51962156607011,14.63803077652988,0.42465536863079956,2.966289800473768,4.235326352267949,9.996277143852545,0.48524847365725515,PULSED
2492.3695580001267,-36.047487755900505,14.977186444795286,0.6053178420250306,2.2570865765497654,25.086656483833973,13.965669245555901,0.6108122899162077,AGILE
2412.6791495435673,-60.034034918649155,86.34503781716904,0.0,0.0,6.587334738572423,10.895221982134597,0.857727984209565,WIDEBAND
2478.1699519368703,-42.85999311194015,10.293111987681172,0.8552747616920536,4.093146248982359,5.7109451849102975,17.27160492076698,0.4831638685580024,PULSED
2453.4285882143404,-43.46392028966048,22.632800346085293,0.5099282135100367,5.014814548911367,1.7712206938985693,8.77734326516585,0.4049519938015757,PULSED
2475.427151493789,-47.25661742607296,8.82196515380175,0.0,0.0,2.1260470605721276,5.6626265441624195,0.28143705725156026,STABLE
2400.861725713375,-57.94924495694299,8.169322561465528,0.0,0.0,3.713948713625808,5.673204837144149,0.31296991635179916,STABLE
2408.5616072812427,-48.3923750546965,16.93222916216251,0.8187708878646691,1.7355027149080708,30.03241974675141,5.876688974713975,0.5289699605213056,AGILE
2472.596157289882,-59.014270745042936,7.840307271788521,0.0,0.0,1.4517485975089972,19.98043238780574,0.2731182151961612,STABLE
2453.7437573353977,-39.808571933546936,10.960198407427832,0.0,0.0,2.395517729598704,12.914545409067232,0.19700802213069252,STABLE
2479.827746910987,-41.38714548016851,18.23863092220562,0.9256313978125453,7.149798885212313,15.448529918708997,7.377480327100368,0.6069131569019022,AGILE
2415.259479840634,-51.14624302307886,52.86853358858896,0.0,0.0,18.74454242548925,6.043258897657175,0.8692034055656417,WIDEBAND
2473.5226173265314,-39.62833441743208,36.86346104888126,0.0,0.0,7.488996709384474,4.724238633832505,0.8460280287921035,WIDEBAND
2484.653959792337,-33.02228907745991,19.221391411379543,0.6080511100671411,5.040989532248947,1.2147310581369677,14.447833389004327,0.45291549806610476,PULSED
2424.0121512764767,-51.75538037704864,31.992966905923396,0.512097783329837,4.259729294203771,24.256349222655306,10.72062443348468,0.46593389677123664,AGILE
2470.5442109852,-45.083375956200726,16.63304890625016,0.5317326682344214,4.471904393899401,1.357303229347659,6.422215732807668,0.4571141496350434,PULSED
2493.4496540249716,-26.919775818549063,18.12436681292048,0.7914699156032824,7.533534758113163,31.90090575207099,4.992875607442727,0.5737014796122749,AGILE
2494.7453999003183,-37.1406175590006,81.59015658400155,0.0,0.0,14.326634815520613,10.911687748642724,0.7024007126124997,WIDEBAND
2402.3697402118732,-55.04746594074836,7.074834371886846,0.0,0.0,2.3290993940471836,13.721104644384745,0.25913802235283917,STABLE
2478.965845376356,-40.88745386832541,15.504853724945711,0.7187892011570347,4.791959773537226,8.223058662620208,15.697376648537347,0.4901314639221807,PULSED
2448.118924283509,-32.76675873683722,10.749635758427754,0.20179964286458701,3.747557327786935,25.819517725833236,9.748545572768187,0.5721864338377181,AGILE
2465.901262786496,-49.23962385298604,24.40386658071585,0.6523100608385091,6.677429574293043,1.9014788309424273,15.107009577145538,0.5619996628725425,PULSED
2461.843421929132,-45.21725078829296,25.198682066418627,0.29201316112262055,6.66302073960429,23.26522011946582,13.975124113205446,0.6372435178022542,AGILE
2426.6080523482005,-44.97926820469198,30.450342972200918,0.5587200874568963,1.9681290362920016,33.0597338693266,6.187960312811812,0.7005944123978982,AGILE
2487.8382877186896,-64.3402957128165,5.361939632662976,0.0,0.0,1.509528812998905,6.825354310611342,0.28475618871392866,STABLE
2467.468524376452,-40.19871848109618,14.56876515990275,0.6580129632505618,4.354110128553682,2.0301129683029777,17.79755047019203,0.41296481062726453,PULSED
2455.9778852514924,-58.34070992065351,81.22126854396046,0.0,0.0,8.273277657823646,9.051555060575026,0.9505321939271968,WIDEBAND
2460.886015566428,-41.51427255770526,22.7137825166726,0.5412691385295005,3.2447946911563554,30.26620750883599,12.078540285105936,0.5903522911529331,AGILE
2459.7779340630036,-51.15562533878248,11.254802678929371,0.0,0.0,1.4527662261559557,10.60882760439835,0.22087622782515262,STABLE
2472.684398832988,-57.28096086354016,48.82370810533182,0.0,0.0,11.127510374149164,6.1501889749172625,0.7864268084191847,WIDEBAND
2428.0941928353186,-59.71852407708653,77.06897093091726,0.0,0.0,8.064494825305328,3.625634133619498,0.839586106789482,WIDEBAND
2415.927348125447,-41.3645521807531,15.19239239253233,0.6805649888373022,5.205742142745427,21.041605795803576,3.363764186768582,0.5856818218463963,AGILE
2448.2537451245494,-61.26347064753679,7.056280704557161,0.0,0.0,1.0156404097024276,19.84159860049617,0.213187446442651,STABLE
2493.143534214037,-48.856822112631704,12.331750742396874,0.409665851624432,4.862301509971725,5.632519229174383,5.740615911932091,0.47183785952994056,PULSED
2400.1067465022747,-63.258324994467685,7.367604590837624,0.0,0.0,1.792290993651014,7.579405279055343,0.24154072615333488,STABLE
2469.39753672386,-47.32639435865262,15.269619642912883,1.0195822126154879,3.171079063418142,8.0,8.927640181153917,0.6427724619999138,AGILE
2472.472664296903,-48.229847241338454,73.70316850928694,0.0,0.0,8.51134506615142,3.1889159027661145,0.69547378760113,WIDEBAND
2477.2973446868705,-45.70540587461314,18.325745794619404,0.8539140156369848,2.362233074607764,17.44547892794038,8.18680543898424,0.5060856405458203,AGILE
2410.811364603721,-41.27945891140038,78.95173210666574,0.0,0.0,7.131467631389958,11.790337021822939,0.7083261499042167,WIDEBAND
2412.074233720785,-54.63227070026026,27.479014504690984,0.7155394549272315,1.0,20.388923668786074,13.221727865469074,0.5219985626279369,AGILE
2437.0560612261106,-65.21174684477161,69.56609539449249,0.0,0.0,8.278344481066851,10.87754146735003,0.8234351636289717,WIDEBAND
2442.234986943881,-61.49174815029825,16.197349512853794,1.2620121977276384,4.212740971519519,5.581531013129222,12.448781937201675,0.4489842557904382,PULSED
2472.949508786098,-61.219491849217945,7.830960236977053,0.0,0.0,2.0401157279159183,12.290678743413096,0.31202717007633396,STABLE
2410.928360843637,-37.513684808512465,14.331972018912186,0.8520958089004422,2.970403963753923,17.29449689968,10.988150377849557,0.4946197403338977,AGILE
2424.982608780972,-53.62119924516849,7.995499510991685,0.0,0.0,2.152252857737307,7.5939096165039714,0.295957327163574,STABLE
2453.006506013518,-35.83401588638141,15.377728935854803,0.8471690370898811,4.8810876210890095,4.1169588461165985,8.51343115579625,0.49607293343305414,PULSED
2460.2119391833426,-53.98315677284044,9.999348039743978,0.0,0.0,0.778311089455159,8.563035080783884,0.26564526304847,STABLE
2496.696138189548,-36.29194449104816,29.82727931869268,0.3843969335417971,6.369501740339816,23.576045752959953,12.324461329296016,0.4780766685452912,AGILE
2435.937788818645,-52.5460036454681,17.24841275286804,0.6190603313061145,3.9561556129270454,2.570053340060911,10.602894718581519,0.41095553086156966,PULSED
2410.562122151088,-51.59526697871514,20.101002534316272,0.21457673978588865,3.6540907860162513,4.933353596161529,17.89712512299351,0.4841559688631348,PULSED
2488.955705711561,-38.47240518845114,63.05055707789077,0.0,0.0,1.0,11.571743488553464,0.7432720640608729,WIDEBAND
2438.314887235959,-45.28908120738394,25.637261729897553,0.6627085354254763,3.410776360685383,4.500497951317925,6.944810335918641,0.47888377081597483,PULSED
2481.8863773095345,-29.640430009148336,15.032896055016773,0.547519751284061,3.1681446263756756,27.999961228861725,14.262478127843899,0.39607893824854834,AGILE
2432.634986360423,-39.825007587799625,18.78014882895607,0.712379286413021,3.4525893044005342,19.638954069381704,8.40522936706804,0.6087014005154373,AGILE
2413.2142969181336,-43.45169460261183,15.919574393667357,0.8844192546761738,5.025568988426134,5.547383782197537,8.397076842614004,0.4633722630067873,PULSED
2402.4561394910133,-52.23326214056954,19.30873047358599,0.46260080225340144,4.4402535744246805,2.403052534460065,13.270281215419686,0.44428172050704073,PULSED
2438.735840265479,-50.54149572804163,24.805275438278244,0.4068311986067047,1.1192139663188567,29.158156384371736,11.235226262132638,0.5821188342222439,AGILE
2458.825799996922,-57.746196585740954,8.215760888686066,0.0,0.0,2.5476405478884216,17.380992667944817,0.17490116715363163,STABLE
2436.442051936197,-42.4187587685982,12.718301795364551,0.6980258743304371,3.7335179057205763,23.798743700069487,3.3945735112883817,0.6191037402778327,AGILE
2497.6670366806065,-46.13138034817386,21.481654407008577,0.8508034405736732,3.317514752907134,3.8186836485256492,17.736572810671458,0.4413503329426463,PULSED
2457.3184553730252,-40.05697928803361,42.847307676367045,0.0,0.0,10.849446857672763,2.7314921470201208,0.7751643362792118,WIDEBAND
2421.008712382353,-49.781945459833054,10.35636970563437,0.0,0.0,2.3451084688247064,13.911439804267816,0.08562801266263126,STABLE
2432.4643667110336,-53.008027039258394,8.493366299221488,0.0,0.0,2.367669113171076,18.471801207516418,0.10736257049620115,STABLE
2460.614963466625,-47.95590013167134,18.958148808963784,0.4414615149759765,4.581015514379997,36.1412851878045,7.887637542297777,0.6526394294101986,AGILE
2412.6241436566283,-71.16401570615493,10.48566076773648,0.0,0.0,1.609325205003066,6.610487745297952,0.30969733585399983,STABLE
2427.7565191953304,-39.94408050097122,16.531694476777794,0.2067209849847107,3.358941202281974,30.126220936864016,7.661758457338644,0.5530930867334727,AGILE
2440.216909914632,-59.84047750867355,9.103456538087562,0.0,0.0,1.84115793295862,18.634595083248257,0.3165654513515234,STABLE
2438.944490720262,-48.17236313778115,17.17117541673064,0.7981409133386027,2.911616521598694,4.923107835922558,11.597632621330709,0.5509228059848841,PULSED
2475.3158019020875,-56.65185527417233,8.734288753772411,0.0,0.0,1.2506016728763583,18.924606996456856,0.15481260132686797,STABLE
2433.628583042736,-48.26393047261757,7.811610849298333,0.0,0.0,0.6112551238274235,17.63981932577294,0.28754053429576926,STABLE
2498.4935153000683,-54.289779765240425,76.49216892386364,0.0,0.0,16.395576695433522,10.814635952967478,0.731454257142999,WIDEBAND
2426.0369068366467,-49.973752248484956,13.58873241853016,0.7882575399811654,2.083386361518409,24.054764094045535,11.95660621272253,0.5959560838370096,AGILE
2424.4536915194226,-56.42012681012398,60.40781630328999,0.0,0.0,14.11765515321769,7.113812234450953,0.6361253768593853,WIDEBAND
2403.985754414221,-43.89362551970464,15.762876823246655,0.23765003954784342,3.197873833912452,23.29465180055756,3.201474543517286,0.5611795918796454,AGILE
2401.6628355411262,-59.38484149239944,78.27464655731033,0.0,0.0,1.0,11.730433434073134,0.674762217600951,WIDEBAND
2431.1599054875555,-30.637310708427297,10.75379259674342,0.5968997103608658,2.3565807409884445,4.724249951885395,7.159133500764013,0.36415998767213165,PULSED
2467.183898187572,-38.14049623211969,11.564414217161126,0.7695638857222717,4.953220678126964,3.512500106129435,4.324242443457367,0.5007503723596601,PULSED
2417.321801339742,-59.36104447423823,76.32022723058621,0.0,0.0,9.616829551108069,8.871647440037854,0.8831054276759438,WIDEBAND
2402.726023880879,-56.013636293343346,58.60362781076532,0.0,0.0,2.940842989237134,5.906869289010714,0.7159608592914115,WIDEBAND
2416.1782457792265,-55.68012398703884,7.898743773886018,0.0,0.0,2.065226010318262,16.3113584027836,0.18158758860093052,STABLE
2474.452332895596,-43.759794012922164,75.30243584373542,0.0,0.0,5.637161572938037,5.538966790957533,0.7617108860396242,WIDEBAND
2462.6655182003356,-56.928055180223474,7.597620473010499,0.0,0.0,3.1297023175678502,13.732506023668677,0.23591939104466436,STABLE
2413.0901038996944,-34.31310772817596,12.482359297375803,1.1433715842233436,3.891214612318389,28.294714191247365,7.144007822445598,0.6642211549541649,AGILE
2448.671937741061,-62.55682722625635,6.0856943443837,0.0,0.0,1.4173692679691559,18.77878173603697,0.28547517652289633,STABLE
2449.699841797023,-36.586256751922875,5.0,0.9100441564346027,5.254540631683963,3.9302734918290283,15.10839759094154,0.4708445498003622,PULSED
2446.995594028734,-48.95493537408065,7.486691767200495,0.0,0.0,2.1000974497095557,8.227674119430777,0.3676290760469816,STABLE
2415.287712212634,-52.134823976399225,5.675142439720139,0.0,0.0,0.930318366496849,10.136055152159429,0.22095819210563944,STABLE
2472.666795831535,-46.199482521146926,26.71270151671203,0.5077342799963871,5.805191954536507,6.1138635624975874,10.020537109625266,0.42011808409818485,PULSED
2437.596480868925,-43.09780120281474,16.10530718578418,0.6480404584821811,6.425871707976997,34.10285292493211,4.896019063644129,0.603862146177436,AGILE
2459.3637571225954,-55.62790843585972,29.885115322984888,0.45362434922515327,5.448430641328313,12.175733814076306,14.545768127331641,0.6178640946881716,AGILE
2428.910328119451,-47.772954690363065,8.15843009560828,0.0,0.0,0.3663928695176113,14.232750421372268,0.24826349606111411,STABLE
2414.6687870181486,-45.31999500726679,21.93299867330227,0.7502768657787335,3.25376309665642,5.137911212747868,13.614002388970151,0.34405905258542885,PULSED
2437.0654902658825,-46.93792476424728,73.91546948001502,0.0,0.0,1.0,11.750838112108598,0.8516692285036638,WIDEBAND
2461.7522455066905,-45.18668903329142,68.07731200359531,0.0,0.0,8.890074678948883,7.9755348993502055,0.757441890572502,WIDEBAND
2480.8717871762246,-31.215419282244863,10.085222901388818,1.2024077642579083,4.328635108221317,3.1059810801762904,12.208925597808612,0.362971837002646,PULSED
2452.978304892153,-55.468148393212175,11.97699332004578,0.4580563850897633,4.088222529973683,33.064822882113155,7.686033029085936,0.6447539437167653,AGILE
2481.3989740162106,-50.961060622862874,83.59155578810406,0.0,0.0,10.6307769578476,3.9501524345557364,0.7873357741929864,WIDEBAND
2480.107613260784,-48.38210988708115,15.816022199460852,1.2996164686864828,6.202051064017806,5.888644704236528,4.361437918960586,0.4270949274570549,PULSED
2467.3922004465217,-40.779228725590656,75.2485723397216,0.0,0.0,10.721605400479481,9.471148564574474,0.7536018028159721,WIDEBAND
2403.4100219897427,-44.37933581636235,45.10681901058812,0.0,0.0,4.142685384119132,3.80750774501666,0.7557830476546421,WIDEBAND
2426.7610857662175,-41.45872057997963,21.394982628712164,0.4886711227374652,3.8919843290484386,7.094039814110988,6.0588557581862785,0.40355314685611876,PULSED
2427.676494445334,-49.14331752718432,16.790572341804452,0.6839492054204257,7.61663547325184,5.823741457687179,6.73281151191436,0.6129036801808674,PULSED
2439.061025943483,-57.557591146979796,44.31376368148047,0.0,0.0,6.541166324070442,10.762618174844567,0.7809636820044424,WIDEBAND
2476.0147926486434,-37.346223866325325,11.734957622831335,0.30768359768460746,1.0,23.92520643334699,7.958005503922772,0.45966181248295807,AGILE
2467.765867361286,-67.30103260618614,7.902563196139764,0.0,0.0,0.825415783765703,13.716749138313535,0.19731085798427495,STABLE
2441.002971371031,-58.99609488376238,6.898366165332412,0.0,0.0,2.8271177340890503,8.550138522305275,0.18983571927108478,STABLE
2429.6311287871463,-38.082086347874316,27.961201740918654,0.5877433713836225,2.4880584669041705,31.99963405051398,8.888047104904544,0.4613859696560436,AGILE
2435.3187915305853,-49.45497891233888,63.10540536547233,0.0,0.0,8.67825729183331,5.698493055550031,0.853222110179644,WIDEBAND
2434.669576177632,-66.58043834139808,17.024987922548114,1.075541409979885,6.109412321976901,1.560553323800245,6.314857554205669,0.24709075958390828,PULSED
2423.117578137349,-59.4745447374454,47.00098056294303,0.0,0.0,9.196228151764004,2.39937060624901,0.757329165878716,WIDEBAND
2475.685527681497,-40.52586133877128,22.460274468849143,1.1193941303857997,5.514195774791887,6.101825401575994,4.649649851608261,0.5234465568280305,PULSED
2421.513827176486,-30.42129927491471,6.985712477526951,0.9912036529679151,4.130082060297294,33.10175855326962,9.653930788417584,0.6940395053599921,AGILE
2491.964007262629,-39.38444325491402,24.477341835065758,1.0756955618318933,4.816071451445321,0.8546164895903123,4.4659419783151115,0.5676458991379691,PULSED
2482.6242724836156,-54.399690883052806,15.817304924868822,0.21476517436200343,4.507054533236013,18.983377042355034,6.8492827931500235,0.6463798802559461,AGILE
2462.31542825097,-26.61548707834872,13.760806965322747,0.4508484183211702,4.773298427556038,34.35031478646964,4.404709004659498,0.55873368189063,AGILE
2410.9194813578406,-61.67210927228284,58.36104439743555,0.0,0.0,9.58693511369037,10.503145185919957,0.8415757246608728,WIDEBAND
2452.430117578801,-50.35842336017253,30.775008856275647,0.8849963156820564,2.2016104690883456,18.68785219599454,6.530929837127889,0.5161748896316379,AGILE
2447.081678228385,-44.964276729529274,15.086098831695594,0.7343190029890381,2.6542353378913766,22.368141665983977,10.733594500399269,0.48575705107387324,AGILE
2493.6669691865127,-60.57393500278348,6.263613138718441,0.0,0.0,0.19162940123371364,12.79324397164541,0.24499307300640438,STABLE
2493.853443293359,-38.365707931697145,23.57158106865038,0.3335883163858781,2.6091195330943604,26.091935952045805,5.294226451611737,0.5678661982696789,AGILE
2489.519031747596,-37.42949527255562,22.499928390751943,0.3797907505414805,4.205387627533011,32.09701124380454,5.404315247767143,0.5563155368043194,AGILE
2408.2936222868175,-52.82042152451481,7.855175322338913,0.0,0.0,1.0133060032767853,8.190120601400459,0.27037850600280106,STABLE
2457.950064967572,-39.98950668209318,23.291246668119438,0.1,2.6998596259644745,29.554918043214784,5.549258027552714,0.5873065083812232,AGILE
2461.74989318185,-30.892155453520587,20.642767417741656,0.9742296656132404,4.82775146400558,0.2892929828955104,15.492133679920798,0.4047849577415291,PULSED
2448.1847235846817,-32.88985183946346,13.726546745987914,0.9312990271634871,3.349833313070384,41.912285096822025,5.725466463027788,0.5356018050177841,AGILE
2459.614705160002,-41.620182706901176,24.411301587943655,0.8586609183313956,5.186094007884015,19.5992157501127,4.999338908561354,0.5965466427336545,AGILE
2473.2208654129245,-42.836085400804485,20.807550376714275,0.4384546597724319,4.202175966739158,19.608770491445636,6.207661892700624,0.7310329379764742,AGILE
2449.7697129474104,-49.801802590089764,6.378222112382822,0.0,0.0,1.9728852115444453,7.863277198583355,0.16877154882718853,STABLE
2462.6375133589554,-58.918356243946974,51.40147919278103,0.0,0.0,12.485150178166723,7.701374491400635,0.871233523581594,WIDEBAND
2498.914367123857,-50.242952942540285,47.869274343745246,0.0,0.0,4.57158622211711,4.164594149113185,0.6623460682862886,WIDEBAND
2432.540986029768,-45.97923898633382,66.76648110560208,0.0,0.0,3.5708393620726113,11.934178718010545,0.8196560854262519,WIDEBAND
2490.0252210117887,-38.73800306919667,13.479373467201281,0.6205099298461684,4.936039588538119,0.5172858631237092,6.9389571399016425,0.37296688900273417,PULSED
2498.2063115336605,-40.325333158126085,17.412572495690455,0.6092696864055989,3.668912116335477,34.15116136458107,10.880367910852268,0.6135044965431884,AGILE
2442.2482926828784,-27.638905728604268,14.335653083857057,0.5525610535647946,6.468950523002208,1.6082427434569282,9.506815893604418,0.4447482764112339,PULSED
2440.802228625132,-36.11670434170025,87.29799648883898,0.0,0.0,15.615626118139566,7.024105829147393,0.7518137717330721,WIDEBAND
2424.3760529883975,-46.53692234446796,18.142908847747226,0.9368843612199602,6.95216105900762,4.3713070708905395,10.32448456713989,0.3045536493118822,PULSED
2440.261303170345,-53.93445329845845,9.078609105885748,0.0,0.0,0.7663608428313914,18.177082330939818,0.27521936978656775,STABLE
2493.9095612282217,-55.24344689396088,96.04485320327589,0.0,0.0,1.4424604236606307,6.177596922413165,0.8502621668483399,WIDEBAND
2429.655250072161,-45.49612804041116,29.979260677331695,0.7778722067651064,3.4822051767104916,32.85324507695058,5.952936469278574,0.687567835171567,AGILE
2475.1720982795496,-48.80505007591912,81.17274145565507,0.0,0.0,2.8562223371844233,6.171870923625419,0.8762792980418836,WIDEBAND
2453.384001327396,-60.93176289660764,8.900634556087626,0.0,0.0,1.5024868401485094,11.544749895413947,0.23585023826950882,STABLE
2419.9987961717543,-47.210412226136754,12.542352717172097,0.9861503440532189,3.313860149517807,2.142690436155358,11.809860338726622,0.3996500374178202,PULSED
2481.6115601541283,-60.76939234673098,7.700128799064867,0.0,0.0,1.0501052936614472,15.011434633766939,0.36353012982397637,STABLE
2441.3039316808918,-42.06399935551439,28.350102640400678,0.6071832581116045,3.9317996662157477,28.338035774927846,10.036583955324922,0.48548642788764307,AGILE
2464.552824779872,-56.665623571167714,45.1978842417086,0.0,0.0,12.494077122843793,2.354065571143435,0.7752075070319941,WIDEBAND
2421.239081971292,-37.39156899903447,15.418414054232382,0.2932961679791902,3.2264588365831504,22.476554822216972,11.852804406385935,0.5311732624034046,AGILE
2461.5096916120365,-45.31113400383612,57.99905662373167,0.0,0.0,9.610669788723738,3.767797226510628,0.7802800339488223,WIDEBAND
2420.983637706987,-47.84297923312198,22.000017081487233,0.7447386076448507,4.2427284847228,27.372566239791773,12.763055934326168,0.5638097686645395,AGILE
2497.7111920461084,-46.019627512382044,17.70980736047102,0.9559105249029128,4.24587487858144,0.9998614481647925,14.120692427509104,0.4451161611431274,PULSED
2494.136690127025,-61.187212410637514,8.018346496364257,0.0,0.0,1.4069866837517073,19.71914785989909,0.3654697622207544,STABLE
2419.4535683840472,-44.20141092403125,42.96978224949822,0.0,0.0,10.440513503427628,2.2401274849281574,0.7501397008981124,WIDEBAND
2445.35833956823,-44.36272328065875,18.935074770160604,0.7992491950896281,4.404070546750837,16.52073507756534,12.318323538350556,0.5245954580596087,AGILE
2425.0376598989824,-59.6118568297688,7.506228288345434,0.0,0.0,0.4246108823866148,5.367251622014156,0.2853910147789163,STABLE
2414.9740523912083,-60.279815060274615,15.950914219030512,0.4793263705973405,2.639341093445857,21.69459373488236,14.22859392701974,0.5462703547043486,AGILE
2410.340296772255,-62.132578325937104,6.720496934500504,0.0,0.0,0.75873924687558,13.715917095505924,0.16739883114662146,STABLE
2471.7998817143725,-48.49683714155172,63.215427408143434,0.0,0.0,8.707659925235612,7.340109001581465,0.8172521087266683,WIDEBAND
2484.6598216287816,-57.77403823312772,7.948721879304651,0.0,0.0,1.1777736471150082,15.192278273871558,0.23589096120313388,STABLE
2451.2619016467447,-50.26634386226773,16.530665512632062,0.4840624201483696,5.257176183105809,3.7015338296400224,8.516956280814096,0.4660319600384234,PULSED
2408.656480279564,-45.70663325597464,19.307996707606453,0.8374088227132608,5.666635816579542,17.291063481991348,3.90281209035645,0.5648373478439502,AGILE
2472.091819007868,-45.804232645641235,10.742134781537324,0.0,0.0,1.9805961303078063,15.30086299337077,0.3586760608935472,STABLE
2454.6999341402297,-51.088021536274326,15.288042452658551,1.0687100439256518,4.840644256471209,2.6109729938604564,6.756194119901141,0.6214198831958997,PULSED
2449.2345811724867,-32.026080654296464,18.752631549130356,0.49261550452570224,2.9925305993621913,35.036179821013036,13.48233301794496,0.45327605357890466,AGILE
2411.0263288470846,-42.21920504300029,19.294412349738153,0.7018879650445761,2.5585517590690796,26.54127720195395,5.57614229177566,0.5088142083968427,AGILE
2435.14158658957,-51.08051451614324,35.0,0.0,0.0,9.810958753377738,4.079371311167001,0.7134841177246823,WIDEBAND
2475.415233803447,-50.811581157487424,11.762307697013348,0.5976013542611054,5.47080050289723,4.68720452471942,12.16336656265017,0.2731392462414354,PULSED
2449.5314707390025,-33.07314822965563,22.633144677236793,0.5946056458461825,5.0414695416702315,40.41847948532731,10.457667308823812,0.6462220572801958,AGILE
2485.4526868042194,-57.118577988506836,9.602356744563458,0.0,0.0,1.6189825407362184,12.177401572122271,0.23228699757276033,STABLE
2427.003811317705,-36.05563280083253,68.82656698583858,0.0,0.0,4.863511803256918,10.300281929757787,0.8453701995091765,WIDEBAND
2421.571095578978,-52.43000929572604,23.288543519323074,0.8209710869611457,2.9821186371638704,4.7042241334303325,10.325511968055508,0.3800400037992975,PULSED
2434.647865540718,-54.498273535536654,6.88761608230175,0.0,0.0,0.4761272338879836,15.621368535253819,0.3537397204531422,STABLE
2408.0433510193598,-38.70377753049492,55.60988727971715,0.0,0.0,1.728398998513211,4.404852561788617,0.8485366944798616,WIDEBAND
2403.2278552135995,-29.22097579672148,21.444321743478802,0.4802015273960985,2.9869893453458944,19.371987500391057,3.0206080961749335,0.5963086816162269,AGILE
2432.9788458289695,-50.15165286341663,43.2584509752364,0.0,0.0,5.763884084843886,3.3792490828458073,0.7443127637190491,WIDEBAND
2400.5195526973685,-50.785196543873724,56.97925573384685,0.0,0.0,14.12005862164365,9.577533841817143,0.97503572271179,WIDEBAND
2473.572974190142,-35.78085298947456,22.194804398562177,0.6139163508773667,5.687227039458762,22.36520752610708,6.482811401892123,0.6872544284097246,AGILE
2499.6434990564226,-57.50793355410044,17.61970627349278,0.7505815293295245,5.69577181285785,4.0400338043670105,13.10639278705366,0.35035237843509714,PULSED
2414.1638967972904,-56.416780550667916,6.531224485217398,0.0,0.0,1.88807509479769,9.298906473707198,0.24468316328480996,STABLE
2417.033707037759,-42.23178945840601,10.51326625639866,0.9476607699992186,5.7552775346280605,6.49038530753746,14.0132596193668,0.3145951461142713,PULSED
2427.047007938248,-39.19155547351,9.111824062598885,0.0,0.0,1.1289596469188523,11.494973227547208,0.18934786492862096,STABLE
2432.498838554527,-40.41684278897109,21.486797347117896,0.6213456399259536,4.172284057429323,25.29708812301573,14.059849610748344,0.6240681033995353,AGILE
2455.160771581894,-26.695635602895678,14.288494411830715,1.1581358192484572,5.020815221640265,1.5172716328388614,12.990449449069159,0.45019718088797656,PULSED
2472.722599720854,-45.3198193310752,45.096287435116125,0.0,0.0,10.008356122783793,7.227624306198083,0.7419708687830325,WIDEBAND
2434.805887975786,-52.527785000071646,49.8155318078293,0.0,0.0,9.674433278836664,11.019729440862168,0.7876310791304336,WIDEBAND
2410.8717039686358,-36.666327065310504,15.975718338290761,0.8460638056011384,4.061506551597965,2.0168993748506105,17.398566352256076,0.4149941354412697,PULSED
2457.072269291917,-52.78632340346949,21.701421668264576,0.6342584882575617,3.544359432981623,2.944381707280211,11.48372729096333,0.42781173904551845,PULSED
2415.952393389598,-40.75384789708401,13.630205749385588,0.7817857361432637,4.6800981384522355,2.9723730331880533,6.267108947297455,0.5389611678509436,PULSED
2430.5942996430576,-53.97255505239657,5.154742702500501,0.0,0.0,1.2375443012595215,12.640848254239884,0.21937252797829127,STABLE
2448.7271170737304,-46.73966458820067,63.003121085875,0.0,0.0,13.036931627481923,3.6110279704566723,0.8494931610704757,WIDEBAND
2416.3584430066003,-50.19104068999474,47.202308946203644,0.0,0.0,11.92810295760357,4.854125629886248,0.664093618182844,WIDEBAND
